source_excel_row,structure_label,label,Evac,Modification,E_form,E_fermi,E_bg,VBM,CBM,Lix,3OS,3S,3Hdp,3Z,Z_surf,nelect,nelect_no_o,nelect_m_only,wtd_nelect,e_tot,tot_OS,tot_S,tot_Hdp,O_M1,O_M2,O_M3,BL_avg,M1_charge,M2_charge,M3_charge,avg_M_charge,O_charge,sum_qm-qo,total_LCE_charge,Vm,Vo,Vm-o,Eoxm,wtd_Vm,wtd_Vo,M1_chi,M2_chi,M3_chi,sum_chi,avg_chi,M1_bc_full,M1_bc_occ,M1_bc_unocc,M1_band_width,M1_occ_bw,M2_bc_full,M2_bc_occ,M2_bc_unocc,M2_band_width,M2_occ_bw,M3_bc_full,M3_bc_occ,M3_bc_unocc,M3_band_width,M3_occ_bw,O(p)_bc_full,O(p)_bc_occ,O(p)_bc_unocc,O(p)_cbm_diff,O(p)_band_width,O(p)_occ_bw,M1_t2g,M1_eg,M2_t2g,M2_eg,M3_t2g,M3_eg,M1_ion_e,M1_min_pol,M1_pol,M1_max_pol,M2_ion_e,M2_min_pol,M2_pol,M2_max_pol,M3_ion_e,M3_min_pol,M3_pol,M3_max_pol,avg_ion_e,M1_bin_evac,M2_bin_evac,M3_bin_evac,avg_bin_evac,M1_avg_intensity,M2_avg_intensity,M3_avg_intensity,LCE_avg_intensity,avg_val_full,avg_val_occ,avg_val_unocc,avg_band_width,avg_occ_bw,full_bc_diff,occ_bc_diff,M1_std_pot,M2_std_pot,M3_std_pot,avg_std_pot,elec_wtd_bc_occ,elec_wtd_bw_occ,int_wtd_bc_occ,int_wtd_bw_occ
2,Li1.00__P0Co-P1Ni-P2Co-P3Co-P4Co-P5Co__P6Co-P7Co-P8Co,Ni,3.6982645,1-2-3-Ni-Co-Co,-120.4583681,2.70069353,0.2273,2.5904,2.8177,1,6.748545208,0.735814303,1.283721198,82,163,398.000001,182.000001,164.000001,114.8000007,123.5874146,40.41258535,1.635531201,7.778801594,2.109095236,1.967724627,1.940896734,2.005905532,9.265,8.301,8.382,8.649333333,5.006,20.942,30.954,12.93007935,7.496804945,5.433274406,64.72797723,4.31375034,2.493520274,1.53,1.56,1.56,4.65,1.55,-2.15768979,-2.741958237,0.7380656,2.602559928,2.465948935,-1.371318917,-2.293021426,1.189125379,2.913269324,2.882326874,-1.323225126,-2.290305118,1.389822527,3.003194505,2.940100168,-3.398753698,-4.01686309,1.437965615,6.216453698,2.392753578,1.74501878,4.612929134,3.552385874,3.802990675,3.373355873,3.868234112,3.327482167,7.639878,46,49,52,7.88101,51,55,59,7.88101,51,55,59,7.800632667,2.02617786,2.48314856,2.48314856,2.330824993,0.441897753,0.359974157,0.373673258,0.39184839,-1.617411278,-2.441761594,1.105671169,2.839674586,2.762791992,1.78134242,1.575101495,-0.257,-0.28,-0.28,-0.272333333,-2.454820195,2.749944745,-2.460917277,2.744171281
3,Li1.00__P0Co-P1Co-P2Ni-P3Co-P4Co-P5Co__P6Co-P7Co-P8Co,Ni,3.72233095,1-2-3-Co-Ni-Co,-120.5094632,2.68025568,0.1691,2.6034,2.7725,1,6.710100282,0.771519055,1.24372828,82,163,398.0000025,182.0000025,164.0000025,114.8000018,123.9720526,40.02794741,1.647621337,7.423496305,1.948029894,2.113460278,1.948983383,2.003491185,8.354,9.232,8.371,8.652333333,5.005,20.952,30.962,12.95168679,7.505422176,5.446264619,64.82319241,4.31924995,2.496510258,1.56,1.53,1.56,4.65,1.55,-1.372076202,-2.322104627,1.286034002,2.967766175,2.914537028,-2.13994712,-2.717059517,0.693559455,2.579338239,2.451970256,-1.322419661,-2.285843781,1.374654775,2.990183313,2.928015948,-3.420590542,-4.051281107,1.436356097,6.193090542,2.407690498,1.744910024,3.839006317,3.349917928,4.505687499,3.647721817,3.877691239,3.313013923,7.88101,51,55,59,7.639878,46,49,52,7.88101,51,55,59,7.800632667,2.48314856,2.02617786,2.48314856,2.330824993,0.371534157,0.441000449,0.373613708,0.395382772,-1.611480994,-2.441669308,1.118082744,2.845762576,2.764841077,1.809109548,1.609611798,-0.28,-0.257,-0.28,-0.272333333,-2.452576498,2.752444087,-2.457524231,2.746804003
4,Li1.00__P0Co-P1Co-P2Co-P3Ni-P4Co-P5Co__P6Co-P7Co-P8Co,Ni,3.37299,1-2-3-Co-Co-Ni,-120.2957726,2.82160331,0.2649,2.6875,2.9524,1,7.050694071,0.670040899,1.587583907,82,163,398.000002,182.000002,164.000002,114.8000014,122.2043698,41.7956302,1.426363204,9.219306915,1.948560303,1.975163266,2.114534837,2.012752802,8.365,8.309,9.302,8.658666667,4.999,20.977,30.975,12.89873018,7.460527207,5.438202978,64.48075219,4.304070226,2.481441805,1.56,1.56,1.53,4.65,1.55,-1.515325987,-2.46772237,1.159277627,2.979837023,2.925596876,-1.54433395,-2.473592276,1.035388223,2.919761991,2.882462791,-2.27579518,-2.872710501,0.678126617,2.641783464,2.498928954,-3.495216667,-4.100915648,1.251025744,6.447616667,2.380653245,1.762153552,3.849008727,3.34697734,3.778585344,3.396159067,4.637447937,3.530065755,7.88101,51,55,59,7.88101,51,55,59,7.639878,46,49,52,7.800632667,2.48314856,2.48314856,2.02617786,2.330824993,0.370207207,0.365468468,0.455327477,0.397001051,-1.778485039,-2.604675049,0.957597489,2.847127493,2.768996207,1.716731628,1.496240599,-0.28,-0.28,-0.257,-0.272333333,-2.61653989,2.757078943,-2.624352929,2.749243206
5,Li1.00__P0Co-P1Mn-P2Co-P3Co-P4Co-P5Co__P6Co-P7Co-P8Co,Mn,3.60891745,1-2-3-Mn-Co-Co,-124.0608096,3.26643164,0,3.26643164,3.26643164,1,8.1832489,1.895757727,2.320665135,79,160,392.0000006,176.0000006,158.0000006,110.6000004,112.1178791,45.8821209,4.555267042,12.77772037,1.976370671,1.992663253,1.963091628,1.977375184,5.829,8.296,8.369,7.498,5.017,17.477,27.511,11.37579136,7.611890095,3.763901266,57.07234526,3.923107793,2.53718676,1.89,1.56,1.56,5.01,1.67,-1.444214121,-3.791785527,1.016873957,3.368774352,3.229988179,-1.992753715,-2.892501946,0.50420403,2.880050022,2.863503374,-1.984221134,-2.932398602,0.677502937,2.976602573,2.926374618,-4.4748942,-5.25687853,1.073866902,7.74132584,2.639139033,1.691508135,2.763445165,2.02337138,3.793812143,3.371139975,3.847585734,3.340990759,7.434038,59,68,77,7.88101,51,55,59,7.88101,51,55,59,7.732019333,3.28671184,2.48314856,2.48314856,2.751002987,0.336547317,0.348641463,0.365493902,0.350227561,-1.80706299,-3.205562025,0.732860308,3.075142316,3.006622057,2.66783121,2.051316505,-1.185,-0.28,-0.28,-0.581666667,-3.114514753,2.972025967,-3.194432744,3.002763815
6,Li1.00__P0Co-P1Co-P2Mn-P3Co-P4Co-P5Co__P6Co-P7Co-P8Co,Mn,3.79615905,1-2-3-Co-Mn-Co,-124.2030957,3.2338116,0,3.2338116,3.2338116,1,8.803469396,2.173525905,2.68825305,79,160,392.0000007,176.0000007,158.0000007,110.6000005,109.8487412,48.15125885,5.272295397,15.13840153,1.989122265,1.980109326,1.955406101,1.97487923,8.34,5.791,8.361,7.497333333,5.017,17.475,27.509,11.39322825,7.621623945,3.771604303,57.15982612,3.971240659,2.541986644,1.56,1.89,1.56,5.01,1.67,-2.078205453,-3.003430424,0.5290358,2.935876042,2.894025721,-1.596039102,-4.597932986,1.19056082,3.60287784,2.970681752,-2.066460247,-3.00246589,0.567919945,2.933849849,2.878440711,-4.367962107,-5.164391924,1.074083235,7.601773707,2.654388075,1.696472706,3.834277345,3.360412273,2.526106763,1.971270745,3.846426184,3.345431068,7.88101,51,55,59,7.434038,59,68,77,7.88101,51,55,59,7.732019333,2.48314856,3.28671184,2.48314856,2.751002987,0.363367413,0.391415672,0.370810199,0.375197761,-1.913568267,-3.534609767,0.762505522,3.157534577,2.914382728,2.45439384,1.629782158,-0.28,-1.185,-0.28,-0.581666667,-3.323525653,2.90317555,-3.557587633,2.915547963
7,Li1.00__P0Co-P1Co-P2Co-P3Mn-P4Co-P5Co__P6Co-P7Co-P8Co,Mn,3.59580305,1-2-3-Co-Co-Mn,-124.1153963,3.27886327,0,3.27886327,3.27886327,1,7.553875274,1.846705447,2.827273633,79,160,392.000002,176.000002,158.000002,110.6000014,112.1576369,45.84236308,6.634767334,12.32582055,1.985840223,1.997134317,1.95598778,1.979654106,8.342,8.274,5.839,7.485,5.015,17.44,27.47,11.32886942,7.600399359,3.728470063,56.81428015,3.905929218,2.528217886,1.56,1.56,1.89,5.01,1.67,-2.075468074,-2.986258774,0.561564609,2.940463254,2.893847679,-2.344263688,-2.950744013,0.358911972,2.807813741,2.762653711,-1.781610896,-4.070444769,0.919390493,3.463344263,3.21440515,-4.716823316,-5.393002621,0.953919799,7.995686586,2.623598161,1.819599646,3.876185479,3.367220839,4.356929924,3.612741039,2.858962555,2.206987034,7.88101,51,55,59,7.88101,51,55,59,7.434038,59,68,77,7.732019333,2.48314856,2.48314856,3.28671184,2.751002987,0.366966042,0.371125995,0.378598829,0.372230289,-2.067114219,-3.335815852,0.613289025,3.070540419,2.956968847,2.649709097,2.05718677,-0.28,-0.28,-1.185,-0.581666667,-3.214037417,2.912439838,-3.342034136,2.958926738
8,Li1.00__P0Co-P1Fe-P2Co-P3Co-P4Co-P5Co__P6Co-P7Co-P8Co,Fe,3.9275832,1-2-3-Fe-Co-Co,-122.2493076,3.02449529,0.2157,2.9146,3.1303,1,7.2069786,0.8784497,1.777705461,80,161,394.0000016,178.0000016,160.0000016,112.0000011,116.8718164,43.12818361,1.801307858,10.66195339,1.975826286,1.97259651,1.951154702,1.966525833,7.352,8.311,8.378,8.013666667,5.015,19.026,29.056,12.2280711,7.650785892,4.577285205,61.32377655,4.095534898,2.550971247,1.61,1.56,1.56,4.73,1.576666667,-1.26202324,-2.670459882,1.220695545,3.194172772,3.207823669,-1.673501398,-2.582841386,0.878174566,2.916799133,2.893049454,-1.638766076,-2.585869824,1.044232728,2.987946219,2.935140933,-4.078079482,-4.808947616,1.232152551,7.208379482,2.551638778,1.718186193,3.675535447,2.494850108,3.818966645,3.373223082,3.85660239,3.352742592,7.9024681,58,62,66,7.88101,51,55,59,7.88101,51,55,59,7.8881627,3.778409415,2.48314856,2.48314856,2.914902178,0.340913453,0.353069507,0.365520404,0.353167788,-1.524763572,-2.613057031,1.047700946,3.032972708,3.012004685,2.55331591,2.195890585,-0.447,-0.28,-0.28,-0.335666667,-2.6099314,3.001399243,-2.612078933,3.008854711
9,Li1.00__P0Co-P1Co-P2Fe-P3Co-P4Co-P5Co__P6Co-P7Co-P8Co,Fe,3.96374375,1-2-3-Co-Fe-Co,-122.3648591,3.0066655,0.228,2.8893,3.1173,1,7.17717578,0.869540855,1.751433317,80,161,394.0000035,178.0000035,160.0000035,112.0000025,117.0237959,42.97620408,1.773279187,10.51303838,1.962604124,1.984866575,1.95227403,1.966581577,8.356,7.301,8.371,8.009333333,5.014,19.014,29.042,12.22376157,7.649170285,4.57459129,61.28994054,4.097266426,2.551081855,1.56,1.61,1.56,4.73,1.576666667,-1.648098756,-2.576949728,0.982430193,2.957063745,2.915487474,-1.247771867,-2.627911967,1.166400078,3.141888073,3.175264936,-1.630091457,-2.569530007,1.036512654,2.977097907,2.92725382,-4.089056195,-4.823231737,1.225956962,7.206356195,2.552182934,1.712927537,3.838104379,3.368896019,3.658212945,2.497043837,3.855892883,3.35595402,7.88101,51,55,59,7.9024681,58,62,66,7.88101,51,55,59,7.8881627,2.48314856,3.778409415,2.48314856,2.914902178,0.360383857,0.332613453,0.363877578,0.352291629,-1.508654027,-2.5914639,1.061780975,3.025349909,3.006002077,2.580402169,2.231767836,-0.28,-0.447,-0.28,-0.335666667,-2.589374985,2.996329608,-2.590433685,3.001294213
10,Li1.00__P0Co-P1Co-P2Co-P3Fe-P4Co-P5Co__P6Co-P7Co-P8Co,Fe,3.91703055,1-2-3-Co-Co-Fe,-122.227293,3.02914543,0.2251,2.9102,3.1353,1,7.201356559,0.925617447,1.772990649,80,161,394.0000011,178.0000011,160.0000011,112.0000008,116.9014184,43.09858158,1.905109187,10.6171924,1.964451282,1.976535353,1.960430908,1.967139181,8.354,8.305,7.376,8.011666667,5.013,19.022,29.048,12.21682198,7.645204693,4.571617284,61.24292857,4.088851828,2.547947181,1.56,1.56,1.61,4.73,1.576666667,-1.679698424,-2.60752271,0.947516305,2.954479493,2.913276129,-1.667061451,-2.567757316,0.867492376,2.906030785,2.885703188,-1.265056081,-2.705033673,1.269443633,3.229249019,3.224085209,-4.085849173,-4.819153566,1.23718361,7.221149173,2.558423839,1.720394918,3.841670293,3.365041894,3.8227798,3.372600901,3.697487677,2.471114655,7.88101,51,55,59,7.88101,51,55,59,7.9024681,58,62,66,7.8881627,2.48314856,2.48314856,3.778409415,2.914902178,0.360835874,0.350842152,0.348576233,0.353418087,-1.537271985,-2.626771233,1.028150771,3.029919766,3.007688176,2.548577188,2.192382333,-0.28,-0.28,-0.447,-0.335666667,-2.622616345,2.996148836,-2.626422543,3.006335796
11,Li1.00__P0Co-P1Al-P2Co-P3Co-P4Co-P5Co__P6Co-P7Co-P8Co,Al,4.4349599,1-2-3-Al-Co-Co,-131.5533898,2.92718471,0.9153,2.6952,3.6105,1,6.944954336,1.03E-08,1.011771807,67,148,384.0000022,168.0000022,150.0000022,105.0000015,108.8132604,41.2,0.0000024,7.734267786,1.942194984,1.990056851,1.954326234,1.96219269,0.721,8.312,8.382,5.805,5.046,12.369,22.461,8.836940722,7.715661319,1.121279403,44.59120288,4.051939714,2.560769989,1.83,1.56,1.56,4.95,1.65,-6.61285205,-7.002788527,3.528748155,5.554150495,5.267113534,-1.504062373,-2.415414309,1.053418406,2.913537133,2.883029883,-1.440042118,-2.395255921,1.259350506,2.995578095,2.935410721,-3.919154175,-4.550561345,1.782985145,7.529654175,2.527980814,1.702547606,0,0,3.808931074,3.38500834,3.863917619,3.345856559,5.985769,56.8,57.8,58.8,7.88101,51,55,59,7.88101,51,55,59,7.249263,6.91638435,2.48314856,2.48314856,3.960893823,0.037158242,0.357948655,0.370270905,0.255125934,-3.18565218,-3.937819586,1.947172356,3.821088574,3.695184713,0.733501994,0.612741759,-1.676,-0.28,-0.28,-0.745333333,-2.621066919,3.020052047,-2.628374099,3.024115053
12,Li1.00__P0Co-P1Co-P2Al-P3Co-P4Co-P5Co__P6Co-P7Co-P8Co,Al,4.68206415,1-2-3-Co-Al-Co,-131.9706099,2.94923642,0.9279,2.7169,3.6448,1,6.924201008,0.000000113,0.989850073,67,148,384.0000014,168.0000014,150.0000014,105.000001,108.5888865,41.4,0.00000046,7.948103455,1.982504187,1.952076701,1.957951594,1.964177494,8.356,0.703,8.374,5.811,5.045,12.388,22.478,8.851919402,7.705860958,1.146058444,44.65793338,4.067743955,2.561858653,1.56,1.83,1.56,4.95,1.65,-1.497382495,-2.428599521,1.138086697,2.954407922,2.905944642,-6.725503298,-7.123641401,3.534961011,5.471501337,5.163585998,-1.443476104,-2.386540248,1.231946951,2.973832186,2.915872711,-3.957152334,-4.597458222,1.823318777,7.601952334,2.542522549,1.688446569,3.832238814,3.37698048,0,0,3.835598887,3.375891746,7.88101,51,55,59,5.985769,56.8,57.8,58.8,7.88101,51,55,59,7.249263,2.48314856,6.91638435,2.48314856,3.960893823,0.363242543,0.037244037,0.372191687,0.257559422,-3.222120633,-3.979593723,1.968331553,3.799913815,3.661801117,0.735031702,0.617864499,-0.28,-1.676,-0.28,-0.745333333,-2.623844415,3.014265154,-2.63464673,3.01954797
13,Li1.00__P0Co-P1Co-P2Co-P3Al-P4Co-P5Co__P6Co-P7Co-P8Co,Al,4.29009665,1-2-3-Co-Co-Al,-131.3176403,2.8951796,0.9298,2.6702,3.6,1,6.923336418,0.00000117,0.980662172,67,148,384.0000024,168.0000024,150.0000024,105.0000017,108.7677664,41.2,0.0000188,7.743964451,1.976243918,1.988528454,1.946275915,1.970349429,8.354,8.291,0.729,5.791333333,5.044,12.33,22.418,8.77118729,7.680481692,1.090705597,44.24186869,4.017376032,2.546686177,1.56,1.56,1.83,4.95,1.65,-1.448944758,-2.385168106,1.192898993,2.960340612,2.911420022,-1.462585118,-2.361931145,1.0590992,2.879072426,2.850686282,-6.519934389,-6.871108599,3.371209099,5.563068323,5.317792946,-3.774811528,-4.357047654,1.796422828,7.374811528,2.47080278,1.715477286,3.851536822,3.354138544,3.79042659,3.39688651,0,0,7.88101,51,55,59,7.88101,51,55,59,5.985769,56.8,57.8,58.8,7.249263,2.48314856,2.48314856,6.91638435,3.960893823,0.364688235,0.361938971,0.036577574,0.254401593,-3.143821422,-3.87273595,1.874402431,3.80082712,3.69329975,0.630990106,0.484311704,-0.28,-0.28,-1.676,-0.745333333,-2.586485132,2.996480312,-2.589142793,2.99794644
14,Li1.00__P0Co-P1Ni-P2Ni-P3Co-P4Co-P5Co__P6Co-P7Co-P8Co,Ni,3.00845645,1-2-3-Ni-Ni-Co,-118.4615753,2.69164749,0,2.69164749,2.69164749,1,6.955754767,1.225753428,1.305447611,83,164,399.9999974,183.9999974,165.9999974,116.1999982,123.9707585,42.02924147,2.963621667,9.26062812,2.129892786,1.967314769,1.940819986,2.012675847,9.26,9.194,8.358,8.937333333,5,21.812,31.812,13.32743906,7.465302022,5.862137041,66.63719531,4.449275864,2.485740651,1.53,1.53,1.56,4.62,1.54,-2.049613239,-2.704351241,0.766848887,2.691406671,2.489305564,-2.027098496,-2.623007701,0.857405259,2.625394105,2.410261177,-1.361461422,-2.373977509,1.400148366,3.045573273,2.904637479,-2.606414017,-4.04577364,3.887933936,5.298061507,3.74925488,1.729456803,4.480866399,3.516330803,4.621504264,3.547290141,3.874261778,3.306972442,7.639878,46,49,52,7.639878,46,49,52,7.88101,51,55,59,7.720255333,2.02617786,2.02617786,2.48314856,2.178501427,0.428175429,0.421696286,0.371922286,0.407264667,-1.812724386,-2.56711215,1.008134171,2.787458016,2.601401407,0.793689631,1.478661489,-0.257,-0.257,-0.28,-0.264666667,-2.574570207,2.588773926,-2.575707933,2.588453596
15,Li1.00__P0Co-P1Ni-P2Co-P3Ni-P4Co-P5Co__P6Co-P7Co-P8Co,Ni,2.89810515,1-2-3-Ni-Co-Ni,-118.3028862,2.6909335,0,2.6909335,2.6909335,1,6.977573713,1.404563119,1.425889129,83,164,400.0000011,184.0000011,166.0000011,116.2000008,124.8697304,41.13026964,2.884812058,8.249235624,2.101156234,1.969543595,1.944570207,2.005090012,9.207,8.305,9.311,8.941,4.998,21.825,31.821,13.38679066,7.486567838,5.900222824,66.90717973,4.47156343,2.491770283,1.53,1.56,1.53,4.62,1.54,-1.849380634,-2.47264759,1.187716196,2.59697265,2.339885026,-1.497689463,-2.500295727,1.197595798,3.015799852,2.889255926,-2.417995854,-3.101966333,0.72643782,2.774396783,2.530202563,-2.782113844,-4.154423318,3.708617683,5.473047344,3.691430589,1.759557862,4.608502161,3.554245777,3.798898218,3.359255982,4.501389539,3.625864283,7.639878,46,49,52,7.88101,51,55,59,7.639878,46,49,52,7.720255333,2.02617786,2.48314856,2.02617786,2.178501427,0.399411142,0.376195543,0.50057883,0.425395172,-1.92168865,-2.69163655,1.037249938,2.795723095,2.586447838,0.860425193,1.462786768,-0.257,-0.28,-0.257,-0.264666667,-2.696034179,2.571274275,-2.727645584,2.576480576
16,Li1.00__P0Co-P1Co-P2Ni-P3Ni-P4Co-P5Co__P6Co-P7Co-P8Co,Ni,2.9901089,1-2-3-Co-Ni-Ni,-118.4017865,2.75749064,0.1122,2.7026,2.8148,1,7.039072203,1.462749127,1.445167945,83,164,400.0000025,184.0000025,166.0000025,116.2000018,124.2247913,41.77520874,3.080895151,8.936147927,1.967985896,2.06819795,1.939989155,1.992057667,8.339,9.102,9.352,8.931,4.999,21.794,31.792,13.45890532,7.534059057,5.924846268,67.28106772,4.490423387,2.508558576,1.56,1.53,1.53,4.62,1.54,-1.402789466,-2.399222041,1.324434009,3.025387031,2.889008801,-1.459983285,-2.08640806,1.610845774,2.531588701,2.246935775,-2.71552589,-3.463025781,0.537472732,2.845448685,2.559548604,-2.837228346,-4.257975458,3.720722432,5.652028346,3.758860971,1.762416103,3.843111258,3.345158748,4.61096193,3.539888339,4.484854106,3.583095864,7.88101,51,55,59,7.639878,46,49,52,7.639878,46,49,52,7.720255333,2.48314856,2.02617786,2.02617786,2.178501427,0.368099157,0.346311798,0.559438764,0.424616573,-1.85943288,-2.64955196,1.157584172,2.800808139,2.565164393,0.977795465,1.608423498,-0.28,-0.257,-0.257,-0.264666667,-2.640775633,2.548183413,-2.781372203,2.56976371
17,Li1.00__P0Co-P1Mn-P2Mn-P3Co-P4Co-P5Co__P6Co-P7Co-P8Co,Mn,3.88876275,1-2-3-Mn-Mn-Co,-126.2328413,3.34865915,0,3.34865915,3.34865915,1,8.534305776,3.615139134,2.464123598,77,158,388.0000019,172.0000019,154.0000019,107.8000013,106.7176148,47.28238523,7.918556676,13.48103823,1.994605523,2.004472281,1.976264912,1.991780905,5.828,5.787,8.348,6.654333333,5.021,14.942,24.984,10.03305522,7.562839717,2.470215507,50.37597028,3.493744344,2.524328976,1.89,1.89,1.56,5.34,1.78,-1.375726556,-3.631598202,1.088276853,3.32823469,3.188252417,-1.36780786,-3.590262677,1.022530154,3.271455736,3.169516908,-2.021010105,-2.939985639,0.572700739,2.933614373,2.898340065,-4.575148863,-5.343591899,1.030017623,7.923808013,2.603079169,1.657519952,2.768007469,2.118422978,2.720546933,2.132452978,3.842065247,3.347868078,7.434038,59,68,77,7.434038,59,68,77,7.88101,51,55,59,7.583028667,3.28671184,3.28671184,2.48314856,3.018857413,0.327694344,0.317588462,0.36004638,0.335109729,-1.588181507,-3.387282173,0.894502582,3.177768266,3.085369797,2.986967356,1.956309726,-1.185,-1.185,-0.28,-0.883333333,-3.311506084,3.053689784,-3.370847505,3.078505206
18,Li1.00__P0Co-P1Mn-P2Co-P3Mn-P4Co-P5Co__P6Co-P7Co-P8Co,Mn,3.6393505,1-2-3-Mn-Co-Mn,-126.0331157,2.8173321,0,2.8173321,2.8173321,1,8.535069202,5.478246424,2.023532128,77,158,388.0000015,172.0000015,154.0000015,107.8000011,106.0491383,47.95086174,11.68142887,13.44561783,1.959964398,2.184976881,1.980347485,2.041762921,5.79,8.202,5.816,6.602666667,5.018,14.79,24.826,9.64480908,7.390741133,2.254067947,48.39765196,3.31305363,2.433405078,1.89,1.56,1.89,5.34,1.78,-1.43941026,-3.67451386,0.999260103,3.289892618,3.160963899,-1.248980269,-2.163982879,1.123690082,2.750361233,2.71473557,-1.412511578,-4.041874754,1.168109477,3.445882192,3.118828346,-4.127073121,-4.859882497,1.415718335,6.944405221,2.568212786,1.667462597,2.732512323,2.157205522,3.780160062,3.176189656,2.636185469,2.01051712,7.434038,59,68,77,7.88101,51,55,59,7.434038,59,68,77,7.583028667,3.28671184,2.48314856,3.28671184,3.018857413,0.346514217,0.293634458,0.376728193,0.338958956,-1.366967369,-3.293457164,1.097019887,3.162045348,2.998175938,2.760105752,1.566425333,-1.185,-0.28,-1.185,-0.883333333,-3.085777777,2.946940459,-3.374429602,3.016500327
19,Li1.00__P0Co-P1Co-P2Mn-P3Mn-P4Co-P5Co__P6Co-P7Co-P8Co,Mn,3.79693185,1-2-3-Co-Mn-Mn,-126.2963241,2.42965349,0,2.42965349,2.42965349,1,8.378580273,3.833784196,1.53948008,77,158,388.0000053,172.0000053,154.0000053,107.8000037,109.5053521,44.49464789,9.437821554,10.63110813,2.0101506,2.187170656,1.94136575,2.046229002,8.308,5.637,5.827,6.590666667,5.016,14.756,24.788,9.711821193,7.372457345,2.339363848,48.71449511,3.423164919,2.482000409,1.56,1.89,1.89,5.34,1.78,-1.80242829,-2.71741998,0.831075349,2.909800531,2.845546315,-0.102246673,-3.24180276,3.685438255,4.203983386,2.97919164,-1.293830488,-3.134524274,1.281155537,3.275797241,3.14134674,-3.742464199,-4.37629727,1.653352935,6.172117689,2.479274494,1.68986275,3.895424257,3.342395212,1.80705767,1.624453041,3.11871071,2.369787934,7.88101,51,55,59,7.434038,59,68,77,7.434038,59,68,77,7.583028667,2.48314856,3.28671184,3.28671184,3.018857413,0.400504808,0.313995673,0.398348317,0.370949599,-1.066168483,-3.031249005,1.93255638,3.463193719,2.988694898,2.676295716,1.345048265,-0.28,-1.185,-1.185,-0.883333333,-2.968662371,2.973432381,-3.014681134,2.989137839
20,Li1.00__P0Co-P1Fe-P2Fe-P3Co-P4Co-P5Co__P6Co-P7Co-P8Co,Fe,4.0722683,1-2-3-Fe-Fe-Co,-122.3827225,2.94475282,0.1168,2.8815,2.9983,1,7.217084582,1.825220852,1.756632853,79,160,392.0000012,176.0000012,158.0000012,110.6000008,115.0858384,42.91416163,3.802892574,10.41606226,1.96564047,1.977939096,1.965679891,1.969753153,7.344,7.296,8.38,7.673333333,5.017,18.003,28.037,11.68803069,7.64112482,4.046905873,58.63884999,3.918541327,2.547380435,1.61,1.61,1.56,4.78,1.593333333,-1.295967886,-2.695089633,1.16865333,3.166898224,3.177996106,-1.293170212,-2.664000248,1.104345457,3.114260212,3.144182165,-1.587623356,-2.529087339,1.08798711,2.995202396,2.948588785,-4.172254164,-4.930833295,1.26500199,7.170554164,2.585979408,1.69445208,3.448306225,2.719905346,3.424491339,2.729333657,3.850861507,3.36441704,7.9024681,58,62,66,7.9024681,58,62,66,7.88101,51,55,59,7.8953154,3.778409415,3.778409415,2.48314856,3.346655797,0.342167946,0.333394808,0.3640386,0.346533785,-1.392253818,-2.629392407,1.120328633,3.092120277,3.090255685,2.780000346,2.301440888,-0.447,-0.447,-0.28,-0.391333333,-2.623194643,3.081494094,-2.626990181,3.08682028
21,Li1.00__P0Co-P1Fe-P2Co-P3Fe-P4Co-P5Co__P6Co-P7Co-P8Co,Fe,4.0083571,1-2-3-Fe-Co-Fe,-122.174384,2.94409423,0.2588,2.8144,3.0732,1,7.205523859,1.582210298,1.751063945,79,160,392.0000027,176.0000027,158.0000027,110.6000019,114.9288491,43.07115086,3.300115319,10.54716511,1.967132997,1.99429096,1.962323586,1.974582514,7.349,8.309,7.369,7.675666667,5.017,18.01,28.044,11.6575289,7.622756211,4.034772685,58.48582247,3.901643926,2.537480867,1.61,1.56,1.61,4.78,1.593333333,-1.252037437,-2.641282679,1.202361593,3.169834948,3.190043151,-1.640220572,-2.542238703,0.900720328,2.916439847,2.896901445,-1.259435658,-2.680116148,1.245740963,3.205358036,3.207874938,-4.09631807,-4.845023244,1.330653755,7.16951807,2.585222079,1.711538006,3.657630829,2.516954793,3.819930419,3.378592959,3.688347995,2.484388109,7.9024681,58,62,66,7.88101,51,55,59,7.9024681,58,62,66,7.8953154,3.778409415,2.48314856,3.778409415,3.346655797,0.339812698,0.352348073,0.347140136,0.346433636,-1.383897889,-2.62121251,1.116274295,3.097210943,3.098273178,2.712420181,2.223810734,-0.447,-0.28,-0.447,-0.391333333,-2.616793623,3.086992414,-2.62067527,3.096617094
22,Li1.00__P0Co-P1Co-P2Fe-P3Fe-P4Co-P5Co__P6Co-P7Co-P8Co,Fe,4.08832695,1-2-3-Co-Fe-Fe,-122.4394211,2.92821584,0.1977,2.8316,3.0293,1,7.189015102,1.552460494,1.730492669,79,160,392.0000013,176.0000013,158.0000013,110.6000009,115.1229163,42.87708365,3.445805802,10.35729719,1.969020384,1.99608079,1.973680901,1.979594025,8.352,7.289,7.348,7.663,5.013,17.976,28.002,11.61635188,7.597281714,4.019070167,58.23277198,3.893968886,2.533758088,1.56,1.61,1.61,4.78,1.593333333,-1.642729666,-2.567259636,0.977865932,2.951225987,2.911473045,-1.278160614,-2.63270903,1.097499768,3.108904591,3.150488594,-1.277099605,-2.678801624,1.200548511,3.178850978,3.186567909,-4.072439161,-4.81995391,1.309472934,7.101739161,2.557117707,1.678487481,3.843916689,3.364550342,3.579503454,2.580568045,3.679869482,2.497542461,7.88101,51,55,59,7.9024681,58,62,66,7.9024681,58,62,66,7.8953154,2.48314856,3.778409415,3.778409415,3.346655797,0.360768326,0.333241403,0.346144796,0.346718175,-1.399329962,-2.626256763,1.091971404,3.079660519,3.082843182,2.673109199,2.193697147,-0.28,-0.447,-0.447,-0.391333333,-2.622864336,3.07286709,-2.625347281,3.079594731
23,Li1.00__P0Co-P1Al-P2Al-P3Co-P4Co-P5Co__P6Co-P7Co-P8Co,Al,5.3402674,1-2-3-Al-Al-Co,-141.0568969,2.99902898,0.9382,2.7609,3.6991,1,6.95,0.00000816,0.469813247,53,134,372.0000022,156.0000022,138.0000022,96.60000154,96.70917477,41.29082523,0.00045783,6.737585617,1.971683072,1.975063014,1.964019548,1.970255211,0.721,0.704,8.371,3.265333333,5.075,4.721,14.871,4.984299292,7.727467851,-2.74316856,25.2953189,3.629483386,2.582004109,1.83,1.83,1.56,5.22,1.74,-5.668309025,-7.051351844,5.914113957,6.406040288,5.245958096,-5.663278018,-7.166527564,6.002211761,6.436550079,5.144822505,-1.462090996,-2.409574109,1.221987408,2.974416941,2.903862055,-3.912713578,-4.537167752,3.048536406,7.611813578,2.712945247,1.665897992,0,0,0,0,3.846400515,3.366019657,5.985769,56.8,57.8,58.8,5.985769,56.8,57.8,58.8,7.88101,51,55,59,6.617516,6.91638435,6.91638435,2.48314856,5.438639087,0.037478161,0.037621264,0.374661224,0.149920217,-4.264559346,-5.542484506,4.379437709,5.27233577,4.431547552,-0.351845768,-1.005316753,-1.676,-1.676,-0.28,-1.210666667,-3.171643247,3.275597987,-3.194275697,3.286477159
24,Li1.00__P0Co-P1Al-P2Co-P3Al-P4Co-P5Co__P6Co-P7Co-P8Co,Al,5.01521805,1-2-3-Al-Co-Al,-140.4010574,3.0174444,0,3.0174444,3.0174444,1,6.821961029,0.307622738,0.667154898,53,134,372.0000028,156.0000028,138.0000028,96.60000196,96.42293881,41.57706119,0.78362414,6.817513035,1.949435345,2.003126967,1.951227577,1.967929963,0.718,8.293,0.729,3.246666667,5.079,4.661,14.819,4.88194987,7.743882286,-2.861932416,24.79542339,3.529127573,2.546659497,1.83,1.56,1.83,5.22,1.74,-5.135692781,-6.923590868,6.497276182,6.710281384,5.240596867,-1.767155642,-2.630863022,1.135195706,2.94765158,2.80243199,-5.185837971,-6.877976937,6.441605922,6.681492913,5.300240197,-3.763114465,-4.355291378,3.412443838,6.780558865,2.741569446,1.718311883,0,0,4.041155678,3.477872059,0,0,5.985769,56.8,57.8,58.8,7.88101,51,55,59,5.985769,56.8,57.8,58.8,6.617516,6.91638435,2.48314856,6.91638435,5.438639087,0.036308284,0.399436053,0.035713807,0.157152714,-4.029562131,-5.477476942,4.69135927,5.446475292,4.447756352,-0.266447666,-1.122185564,-1.676,-0.28,-1.676,-1.210666667,-3.322922097,3.202481788,-3.283184318,3.179415239
25,Li1.00__P0Co-P1Co-P2Al-P3Al-P4Co-P5Co__P6Co-P7Co-P8Co,Al,5.51076045,1-2-3-Co-Al-Al,-140.8986376,2.98140749,0.9191,2.7578,3.6769,1,7.02,0.00000378,0.535318802,53,134,372.0000017,156.0000017,138.0000017,96.60000119,96.25724678,41.74275322,0.000511581,7.158447132,1.99800065,1.954196507,1.957617092,1.969938083,8.35,0.697,0.727,3.258,5.08,4.694,14.854,4.907216015,7.737067227,-2.829851212,24.92865736,3.555008602,2.551487601,1.56,1.83,1.83,5.22,1.74,-1.515927743,-2.451334553,1.125520197,2.951211248,2.890844481,-5.376250499,-7.083568755,6.258751603,6.543058101,5.089869134,-5.490976546,-6.93143984,6.105869972,6.45667884,5.261219614,-3.842411466,-4.407065537,3.174757972,7.519311466,2.654261205,1.682481716,3.844000129,3.363580345,0,0,0,0,7.88101,51,55,59,5.985769,56.8,57.8,58.8,5.985769,56.8,57.8,58.8,6.617516,2.48314856,6.91638435,6.91638435,5.438639087,0.367705115,0.037556897,0.03697682,0.147412944,-4.127718263,-5.488781049,4.496713924,5.31698273,4.413977743,-0.285306797,-1.081715512,-0.28,-1.676,-1.676,-1.210666667,-3.196529627,3.264901821,-3.219318644,3.275789139
26,Li1.00__P0Co-P1Ni-P2Ni-P3Ni-P4Co-P5Co__P6Co-P7Co-P8Co,Ni,2.65528045,1-2-3-Ni-Ni-Ni,-116.4208079,2.54772089,0,2.54772089,2.54772089,1,6.83471932,2.012517905,1.170725132,84,165,402.0000016,186.0000016,168.0000016,117.6000011,127.6607307,40.33926926,4.439993487,7.073010411,2.129548545,2.052797512,1.92427253,2.035539529,9.234,9.09,9.342,9.222,4.993,22.673,32.659,13.61905557,7.371665761,6.247389807,67.99994445,4.535074928,2.455598294,1.53,1.53,1.53,4.59,1.53,-2.068919508,-2.718339484,0.976228049,2.67108012,2.416045443,-1.534822562,-2.152279893,1.44896567,2.497808546,2.228844497,-2.617688915,-3.352105519,0.622653189,2.82111221,2.546530372,-2.429290165,-3.809958866,4.01311909,4.977011055,3.708932165,1.743015914,4.591718984,3.53581904,4.578941532,3.545282754,4.511862646,3.571552838,7.639878,46,49,52,7.639878,46,49,52,7.639878,46,49,52,7.639878,2.02617786,2.02617786,2.02617786,2.02617786,0.452731111,0.366892222,0.571450278,0.463691204,-2.073810328,-2.740908299,1.015948969,2.663333625,2.397140104,0.355479837,1.069050568,-0.257,-0.257,-0.257,-0.257,-2.730217072,2.394349302,-2.829392497,2.420274607
27,Li1.00__P0Co-P1Mn-P2Mn-P3Mn-P4Co-P5Co__P6Co-P7Co-P8Co,Mn,3.8216724,1-2-3-Mn-Mn-Mn,-128.4353923,2.62484855,0,2.62484855,2.62484855,1,9.805777439,6.696223857,2.885863,75,156,384.0000075,168.0000075,150.0000075,105.0000053,101.9005388,48.09946115,16.12777357,13.65267663,1.99827018,2.021023331,1.990169564,2.003154358,5.781,5.637,5.821,5.746333333,5.015,12.224,22.254,8.607059654,7.510972611,1.096087043,43.16440416,2.892959957,2.506575805,1.89,1.89,1.89,5.67,1.89,-1.64627223,-4.162819377,0.9604764,3.393797427,3.036686449,-0.612756937,-3.204941494,1.552186456,3.26349589,3.232968428,-1.754892118,-4.474713374,1.429714959,3.732203912,3.033188195,-4.375618558,-5.222259756,1.436890395,7.000467108,2.730575693,1.662388715,2.712715802,2.064057888,2.303428595,1.940838405,3.003846005,2.055891621,7.434038,59,68,77,7.434038,59,68,77,7.434038,59,68,77,7.434038,3.28671184,3.28671184,3.28671184,3.28671184,0.396683373,0.285815677,0.681494537,0.454664529,-1.337973762,-3.947491415,1.314125938,3.463165743,3.10094769,3.037644796,1.274768341,-1.185,-1.185,-1.185,-1.185,-3.945066128,3.101117161,-4.117934664,3.076068178
28,Li1.00__P0Co-P1Fe-P2Fe-P3Fe-P4Co-P5Co__P6Co-P7Co-P8Co,Fe,4.0499806,1-2-3-Fe-Fe-Fe,-122.1967693,2.87964579,0.1239,2.8149,2.9388,1,7.251211767,2.632402311,1.738531528,78,159,390,174,156,109.2,112.9358973,43.06410271,5.329740005,10.49652411,1.974134735,1.984472612,1.990811812,1.98313972,7.341,7.282,7.364,7.329,5.016,16.971,27.003,11.08707348,7.58805887,3.499014614,55.6127606,3.695590639,2.529343602,1.61,1.61,1.61,4.83,1.61,-1.270231239,-2.657029872,1.173353723,3.152908923,3.17065671,-1.293344369,-2.655072828,1.081858034,3.094666447,3.127475554,-1.220623025,-2.639458758,1.281410118,3.209287657,3.216423127,-4.150704915,-4.916270929,1.354509644,7.089504915,2.591079129,1.670344812,3.445859555,2.722194002,3.447926478,2.698643794,3.688115258,2.482979349,7.9024681,58,62,66,7.9024681,58,62,66,7.9024681,58,62,66,7.9024681,3.778409415,3.778409415,3.778409415,3.778409415,0.341131207,0.333853986,0.347652392,0.340879195,-1.261399544,-2.650520486,1.178873958,3.152287676,3.171518464,2.889305371,2.265750443,-0.447,-0.447,-0.447,-0.447,-2.650493132,3.171695368,-2.650417552,3.172118228
29,Li1.00__P0Co-P1Al-P2Al-P3Al-P4Co-P5Co__P6Co-P7Co-P8Co,Al,6.61967295,1-2-3-Al-Al-Al,-149.9355811,3.01633001,0.8981,2.7828,3.6809,1,7.04,0.00000475,0,39,120,360.0000021,144.0000021,126.0000021,88.20000147,84.49210753,41.50789247,0.002044996,5.834178149,1.98125766,1.979159705,1.959301249,1.973239538,0.719,0.699,0.727,0.715,5.109,-2.964,7.254,1.087131644,7.767625925,-6.680494282,5.554155567,0.362479872,2.589330457,1.83,1.83,1.83,5.49,1.83,-3.938875567,-7.006779888,6.966519928,7.431860986,5.222618519,-3.542756788,-7.091872086,7.065167673,7.576267343,5.079151368,-4.053971181,-6.920072887,6.950098245,7.330888559,5.242730092,-3.748942749,-4.330822669,5.614715469,7.429842749,2.896562708,1.665803679,0,0,0,0,0,0,5.985769,56.8,57.8,58.8,5.985769,56.8,57.8,58.8,5.985769,56.8,57.8,58.8,5.985769,6.91638435,6.91638435,6.91638435,6.91638435,0.037165878,0.037774162,0.036679882,0.03720664,-3.845201179,-7.00624162,6.993928615,7.446338963,5.181499993,-0.09625843,-2.675418952,-1.676,-1.676,-1.676,-1.676,-7.005268747,5.182531159,-7.007083453,5.180675637
30,Li1.00__P0Co-P1Co-P2Co-P3Co-P4Co-P5Co__P6Co-P7Co-P8Co,LCO,3.9276395,1-2-3-Co-Co-Co,-122.4330065,2.86099769,0.9404,2.6374,3.5778,1,6.852588435,0.000134529,1.460496088,81,162,396.0000014,180.0000014,162.0000014,113.400001,120.9561964,41.0438036,0.000879845,8.653745354,1.957662301,1.972319949,1.945857616,1.958613289,8.36,8.315,8.383,8.352666667,5.012,20.046,30.07,12.79437299,7.677094296,5.117278692,64.12539742,4.26510075,2.559084258,1.56,1.56,1.56,4.68,1.56,-1.434020168,-2.367714865,1.20773914,2.966077124,2.923259227,-1.446203184,-2.359069612,1.114136695,2.922573612,2.897562697,-1.399510306,-2.351372693,1.294926944,2.996106253,2.941729875,-3.868437892,-4.594632189,1.349522402,7.446237892,2.544108246,1.738960732,3.838364312,3.368171553,3.814728891,3.377144382,3.853359075,3.355375544,7.88101,51,55,59,7.88101,51,55,59,7.88101,51,55,59,7.88101,2.48314856,2.48314856,2.48314856,2.48314856,0.359187472,0.352055928,0.364230425,0.358491275,-1.426577886,-2.359385724,1.205600926,2.961585663,2.9208506,2.441860006,2.235246465,-0.28,-0.28,-0.28,-0.28,-2.35937566,2.920918296,-2.359350246,2.921102927
32,Li1.00__P0Co-P1Ni-P2Co-P3Mn-P4Co-P5Co__P6Co-P7Co-P8Co,NiMnCo,3.442548745,1-2-3-Ni-Co-Mn,-123.1993629,2.39453157,0,2.39453157,2.39453157,1,7.960821982,2.757023676,2.930229908,80,161,394.0000017,178.0000017,160.0000017,112.0000012,113.542539,46.45746099,6.129389243,12.17781641,2.11680197,2.011018092,1.938813238,2.0222111,9.135,8.259,5.795,7.729666667,5.008,18.181,28.197,11.41128905,7.439137368,3.972151678,57.14773555,4.017740164,2.447017114,1.53,1.56,1.89,4.98,1.66,-2.367234662,-2.755272929,1.568529791,2.548833266,2.212718027,-1.616515797,-2.60556007,0.966566883,3.002416909,2.863232277,-1.222884548,-5.114319373,4.257047494,5.462979025,3.141645017,-2.978269353,-4.556913949,4.855550549,5.372800923,4.178277531,1.844907714,5.315489811,3.652171221,3.749831565,3.347382615,2.831214981,2.072767433,7.639878,46,49,52,7.88101,51,55,59,7.434038,59,68,77,7.651642,2.02617786,2.48314856,3.28671184,2.59867942,0.599781844,0.352993372,0.705481268,0.552752161,-1.735545002,-3.491717457,2.264048056,3.671409733,2.73919844,1.24272435,1.065196492,-0.257,-0.28,-1.185,-0.574,-3.097216518,2.602461036,-3.727025758,2.746391688
33,Li1.00__P0Co-P1Mn-P2Co-P3Ni-P4Co-P5Co__P6Co-P7Co-P8Co,NiMnCo,3.548132895,1-2-3-Mn-Co-Ni,-122.9034123,2.86495964,0,2.86495964,2.86495964,1,7.698400544,1.59360825,3.281937929,80,161,394.0000046,178.0000046,160.0000046,112.0000032,112.4468552,47.55314483,10.88200924,12.82825635,1.935439471,2.015830168,2.096237358,2.015835666,5.778,8.279,9.154,7.737,5.007,18.204,28.218,11.45923318,7.459414931,3.999818254,57.37638056,3.978451737,2.464991116,1.89,1.56,1.53,4.98,1.66,-1.94535104,-4.095714441,0.870441116,3.504890171,3.256575973,-2.016561978,-2.868128199,0.504031285,2.88740727,2.871443866,-3.413240959,-3.725536641,0.253817125,2.475803852,2.324683169,-4.320083058,-4.966861873,1.115743736,7.185042698,2.566706538,1.807192897,3.096818601,2.214942125,3.867615681,3.403263262,5.232816819,3.770286922,7.434038,59,68,77,7.88101,51,55,59,7.639878,46,49,52,7.651642,3.28671184,2.48314856,2.02617786,2.59867942,0.443528883,0.355067476,0.843290534,0.547295631,-2.458384659,-3.563126427,0.542763175,2.956033764,2.817567669,1.861698399,1.403735446,-1.185,-0.28,-0.257,-0.574,-3.49946137,2.718959736,-3.640114615,2.694658907
35,Li1.00__P0Co-P1Co-P2Ni-P3Mn-P4Co-P5Co__P6Co-P7Co-P8Co,NiMnCo,3.71974243,1-2-3-Co-Ni-Mn,-123.7395798,2.68599542,0,2.68599542,2.68599542,1,8.350087575,1.697394769,1.182154518,80,161,394.0000031,178.0000031,160.0000031,112.0000022,115.1996885,44.80031148,4.452819505,10.70157195,1.996078484,2.091869274,1.9602091,2.016052286,8.324,9.086,5.777,7.729,5.014,18.173,28.201,11.46079493,7.466714958,3.994079972,57.46442578,4.027075271,2.468834552,1.56,1.53,1.89,4.98,1.66,-1.592806122,-2.5858788,1.107292543,3.022774157,2.881805015,-1.627141526,-2.251843321,1.40608658,2.49866089,2.196344824,0.716481887,-3.306303477,3.229798816,4.01839583,3.428950229,-2.755116882,-4.26053449,4.633868831,5.441112302,3.890672181,1.642927286,3.833132139,3.34244906,4.579894058,3.556603532,2.044563521,1.475240256,7.88101,51,55,59,7.639878,46,49,52,7.434038,59,68,77,7.651642,2.48314856,2.02617786,3.28671184,2.59867942,0.367520228,0.354646724,0.272130484,0.331432479,-0.834488587,-2.714675199,1.914392647,3.179943626,2.835700022,1.920628295,1.545859291,-0.28,-0.257,-1.185,-0.574,-2.566472469,2.674238373,-2.663908698,2.787063426
36,Li1.00__P0Co-P1Co-P2Mn-P3Ni-P4Co-P5Co__P6Co-P7Co-P8Co,NiMnCo,3.837320165,1-2-3-Co-Mn-Ni,-123.309006,2.49720926,0,2.49720926,2.49720926,1,8.50893024,2.750358212,0.620883384,80,161,394.0000035,178.0000035,160.0000035,112.0000025,115.0661254,44.93387457,6.321330534,10.43493258,1.992230866,1.971088483,2.076046345,2.013121898,8.339,5.742,9.177,7.752666667,5.009,18.249,28.267,11.51929265,7.468261564,4.051031082,57.70013686,4.076394783,2.473924588,1.56,1.89,1.53,4.98,1.66,-1.245022161,-2.217151113,1.345452616,2.930232862,2.880162098,-0.260175972,-3.243999469,2.440283814,3.776640501,3.339576031,-1.847758028,-2.430001224,0.650596979,2.358665822,2.241209151,-3.422169652,-4.018812514,1.479300335,5.919378912,2.324729231,1.628054512,3.802518814,3.282291072,1.94696227,1.168580152,4.363636516,3.551375302,7.88101,51,55,59,7.434038,59,68,77,7.639878,46,49,52,7.651642,2.48314856,3.28671184,2.02617786,2.59867942,0.379946,0.257547,0.4203475,0.3526135,-1.117652054,-2.630383936,1.478777803,3.021846395,2.82031576,2.304517598,1.388428578,-0.28,-1.185,-0.257,-0.574,-2.483124995,2.674716227,-2.55173154,2.738116493
37,Li1.00__P0Ni-P1Co-P2Ni-P3Co-P4Ni-P5Co__P6Co-P7Co-P8Co,Ni,3.35488776,0-2-4-Ni-Ni-Ni,-116.5421353,2.57754969,0.167,2.4929,2.6599,1,6.718433176,0.718006339,1.181820452,82,163,402,186,168,117.6,127.5555839,40.44441609,4.046094307,7.450779364,1.953462789,2.13093045,1.940151725,2.008181655,8.35,9.234,8.384,8.656,5.004,20.964,30.972,12.9290906,7.489054682,5.440035919,64.69716937,4.310628297,2.49034459,1.56,1.53,1.56,4.65,1.55,-1.420627462,-2.468238484,1.381007924,3.064692536,2.909831868,-2.120671115,-2.775907626,0.948763895,2.710238735,2.44822503,-1.392844794,-2.453078403,1.461789906,3.106195758,2.94169504,-2.732083632,-4.007933337,3.54696772,5.391983632,3.502688013,1.749074271,3.804956367,3.347927518,4.486842491,3.654982511,3.878285302,3.288864857,7.88101,51,55,59,7.639878,46,49,52,7.88101,51,55,59,7.800632667,2.48314856,2.02617786,2.48314856,2.330824993,0.395798889,0.459293056,0.395658611,0.416916852,-1.644714457,-2.565741504,1.263853909,2.960375676,2.766583979,1.087369175,1.442191833,-0.28,-0.257,-0.28,-0.272333333,-2.574261675,2.753672853,-2.576423192,2.750402895
38,Li1.00__P0Mn-P1Co-P2Mn-P3Co-P4Mn-P5Co__P6Co-P7Co-P8Co,Mn,3.882745745,0-2-4-Mn-Mn-Mn,-128.4933234,2.96760124,0,2.96760124,2.96760124,1,7.923465451,2.755526322,2.057647244,79,160,384.0000008,168.0000008,150.0000008,105.0000006,103.6027894,46.39721059,9.656897628,12.05806779,2.016660371,1.955533539,1.975031533,1.982408481,8.288,5.782,8.319,7.463,5.019,17.37,27.408,11.27858738,7.596556337,3.682031043,56.60723006,3.891917001,2.526398879,1.56,1.89,1.56,5.01,1.67,-1.533069493,-2.399295585,0.962452521,2.878014532,2.856815911,-1.550578608,-3.920645004,0.941514112,3.345913504,3.141370589,-1.63412019,-2.530594746,0.819597656,2.879078264,2.876577291,-4.398042535,-5.104708238,1.060606551,7.365643775,2.536870538,1.689860561,3.925369129,3.273904278,2.750957076,2.065010217,3.81266373,3.306255426,7.88101,51,55,59,7.434038,59,68,77,7.88101,51,55,59,7.732019333,2.48314856,3.28671184,2.48314856,2.751002987,0.314059867,0.354289357,0.331276275,0.3332085,-1.57258943,-2.950178445,0.907854763,3.034335433,2.958254597,2.825453104,2.154529793,-0.28,-1.185,-0.28,-0.581666667,-2.789612719,2.927968026,-2.982008016,2.964217303
39,Li1.00__P0Fe-P1Co-P2Fe-P3Co-P4Fe-P5Co__P6Co-P7Co-P8Co,Fe,3.94979885,0-2-4-Fe-Fe-Fe,-122.2615969,2.88802557,0.1373,2.8205,2.9578,1,7.162889457,0.842998821,1.752793155,80,161,390.0000026,174.0000026,156.0000026,109.2000018,112.7742992,43.22570082,5.269663854,10.63506494,1.964033512,1.991380165,1.946888738,1.967434138,8.348,7.299,8.374,8.007,5.016,19.005,29.037,12.21695542,7.649202388,4.567753036,61.2802484,4.09618449,2.551548146,1.56,1.61,1.56,4.73,1.576666667,-1.626676437,-2.542998892,0.979061597,2.945219524,2.91000881,-1.292635097,-2.657398566,1.102144093,3.127971647,3.16744051,-1.620160492,-2.55471282,1.041290632,2.983068321,2.938018001,-4.08298987,-4.803876287,1.251686387,7.04078987,2.547677884,1.722330341,3.854523933,3.357410326,3.647028794,2.514082421,3.859394159,3.357860915,7.88101,51,55,59,7.9024681,58,62,66,7.88101,51,55,59,7.8881627,2.48314856,3.778409415,2.48314856,2.914902178,0.357228571,0.333931473,0.362883705,0.351347917,-1.513157342,-2.585036759,1.040832107,3.018753164,3.005155774,2.569832528,2.218839528,-0.28,-0.447,-0.28,-0.335666667,-2.580797615,2.995649031,-2.583274683,3.001208654
40,Li1.00__P0Al-P1Co-P2Al-P3Co-P4Al-P5Co__P6Co-P7Co-P8Co,Al,4.68219123,0-2-4-Al-Al-Al,-150.2977847,3.04391678,0.8381,2.812,3.6501,1,6.94,0.00000025,0.992358579,67,148,360,144,126,88.2,84.41580345,41.6,0.00000569,5.91138062,1.970448182,1.942003739,1.951863297,1.954771739,8.338,0.697,8.35,5.795,5.05,12.335,22.435,8.868395802,7.750547011,1.117848792,44.7853988,4.07742542,2.576274245,1.56,1.83,1.56,4.95,1.65,-1.563091249,-2.499265309,1.071843607,2.942590116,2.863026827,-3.691466801,-7.122732484,7.033294717,7.539894919,5.092396806,-1.459790734,-2.40360145,1.201184818,2.956780796,2.872547526,-3.82238796,-4.767724544,2.853529977,7.47248796,3.112207531,1.702193831,3.792367795,3.4125565,0,0,3.811527625,3.396621185,7.88101,51,55,59,5.985769,56.8,57.8,58.8,7.88101,51,55,59,7.249263,2.48314856,6.91638435,2.48314856,3.960893823,0.376956316,0.037472978,0.375755789,0.263395028,-2.238116262,-4.008533081,3.102107714,4.479755277,3.609323719,1.584271698,0.759191463,-0.28,-1.676,-0.28,-0.745333333,-2.66396461,2.96911449,-2.673033251,2.973277694
41,Li1.00__P0Co-P1Ni-P2Co-P3Ni-P4Co-P5Ni__P6Co-P7Co-P8Co,Ni,2.81359825,1-3-5-Ni-Ni-Ni,-116.3674425,2.5352561,0,2.5352561,2.5352561,1,6.754061647,1.343274303,1.19764658,83,164,402.0000031,186.0000031,168.0000031,117.6000022,127.7292983,40.27070174,4.163819426,7.228824816,2.090163625,1.971636987,1.937832359,1.999877657,9.184,8.292,9.314,8.93,4.996,21.794,31.786,13.40595804,7.502316898,5.903641138,66.97616635,4.477611091,2.498140009,1.53,1.56,1.53,4.62,1.54,-1.770116093,-2.388722328,1.255033733,2.582311481,2.323936464,-1.442445624,-2.450083387,1.245910142,2.999754861,2.867736738,-2.400478713,-3.076631217,0.715261767,2.752112197,2.506202454,-2.744530629,-4.104216051,3.680551497,5.279786729,3.669718331,1.768235172,4.616449271,3.551297979,3.805420895,3.339210244,4.497916807,3.632447682,7.639878,46,49,52,7.88101,51,55,59,7.639878,46,49,52,7.720255333,2.02617786,2.48314856,2.02617786,2.178501427,0.401025833,0.383623333,0.513218056,0.432622407,-1.871013477,-2.638478977,1.072068547,2.778059513,2.565958552,0.873517153,1.465737074,-0.257,-0.28,-0.257,-0.264666667,-2.642437724,2.551573365,-2.678880512,2.556746621
42,Li1.00__P0Co-P1Mn-P2Co-P3Mn-P4Co-P5Mn__P6Co-P7Co-P8Co,Mn,3.51411136,1-3-5-Mn-Mn-Mn,-128.2310139,2.66015881,0,2.66015881,2.66015881,1,10.23727961,8.060047534,2.29529901,77,158,384.0000035,168.0000035,150.0000035,105.0000025,95.21600408,54.78399592,27.27033969,17.18620179,1.96700014,2.206800116,1.948037505,2.040612587,5.773,8.192,5.741,6.568666667,5.019,14.687,24.725,9.594156802,7.402374101,2.191782702,48.15307299,3.231347862,2.455056149,1.89,1.56,1.89,5.34,1.78,-1.399173093,-4.061429492,1.214355747,3.409745584,2.976883111,-0.983099738,-3.032305409,1.623286123,3.208235075,2.843721149,-1.718749662,-4.165118606,1.159574772,3.498278291,3.021793969,-3.770472799,-4.549801171,1.417346237,6.430631609,2.557793379,1.654010005,2.62475633,2.017656559,3.115013355,2.220070675,2.929591613,2.151242154,7.434038,59,68,77,7.88101,51,55,59,7.434038,59,68,77,7.583028667,3.28671184,2.48314856,3.28671184,3.018857413,0.410256501,0.32487305,0.454494326,0.396541292,-1.367007498,-3.752951169,1.332405547,3.372086317,2.947466077,2.403465301,0.796850002,-1.185,-0.28,-1.185,-0.883333333,-3.706712885,2.940917196,-3.820001449,2.957676198
43,Li1.00__P0Co-P1Fe-P2Co-P3Fe-P4Co-P5Fe__P6Co-P7Co-P8Co,Fe,3.92161736,1-3-5-Fe-Fe-Fe,-122.2455199,2.72370278,0,2.72370278,2.72370278,1,7.086706255,1.239902314,1.622059449,79,160,390.0000035,174.0000035,156.0000035,109.2000025,113.4487247,42.5512753,5.005442601,9.818329616,1.978861975,1.972551447,1.974356565,1.975256662,7.34,8.313,7.362,7.671666667,5.017,17.998,28.032,11.6523511,7.619783006,4.032568098,58.45984549,3.902105127,2.540120049,1.61,1.56,1.61,4.78,1.593333333,-0.967713673,-2.315928268,1.404817706,3.144399092,3.221083758,-1.577950718,-2.48113076,0.967386036,2.923935442,2.90589934,-1.278492631,-2.67224983,1.234651483,3.179480626,3.174862354,-3.953095025,-4.694391618,1.439329509,6.676797805,2.553783476,1.682265186,3.36548091,2.753557254,3.828038811,3.369708153,3.545771796,2.670378606,7.9024681,58,62,66,7.88101,51,55,59,7.9024681,58,62,66,7.8953154,3.778409415,2.48314856,3.778409415,3.346655797,0.320112389,0.352538717,0.351628097,0.341426401,-1.274719007,-2.489769619,1.202285075,3.082605054,3.100615151,2.678376018,2.204621999,-0.447,-0.28,-0.447,-0.391333333,-2.489483472,3.089990526,-2.495110806,3.096735383
44,Li1.00__P0Co-P1Al-P2Co-P3Al-P4Co-P5Al__P6Co-P7Co-P8Co,Al,4.993011625,1-3-5-Al-Al-Al,-149.6965266,3.01582659,0.8158,2.7872,3.603,1,7.04,1.51E-09,0.551237807,53,134,360.0000015,144.0000015,126.0000015,88.20000105,84.2815228,41.7,0.00000362,6.043294767,1.951030928,1.997872038,1.946649322,1.965184096,0.716,8.286,0.729,3.243666667,5.081,4.65,14.812,4.888887875,7.757596119,-2.868708244,24.84043929,3.520031209,2.553839949,1.83,1.56,1.83,5.22,1.74,-3.960345933,-7.014784064,6.99975935,7.420972938,5.20690466,-1.589236995,-2.502005748,0.957177676,2.884277906,2.820526238,-4.108552339,-6.95982857,6.956548786,7.359376639,5.282118257,-3.699619699,-4.397036679,3.680116306,7.302619699,2.91426308,1.696537839,0,0,3.779944878,3.406672911,0,0,5.985769,56.8,57.8,58.8,7.88101,51,55,59,5.985769,56.8,57.8,58.8,6.617516,6.91638435,2.48314856,6.91638435,5.438639087,0.037257199,0.372204737,0.036451677,0.148637871,-3.219378423,-5.492206127,4.971161938,5.888209161,4.436516385,0.480241276,-1.095169448,-1.676,-0.28,-1.676,-1.210666667,-3.247072375,3.223254157,-3.243469087,3.221139557
45,Li1.00__P0Ni-P1Co-P2Co-P3Ni-P4Ni-P5Co__P6Co-P7Co-P8Co,Ni,3.22515487,0-3-4-Ni-Ni-Ni,-116.3515884,2.47009694,0.117,2.409,2.526,1,6.567975401,0.719993818,1.011853644,82,163,401.9999995,185.9999995,167.9999995,117.5999997,128.1586991,39.84130092,4.233834831,6.78181907,1.937871738,1.958909608,2.117904186,2.004895177,8.36,8.31,9.299,8.656333333,4.997,20.972,30.966,12.94682825,7.488918917,5.457909336,64.69530078,4.318915348,2.49031411,1.56,1.56,1.53,4.65,1.55,-1.351065417,-2.403469286,1.465104779,3.0783216,2.923202632,-1.352454187,-2.373543043,1.373596287,3.020373241,2.878051528,-2.054795978,-2.738207916,1.138586888,2.768807069,2.486784386,-2.610356358,-3.923229243,3.671010888,5.136356358,3.561874216,1.776902323,3.791365609,3.362939866,3.794170015,3.352155865,4.617449417,3.523764416,7.88101,51,55,59,7.88101,51,55,59,7.639878,46,49,52,7.800632667,2.48314856,2.48314856,2.02617786,2.330824993,0.399674444,0.388286667,0.475319722,0.421093611,-1.586105194,-2.505073415,1.325762651,2.95583397,2.762679515,1.024251164,1.418155828,-0.28,-0.28,-0.257,-0.272333333,-2.515296419,2.750600722,-2.520219186,2.745118895
46,Li1.00__P0Mn-P1Co-P2Co-P3Mn-P4Mn-P5Co__P6Co-P7Co-P8Co,Mn,3.95790953,0-3-4-Mn-Mn-Mn,-128.2695896,3.17076244,0,3.17076244,3.17076244,1,7.252987527,2.144602368,1.803093792,79,160,384.0000029,168.0000029,150.0000029,105.000002,103.5860177,46.41398231,12.51054437,12.01404224,2.061933675,2.047291975,1.924656125,2.011293925,8.261,8.225,5.827,7.437666667,5.016,17.297,27.329,11.05148944,7.488913586,3.562575853,55.43427103,3.769562016,2.48199297,1.56,1.56,1.89,5.01,1.67,-1.632611169,-2.449899724,0.678276999,2.75464576,2.772312465,-1.866651694,-2.635015637,0.503119236,2.728912693,2.723360905,-1.084644485,-3.181815046,1.38198104,3.397921773,3.365537713,-4.275448604,-4.962660496,1.292253014,7.446211044,2.53565369,1.679640722,3.869497074,3.289561174,3.905654888,3.435981549,2.912820238,2.138536571,7.88101,51,55,59,7.88101,51,55,59,7.434038,59,68,77,7.732019333,2.48314856,2.48314856,3.28671184,2.751002987,0.309978385,0.326188836,0.32084133,0.31900285,-1.527969116,-2.755576802,0.854459092,2.960493409,2.953737028,2.747479488,2.207083694,-0.28,-0.28,-1.185,-0.581666667,-2.700314336,2.899850201,-2.758372861,2.954509087
47,Li1.00__P0Fe-P1Co-P2Co-P3Fe-P4Fe-P5Co__P6Co-P7Co-P8Co,Fe,3.99961812,0-3-4-Fe-Fe-Fe,-122.1594895,2.87129199,0.0238,2.8478,2.8716,1,7.162029196,1.043510523,1.73800623,80,161,390.0000003,174.0000003,156.0000003,109.2000002,112.7874203,43.21257973,5.985071512,10.48514234,1.965509929,1.969484929,1.971547855,1.968847571,8.348,8.308,7.368,8.008,5.015,19.009,29.039,12.20277086,7.641538434,4.561232427,61.19689586,4.086136796,2.547379556,1.56,1.56,1.61,4.73,1.576666667,-1.614868675,-2.531586249,0.991628907,2.945554928,2.910364268,-1.599820395,-2.493892549,0.926001144,2.913551543,2.90061575,-1.322750259,-2.753375926,1.191386965,3.200973486,3.195765885,-4.03799638,-4.760277264,1.293322726,6.90959638,2.549010212,1.720812918,3.850299083,3.360961176,3.81893003,3.382627873,3.387988637,2.773105361,7.88101,51,55,59,7.88101,51,55,59,7.9024681,58,62,66,7.8881627,2.48314856,2.48314856,3.778409415,2.914902178,0.357656502,0.347963677,0.352094395,0.352571525,-1.512479776,-2.592951575,1.036339006,3.020026652,3.002248634,2.525516604,2.167325689,-0.28,-0.28,-0.447,-0.335666667,-2.583990098,2.991408839,-2.593015736,3.00216236
48,Li1.00__P0Al-P1Co-P2Co-P3Al-P4Al-P5Co__P6Co-P7Co-P8Co,Al,4.595319005,0-3-4-Al-Al-Al,-149.7556412,3.01145461,0.9312,2.7862,3.7174,1,6.96,0.00000287,1.006454535,67,148,360.0000004,144.0000004,126.0000004,88.20000028,84.4060276,41.6,0.00000803,5.922640181,1.959008046,1.969296284,1.941298745,1.956534359,8.342,8.275,0.722,5.779666667,5.051,12.288,22.39,8.832202165,7.745087732,1.087114433,44.61145313,4.04858447,2.573034691,1.56,1.56,1.83,4.95,1.65,-1.519302834,-2.462608086,1.131168009,2.954311636,2.872885323,-1.523325233,-2.431874871,1.006618143,2.870628385,2.808665031,-4.06547531,-6.917571331,6.952762832,7.33281152,5.247097537,-3.705297972,-4.583508698,2.81596427,7.422697972,3.035161076,1.737430482,3.811800858,3.392341372,3.7998081,3.382921463,0,0,7.88101,51,55,59,7.88101,51,55,59,5.985769,56.8,57.8,58.8,7.249263,2.48314856,2.48314856,6.91638435,3.960893823,0.37581,0.368146842,0.036442209,0.260133017,-2.369367792,-3.937351429,3.030182994,4.385917181,3.64288263,1.33593018,0.646157269,-0.28,-0.28,-1.676,-0.745333333,-2.657606009,2.954012684,-2.656142875,2.953458256
49,Li1.00__P0Co-P1Ni-P2Ni-P3Co-P4Co-P5Ni__P6Co-P7Co-P8Co,Ni,2.868557295,1-2-5-Ni-Ni-Ni,-116.388731,2.50288912,0,2.50288912,2.50288912,1,6.778677452,1.451345039,1.182917778,83,164,402.0000013,186.0000013,168.0000013,117.6000009,126.8052993,41.19470074,4.806339478,7.802116464,2.124881348,1.939944803,1.933427041,1.999417731,9.251,9.175,8.356,8.927333333,5,21.782,31.782,13.40503035,7.516547033,5.888483317,67.02515175,4.475766023,2.503018776,1.53,1.53,1.56,4.62,1.54,-2.132625691,-2.70030332,0.507812672,2.555852576,2.470058857,-1.983376389,-2.552304846,0.830412241,2.530231253,2.39855966,-1.391663984,-2.346518317,1.278352873,2.96412271,2.903870621,-3.561999818,-4.158740258,1.106039854,6.064888938,2.362654556,1.758811372,4.550566481,3.517413336,4.621089546,3.529944542,3.869336992,3.315647874,7.639878,46,49,52,7.639878,46,49,52,7.88101,51,55,59,7.720255333,2.02617786,2.02617786,2.48314856,2.178501427,0.43815,0.424615929,0.37327146,0.412012463,-1.835888688,-2.533042161,0.872192595,2.68340218,2.590829713,1.72611113,1.625698097,-0.257,-0.257,-0.28,-0.264666667,-2.540188817,2.577658939,-2.542621719,2.576503738
50,Li1.00__P0Co-P1Mn-P2Mn-P3Co-P4Co-P5Mn__P6Co-P7Co-P8Co,Mn,3.822607345,1-2-5-Mn-Mn-Mn,-128.4117146,3.19248554,0,3.19248554,3.19248554,1,8.356771327,3.819320919,2.32216445,77,158,384.000002,168.000002,150.000002,105.0000014,102.7146211,47.28537888,12.52084102,12.94855874,1.977351484,2.015389589,1.960661286,1.984467453,5.817,5.789,8.322,6.642666667,5.023,14.905,24.951,10.05869767,7.594479472,2.464218195,50.52483838,3.510464251,2.536715267,1.89,1.89,1.56,5.34,1.78,-1.441111499,-3.752469974,1.055071473,3.35024601,3.174127208,-1.306417729,-3.505267182,1.085744861,3.264603653,3.161528993,-1.785599112,-2.653979978,0.717630095,2.875290937,2.859591647,-4.560260102,-5.343300839,1.053455102,7.752745642,2.61773094,1.655049724,2.739880365,2.125601365,2.73969373,2.142003605,3.863480016,3.355041938,7.434038,59,68,77,7.434038,59,68,77,7.88101,51,55,59,7.583028667,3.28671184,3.28671184,2.48314856,3.018857413,0.340102889,0.319309778,0.337043111,0.332151926,-1.51104278,-3.303905711,0.952815476,3.1633802,3.065082616,3.049217322,2.039395127,-1.185,-1.185,-0.28,-0.883333333,-3.188068786,3.028673346,-3.301699589,3.063701056
51,Li1.00__P0Co-P1Fe-P2Fe-P3Co-P4Co-P5Fe__P6Co-P7Co-P8Co,Fe,4.073697975,1-2-5-Fe-Fe-Fe,-122.257347,2.8590518,0.0791,2.8076,2.8867,1,7.21548026,1.856852244,1.733927647,79,160,389.9999996,173.9999996,155.9999996,109.1999997,112.9112653,43.08873474,5.853961311,10.40700028,1.980691924,1.994517608,1.949058128,1.974755887,7.335,7.289,8.375,7.666333333,5.017,17.982,28.016,11.65471635,7.622412233,4.032304115,58.47171192,3.910431588,2.542877565,1.61,1.61,1.56,4.78,1.593333333,-1.255423582,-2.647636369,1.188239909,3.156303833,3.176507311,-1.295212253,-2.665473892,1.093869378,3.108178086,3.139227816,-1.597734349,-2.531322996,1.065648957,2.983983151,2.939041349,-4.105312978,-4.857404467,1.279870681,6.992012978,2.564329271,1.683432305,3.585629863,2.567440549,3.431557879,2.714229835,3.858081179,3.362224919,7.9024681,58,62,66,7.9024681,58,62,66,7.88101,51,55,59,7.8953154,3.778409415,3.778409415,2.48314856,3.346655797,0.339880405,0.334152703,0.361943243,0.34532545,-1.382790061,-2.614811086,1.115919415,3.08282169,3.084925492,2.722522917,2.242593382,-0.447,-0.447,-0.28,-0.391333333,-2.60963135,3.075940091,-2.612752964,3.08151842
52,Li1.00__P0Co-P1Al-P2Al-P3Co-P4Co-P5Al__P6Co-P7Co-P8Co,Al,5.373885605,1-2-5-Al-Al-Al,-150.3637348,3.04566956,0.8978,2.8179,3.7157,1,6.96,0.00000213,0.470811608,53,134,360.0000028,144.0000028,126.0000028,88.20000196,84.46718414,41.5,0.0000143,5.884328915,1.9763812,1.968039808,1.95807911,1.967500039,0.718,0.703,8.367,3.262666667,5.076,4.712,14.864,4.993563813,7.73988309,-2.746319277,25.34732991,3.639225586,2.589321441,1.83,1.83,1.56,5.22,1.74,-3.94958994,-7.068547929,6.949480476,7.454858859,5.212506174,-3.602849368,-7.206696199,7.015861858,7.640636074,5.123753729,-1.489771125,-2.446029522,1.209537708,2.981306156,2.889386186,-3.770775744,-4.571338966,3.769287703,7.486475744,3.048568959,1.66826667,0,0,0,0,3.85144033,3.361421055,5.985769,56.8,57.8,58.8,5.985769,56.8,57.8,58.8,7.88101,51,55,59,6.617516,6.91638435,6.91638435,2.48314856,5.438639087,0.0374,0.037944379,0.377444737,0.150929705,-3.014070144,-5.573757883,5.058293347,6.025600363,4.408548696,0.7567056,-1.002418917,-1.676,-1.676,-0.28,-1.210666667,-3.20592774,3.258589212,-3.226796363,3.268517154
53,Li1.00__P0Ni-P1Mn-P2Mn-P3Mn-P4Ni-P5Ni__P6Co-P7Co-P8Co,Mn,3.700076455,0-1-2-3-4-5-Ni-Mn-Mn-Mn-Ni-Ni,-125.9975772,2.39465044,0.0762,2.3557,2.4319,1,9.430063003,6.504563759,2.605924573,75,159,390.0000039,174.0000039,156.0000039,109.2000027,112.0937247,43.90627532,18.8235271,8.623564709,2.052782558,2.01672783,1.97894613,2.016152173,5.794,5.726,5.797,5.772333333,5.018,12.299,22.335,8.591100014,7.46836894,1.122731073,43.11013987,2.863392391,2.488763807,1.89,1.89,1.89,5.67,1.89,-1.465474405,-4.149415535,1.316752601,3.514867443,3.015598611,-1.552293358,-4.280917054,1.149572084,3.465694158,2.961624417,-1.520678387,-4.234830025,1.21685831,3.513972192,3.035056857,-4.031277665,-4.864940166,1.423748688,6.463177665,2.642854304,1.64479755,2.71228366,2.067323627,2.620088917,2.059013466,2.667106895,2.051018335,7.434038,59,68,77,7.434038,59,68,77,7.434038,59,68,77,7.434038,3.28671184,3.28671184,3.28671184,3.28671184,0.45323288,0.483447619,0.44880907,0.461829856,-1.512815383,-4.221720871,1.227727665,3.498177931,3.004093295,2.518462281,0.643219294,-1.185,-1.185,-1.185,-1.185,-4.219748358,3.004870815,-4.222969964,3.003068269
54,Li1.00__P0Mn-P1Ni-P2Ni-P3Ni-P4Mn-P5Mn__P6Co-P7Co-P8Co,Ni,3.256111105,0-1-2-3-4-5-Mn-Ni-Ni-Ni-Mn-Mn,-126.0448943,2.43306466,0,2.43306466,2.43306466,1,6.363850248,3.842288183,1.081137134,84,159,390.0000056,174.0000056,156.0000056,109.2000039,109.636064,46.36393604,21.13250262,10.53982691,2.051818242,2.01859194,2.057856254,2.042755479,9.111,9.031,9.084,9.075333333,5.004,22.222,32.23,13.32866495,7.349424939,5.979240015,66.69663943,4.442837516,2.449819475,1.53,1.53,1.53,4.59,1.53,-2.531034086,-3.069069905,0.664195784,2.405822649,2.173743812,-2.001725569,-2.547392005,0.841884411,2.309959269,2.116354757,-1.73966772,-2.272716143,1.045198638,2.3319612,2.163096194,-3.423649252,-3.88943437,1.815749478,5.856713912,2.337783725,1.736562617,4.751726937,3.612164521,4.630018062,3.549109125,4.649386266,3.527880131,7.639878,46,49,52,7.639878,46,49,52,7.639878,46,49,52,7.639878,2.02617786,2.02617786,2.02617786,2.02617786,0.724463942,0.406821875,0.378485817,0.503257212,-2.090809125,-2.629726018,0.850426278,2.349247706,2.151064921,1.332840127,1.259708353,-0.257,-0.257,-0.257,-0.257,-2.62693273,2.150986796,-2.728860449,2.155610543
55,Li1.00__P0Ni-P1Fe-P2Fe-P3Fe-P4Ni-P5Ni__P6Co-P7Co-P8Co,Fe,3.576226285,0-1-2-3-4-5-Ni-Fe-Fe-Fe-Ni-Ni,-117.0719194,2.09182975,0.0318,2.0779,2.1097,1,8.053195351,3.840511526,1.9745461,78,162,396.0000036,180.0000036,162.0000036,113.4000025,119.6409112,42.35908877,13.88093211,8.609444676,1.968499364,1.978293617,1.980745175,1.975846052,7.37,7.297,7.352,7.339666667,5.022,16.997,27.041,11.14423544,7.625142744,3.5190927,55.9663504,3.715549006,2.541790193,1.61,1.61,1.61,4.83,1.61,-1.536362765,-3.161706274,1.167396614,3.317420857,3.211308667,-1.668596729,-3.488305143,0.959631538,3.269019452,3.114805695,-1.598079991,-3.134718937,1.089057299,3.281442409,3.190320632,-3.922963691,-4.71444568,1.387943409,6.032663691,2.618140152,1.723848706,3.450813386,2.590320684,3.263768955,2.448325947,3.466600471,2.698910064,7.9024681,58,62,66,7.9024681,58,62,66,7.9024681,58,62,66,7.9024681,3.778409415,3.778409415,3.778409415,3.778409415,0.443426351,0.536636261,0.449917117,0.47665991,-1.601013161,-3.261576785,1.072028484,3.28929424,3.172144998,2.32195053,1.452868896,-0.447,-0.447,-0.447,-0.447,-3.254082101,3.173991126,-3.275779731,3.168489969
56,Li1.00__P0Fe-P1Ni-P2Ni-P3Ni-P4Fe-P5Fe__P6Co-P7Co-P8Co,Ni,2.99621716,0-1-2-3-4-5-Fe-Ni-Ni-Ni-Fe-Fe,-117.5758343,1.96178959,0,1.96178959,1.96178959,1,6.087017252,3.40498889,0.681362685,84,162,395.9999977,179.9999977,161.9999977,113.3999984,121.1975192,40.80248076,14.98021935,6.873726256,2.039242871,2.004763871,1.959685885,2.001230876,9.151,9.109,9.17,9.143333333,4.999,22.431,32.429,13.7104484,7.495879533,6.214568862,68.53853153,4.570063198,2.498559081,1.53,1.53,1.53,4.59,1.53,-1.659625666,-2.211489955,1.295632998,2.463164211,2.290096277,-1.775654885,-2.329309607,1.010810831,2.401965772,2.245708768,-1.938106,-2.491722996,0.966044605,2.456805368,2.291490319,-3.342699202,-3.816178988,1.208797188,5.304488792,2.23965848,1.759971391,4.671619294,3.557673952,4.633459797,3.519271612,4.66013296,3.554743761,7.639878,46,49,52,7.639878,46,49,52,7.639878,46,49,52,7.639878,2.02617786,2.02617786,2.02617786,2.02617786,0.450856152,0.465088367,0.531892617,0.482612379,-1.791128851,-2.344174186,1.090829478,2.440645117,2.275765121,1.551570351,1.472004802,-0.257,-0.257,-0.257,-0.257,-2.343985881,2.275842684,-2.352286478,2.276349818
57,Li1.00__P0Mn-P1Fe-P2Fe-P3Fe-P4Mn-P5Mn__P6Co-P7Co-P8Co,Fe,4.13257624,0-1-2-3-4-5-Mn-Fe-Fe-Fe-Mn-Mn,-129.2930721,2.75026481,0.1377,2.6776,2.8153,1,6.621429706,1.662888474,1.485391187,78,153,378.0000046,162.0000046,144.0000046,100.8000032,97.8356466,46.1643534,17.03911987,12.02798028,1.9657476,1.983634144,1.976689451,1.975357065,7.334,7.261,7.343,7.312666667,5.024,16.914,26.962,11.10614627,7.630119063,3.476027212,55.79727888,3.702489077,2.543397424,1.61,1.61,1.61,4.83,1.61,-1.053396769,-2.321603503,1.229949422,3.048471969,3.131878409,-1.290577202,-2.560216757,0.967248149,2.992920401,3.057320381,-1.1182885,-2.282083111,1.279404282,3.060246205,3.108121685,-4.269556021,-5.011170186,1.338084864,7.084856021,2.569630715,1.651663472,3.286831294,2.908618342,3.465940227,2.703960016,3.438022095,3.059752111,7.9024681,58,62,66,7.9024681,58,62,66,7.9024681,58,62,66,7.9024681,3.778409415,3.778409415,3.778409415,3.778409415,0.297169027,0.302712611,0.304343805,0.301408481,-1.154087491,-2.38796779,1.158867284,3.033879525,3.099106825,3.115468531,2.623202396,-0.447,-0.447,-0.447,-0.447,-2.385209085,3.099482365,-2.388183641,3.098922173
58,Li1.00__P0Fe-P1Mn-P2Mn-P3Mn-P4Fe-P5Fe__P6Co-P7Co-P8Co,Mn,3.759439385,0-1-2-3-4-5-Fe-Mn-Mn-Mn-Fe-Fe,-129.0532688,2.52497582,0.0715,2.4902,2.5617,1,8.150622767,2.59659453,1.951242574,75,153,378.0000012,162.0000012,144.0000012,100.8000008,99.32674928,44.67325072,7.971245481,10.49030049,2.017579717,2.031605832,2.008579964,2.019255171,5.798,5.78,5.729,5.769,5.021,12.286,22.328,8.571044141,7.45984532,1.11119882,43.03521263,2.856240722,2.486874967,1.89,1.89,1.89,5.67,1.89,-1.48352768,-4.020189954,1.088330306,3.38812225,3.054952851,-1.015529724,-2.940957179,1.09964733,3.118809801,3.220616862,-0.910205883,-2.645698286,1.210050923,3.075996441,3.176774623,-4.123512209,-4.889788433,1.474714539,6.685212209,2.571830619,1.607011904,2.679563188,2.046417245,2.803636631,2.111372506,2.961586198,2.196671636,7.434038,59,68,77,7.434038,59,68,77,7.434038,59,68,77,7.434038,3.28671184,3.28671184,3.28671184,3.28671184,0.378334298,0.303441871,0.299698664,0.327158278,-1.136421096,-3.202281806,1.132676187,3.194309497,3.150781445,2.987091113,1.687506627,-1.185,-1.185,-1.185,-1.185,-3.156099346,3.155184492,-3.266815844,3.143370013
59,Li1.00__P0Ni-P1Al-P2Al-P3Al-P4Ni-P5Ni__P6Co-P7Co-P8Co,Al,4.136166695,0-1-2-3-4-5-Ni-Al-Al-Al-Ni-Ni,-143.9023628,2.49674249,0.0779,2.4515,2.5294,1,7.056536253,0.000993895,0,39,123,365.9999997,149.9999997,131.9999997,92.39999979,90.70712633,41.29287367,3.89373612,4.920740728,1.964449003,1.965193357,1.962163815,1.963935392,0.71,0.69,0.72,0.706666667,5.117,-2.997,7.237,1.079476829,7.816451947,-6.736975118,5.523682935,0.359927649,2.605507889,1.83,1.83,1.83,5.49,1.83,-3.437680825,-6.514409294,7.219537359,7.34968163,5.177118112,-3.175175574,-6.562888828,7.344662218,7.421497861,5.024449601,-3.565298344,-6.549563913,7.249918737,7.342757521,5.207120691,-3.381732983,-3.91728284,5.86825231,5.911132983,2.821780718,1.684398168,0,0,0,0,0,0,5.985769,56.8,57.8,58.8,5.985769,56.8,57.8,58.8,5.985769,56.8,57.8,58.8,5.985769,6.91638435,6.91638435,6.91638435,6.91638435,0.03685503,0.036852071,0.037407692,0.037038264,-3.392718247,-6.542287345,7.271372771,7.371312337,5.136229468,-0.010985265,-2.625004505,-1.676,-1.676,-1.676,-1.676,-6.542152564,5.13744821,-6.542322988,5.136585043
60,Li1.00__P0Al-P1Ni-P2Ni-P3Ni-P4Al-P5Al__P6Co-P7Co-P8Co,Ni,2.73480003,0-1-2-3-4-5-Al-Ni-Ni-Ni-Al-Al,-144.1274187,2.40768822,0,2.40768822,2.40768822,1,6.715193161,2.290725905,1.01340153,84,123,365.9999995,149.9999995,131.9999995,92.39999965,91.13306628,40.86693372,4.926468248,4.283826304,2.115654533,2.031965563,1.908460532,2.018693543,9.214,9.077,9.359,9.216666667,4.995,22.655,32.645,13.72620926,7.43647522,6.289734036,68.56241523,4.570258091,2.476852608,1.53,1.53,1.53,4.59,1.53,-2.078463179,-2.702404934,0.881562448,2.569655282,2.358612124,-1.418757762,-2.010836845,1.526477713,2.411852658,2.180412572,-2.768582196,-3.528480052,0.544737551,2.810945166,2.537232933,-2.84226313,-3.790516778,2.59108106,5.24995135,3.013646691,1.793128084,4.581191721,3.530755295,4.600439539,3.530035776,4.475806965,3.582262426,7.639878,46,49,52,7.639878,46,49,52,7.639878,46,49,52,7.639878,2.02617786,2.02617786,2.02617786,2.02617786,0.539094226,0.405511811,0.696135696,0.546913911,-2.088601046,-2.74724061,0.984259237,2.597484369,2.358752543,0.753662084,1.043276168,-0.257,-0.257,-0.257,-0.257,-2.731258413,2.355022209,-2.881970884,2.390355266
61,Li1.00__P0Mn-P1Al-P2Al-P3Al-P4Mn-P5Mn__P6Co-P7Co-P8Co,Al,6.8271627,0-1-2-3-4-5-Mn-Al-Al-Al-Mn-Mn,-155.5682832,2.98672019,0,2.98672019,2.98672019,1,7.079659745,0.004452086,0,39,114,348.0000049,132.0000049,114.0000049,79.80000343,66.38592324,47.61407676,11.87554018,8.862689549,1.976971221,1.979429359,1.962644203,1.973014928,0.703,0.688,0.714,0.701666667,5.112,-3.007,7.217,1.066964297,7.772985464,-6.706021167,5.454321487,0.355756947,2.591136649,1.83,1.83,1.83,5.49,1.83,-3.718861473,-7.696193658,6.382615792,7.71792837,5.105882864,-3.468771807,-7.682123866,6.50050606,7.750877481,4.997067339,-3.861317711,-7.66942869,6.436068697,7.687010342,5.153940211,-4.289362277,-5.026016745,5.650227097,7.276082467,3.190341114,1.655953339,0,0,0,0,0,0,5.985769,56.8,57.8,58.8,5.985769,56.8,57.8,58.8,5.985769,56.8,57.8,58.8,5.985769,6.91638435,6.91638435,6.91638435,6.91638435,0.039732265,0.039250301,0.04052024,0.039834269,-3.682983664,-7.682582071,6.439730183,7.718605398,5.085630138,0.606378614,-2.656565326,-1.676,-1.676,-1.676,-1.676,-7.682495884,5.086608851,-7.682497189,5.086437741
62,Li1.00__P0Al-P1Mn-P2Mn-P3Mn-P4Al-P5Al__P6Co-P7Co-P8Co,Mn,4.00679938,0-1-2-3-4-5-Al-Mn-Mn-Mn-Al-Al,-155.4795004,2.49422761,0,2.49422761,2.49422761,1,8.6150013,2.601481332,1.292357024,75,114,348.0000008,132.0000008,114.0000008,79.80000056,68.80999374,45.19000626,6.450240406,6.830334708,2.017044127,2.155273684,1.987918468,2.053412093,5.78,5.63,5.803,5.737666667,5.02,12.193,22.233,8.396910408,7.343215394,1.053695014,42.15249025,2.807339572,2.453113773,1.89,1.89,1.89,5.67,1.89,-0.707189138,-3.065248318,1.42023973,3.18075723,3.154461688,-0.449977435,-2.725956561,1.429154731,2.925803921,2.989538777,-0.86295713,-2.811986319,1.503434557,3.235283444,3.202761595,-3.578226344,-4.756677618,2.727883785,6.072453954,3.161967138,1.4986091,2.442114446,1.963219095,2.171799191,1.999016273,2.648135737,2.45193369,7.434038,59,68,77,7.434038,59,68,77,7.434038,59,68,77,7.434038,3.28671184,3.28671184,3.28671184,3.28671184,0.308297619,0.255178307,0.32650291,0.296659612,-0.673374568,-2.867730399,1.450943006,3.113948198,3.115587353,2.904851776,1.888947219,-1.185,-1.185,-1.185,-1.185,-2.866672581,3.121542223,-2.875052025,3.124893919
63,Li1.00__P0Al-P1Fe-P2Fe-P3Fe-P4Al-P5Al__P6Co-P7Co-P8Co,Fe,4.61744202,0-1-2-3-4-5-Al-Fe-Fe-Fe-Al-Al,-150.0091167,2.58573405,0,2.58573405,2.58573405,1,8.020749631,2.811470172,2.014577433,78,117,354.0000044,138.0000044,120.0000044,84.00000308,76.04894248,43.95105752,5.676657358,6.925987349,1.958577189,1.986616879,1.966668479,1.970620849,7.323,7.261,7.32,7.301333333,5.016,16.888,26.92,11.11592651,7.636444411,3.479482101,55.75748738,3.703245078,2.544748756,1.61,1.61,1.61,4.83,1.61,-0.806827991,-2.175874598,1.45648046,3.130441433,3.219502372,-1.488407362,-2.7050342,1.025077216,3.093050093,3.061560277,-1.384143995,-3.771173168,1.875872809,3.831624047,3.222496928,-3.805351527,-4.975893751,2.565214824,6.391085577,3.271496795,1.694604615,3.236302583,2.739732475,3.47698444,3.029512858,2.821775002,2.688202653,7.9024681,58,62,66,7.9024681,58,62,66,7.9024681,58,62,66,7.9024681,3.778409415,3.778409415,3.778409415,3.778409415,0.318545767,0.3677,0.520934921,0.402393563,-1.226459783,-2.884027322,1.452476828,3.351705191,3.167853192,2.578891744,2.091866429,-0.447,-0.447,-0.447,-0.447,-2.825964435,3.162311039,-3.025472947,3.172686398
64,Li1.00__P0Fe-P1Al-P2Al-P3Al-P4Fe-P5Fe__P6Co-P7Co-P8Co,Al,6.03060008,0-1-2-3-4-5-Fe-Al-Al-Al-Fe-Fe,-149.7100182,2.79704931,0.091,2.752,2.843,1,7.045758037,0.002477052,0,39,117,354.0000014,138.0000014,120.0000014,84.00000098,76.89337602,43.10662398,5.050855872,7.175431707,1.97344305,1.988489056,1.957715987,1.973216031,0.715,0.697,0.721,0.711,5.112,-2.979,7.245,1.081114641,7.772398799,-6.691284157,5.526658047,0.360459141,2.590987286,1.83,1.83,1.83,5.49,1.83,-3.819659825,-7.3121206,6.795773207,7.613840937,5.194844549,-3.314440012,-7.350704704,6.923418615,7.759476603,5.065785776,-3.793067982,-7.251516335,6.745178245,7.582038427,5.208624878,-3.925095421,-4.603029025,5.741653259,6.768095421,3.079562218,1.665226863,0,0,0,0,0,0,5.985769,56.8,57.8,58.8,5.985769,56.8,57.8,58.8,5.985769,56.8,57.8,58.8,5.985769,6.91638435,6.91638435,6.91638435,6.91638435,0.039807415,0.039257715,0.040262124,0.039775752,-3.642389273,-7.304780546,6.821456689,7.651785323,5.156418401,0.282706148,-2.701751521,-1.676,-1.676,-1.676,-1.676,-7.304335058,5.157177197,-7.304366021,5.157034853
66,Li1.00__P0Co-P1Ni-P2Co-P3Al-P4Co-P5Co__P6Co-P7Co-P8Co,NiCoAl,3.817348535,1-2-3-Ni-Co-Al,-129.3053507,2.69433942,0.1788,2.6026,2.7814,1,6.874849616,0.727236971,0.869927981,68,149,386.0000014,170.0000014,152.0000014,106.400001,111.4586983,40.54130175,1.637295033,6.809050574,2.116288393,1.987993695,1.921935484,2.00873919,9.258,8.277,0.727,6.087333333,5.043,13.219,23.305,8.916398677,7.543591336,1.372807342,44.96539853,4.104814863,2.462154893,1.53,1.56,1.83,4.92,1.64,-2.154004246,-2.742360469,0.747005515,2.599795729,2.45495177,-1.380571435,-2.291694498,1.146022348,2.870557476,2.833992845,-6.287657436,-6.656815273,3.671581488,5.575703135,5.314222371,-3.336844003,-3.827422395,1.958381717,6.118244003,2.343372154,1.706730058,4.609895487,3.552161904,3.784318787,3.384731623,0,0,7.639878,46,49,52,7.88101,51,55,59,5.985769,56.8,57.8,58.8,7.168885667,2.02617786,2.48314856,6.91638435,3.808570257,0.456236919,0.37322665,0.036172844,0.288545471,-3.274077706,-3.896956747,1.854869784,3.68201878,3.534388995,0.062766297,-0.069534351,-0.257,-0.28,-1.676,-0.737666667,-2.713273811,2.749728213,-2.711627487,2.737860595
67,Li1.00__P0Co-P1Ni-P2Co-P3Fe-P4Co-P5Co__P6Co-P7Co-P8Co,NiCoFe,3.396098465,1-2-3-Ni-Co-Fe,-120.4681568,2.79840936,0,2.79840936,2.79840936,1,7.252991909,2.363600288,1.518284988,81,162,396.0000002,180.0000002,162.0000002,113.4000001,118.8892825,43.11071749,4.809179358,9.986288642,2.115194261,1.985630032,1.934627135,2.011817143,9.201,8.285,7.37,8.285333333,5.008,19.848,29.864,12.33195387,7.478365145,4.853588727,61.75842499,4.145844615,2.478761802,1.53,1.56,1.61,4.7,1.566666667,-1.880762417,-2.446085683,0.979612889,2.509978702,2.361202398,-1.513190759,-2.417737159,1.017364835,2.884666106,2.856129165,-1.42181407,-3.092515232,1.233209339,3.326661514,3.253508572,-3.5927314,-4.266800267,1.500599521,6.39114076,2.479065765,1.723439261,4.642356912,3.524377553,3.807503802,3.378459587,3.63013556,2.287185299,7.639878,46,49,52,7.88101,51,55,59,7.9024681,58,62,66,7.807785367,2.02617786,2.48314856,3.778409415,2.762578612,0.387800726,0.358522276,0.396812833,0.381045278,-1.605255749,-2.652112691,1.076729021,2.907102107,2.823613378,1.987475651,1.614687576,-0.257,-0.28,-0.447,-0.328,-2.608948418,2.766402701,-2.661587599,2.826169723
68,Li1.00__P0Co-P1Ni-P2Mn-P3Co-P4Co-P5Co__P6Co-P7Co-P8Co,NiMnCo,3.50790575,1-2-3-Ni-Mn-Co,-123.3476121,2.90630164,0.2588,2.7775,3.0363,1,8.023652721,3.350406016,2.204365462,80,161,394.0000034,178.0000034,160.0000034,112.0000024,115.4876401,44.51235986,6.890194476,11.16754156,2.112688495,1.96574133,1.96072157,2.013050465,9.136,5.729,8.355,7.74,5.011,18.209,28.231,11.49995634,7.47671666,4.023239682,57.62628123,4.026716766,2.473476174,1.53,1.89,1.56,4.98,1.66,-1.769514884,-2.318067185,1.161018158,2.404374127,2.222042902,-1.829753967,-4.448421815,0.858569965,3.435446232,2.986438343,-1.758966557,-2.703898737,0.901988759,2.964782029,2.909373448,-3.990064549,-4.64970065,1.121484616,7.026364549,2.456395412,1.716084252,4.654538611,3.555267174,2.717743819,2.055742925,3.827166755,3.373643963,7.639878,46,49,52,7.434038,59,68,77,7.88101,51,55,59,7.651642,2.02617786,3.28671184,2.48314856,2.59867942,0.352165843,0.441866966,0.377708315,0.390580375,-1.78607847,-3.156795912,0.97385896,2.934867463,2.705951564,2.20398608,1.492904738,-0.257,-1.185,-0.28,-0.574,-2.873754125,2.621738093,-3.245802075,2.731858206
69,Li1.00__P0Co-P1Ni-P2Al-P3Co-P4Co-P5Co__P6Co-P7Co-P8Co,NiCoAl,4.333356805,1-2-3-Ni-Al-Co,-130.0234345,2.72016601,0.158,2.6401,2.7981,1,6.867840206,0.725452207,0.870896466,68,149,386.0000023,170.0000023,152.0000023,106.4000016,111.5622509,40.43774908,1.631585817,6.761395078,2.137670491,1.926862654,1.956602654,2.007045267,9.265,0.698,8.37,6.111,5.047,13.286,23.38,8.974227194,7.559736103,1.414491091,45.29292465,4.140468157,2.470021867,1.53,1.83,1.56,4.92,1.64,-2.178727889,-2.765845819,0.727421458,2.601148698,2.45578539,-6.446895001,-6.856146988,3.827000479,5.458029584,5.13876354,-1.324044114,-2.284655296,1.370188238,2.97754678,2.908342691,-3.457275016,-3.997394136,2.082041514,6.255375016,2.409131626,1.686721326,4.617730384,3.547730459,0,0,3.853665368,3.340345395,7.639878,46,49,52,5.985769,56.8,57.8,58.8,7.88101,51,55,59,7.168885667,2.02617786,6.91638435,2.48314856,3.808570257,0.454071883,0.036750366,0.383405623,0.291409291,-3.316555668,-3.968882701,1.974870058,3.678908354,3.500963874,0.140719348,0.028511434,-0.257,-1.676,-0.28,-0.737666667,-2.723236928,2.772708429,-2.726758657,2.76704685
70,Li1.00__P0Co-P1Ni-P2Fe-P3Co-P4Co-P5Co__P6Co-P7Co-P8Co,NiCoFe,3.740684595,1-2-3-Ni-Fe-Co,-120.4795331,2.65717215,0.128,2.5899,2.7179,1,6.931977519,2.127075458,1.392028653,81,162,396.0000014,180.0000014,162.0000014,113.400001,121.0517173,40.94828273,4.392467613,8.168169811,2.115776119,1.947652746,1.948831223,2.004086696,9.19,7.276,8.372,8.279333333,5.009,19.829,29.847,12.37524682,7.509524938,4.865721883,61.98761133,4.162082209,2.49128758,1.53,1.61,1.56,4.7,1.566666667,-1.902629977,-2.458878039,0.944878027,2.476965133,2.326939075,-1.40841875,-2.899050351,1.097594894,3.182579479,3.153204198,-1.428775921,-2.386922332,1.263971926,2.993415612,2.935207664,-3.633588848,-4.280378639,1.367178528,6.351488848,2.438051448,1.734344705,4.616187959,3.566247022,3.432949251,2.642909938,3.855043633,3.343123911,7.639878,46,49,52,7.9024681,58,62,66,7.88101,51,55,59,7.807785367,2.02617786,3.778409415,2.48314856,2.762578612,0.402414382,0.381493483,0.375214382,0.386374082,-1.579941549,-2.581616907,1.102148283,2.884320075,2.805116979,2.053647299,1.698761731,-0.257,-0.447,-0.28,-0.328,-2.554505,2.75642689,-2.580456287,2.79578167
72,Li1.00__P0Co-P1Co-P2Ni-P3Al-P4Co-P5Co__P6Co-P7Co-P8Co,NiCoAl,3.826962175,1-2-3-Co-Ni-Al,-129.5029824,2.63996771,0.0941,2.5989,2.693,1,6.735738781,0.807368233,0.736572602,68,149,386.0000008,170.0000008,152.0000008,106.4000006,112.1163403,39.88365968,1.854321477,6.129419457,1.974379218,2.025798936,1.934149554,1.978109236,8.348,9.194,0.725,6.089,5.038,13.229,23.305,9.141462516,7.643370559,1.498091957,46.05468816,4.218462339,2.521073101,1.56,1.53,1.83,4.92,1.64,-1.29639123,-2.242812697,1.3524892,2.956098364,2.89957354,-2.031836307,-2.604103352,0.779897797,2.519438228,2.378134125,-6.276167625,-6.660418461,3.70437599,5.578910357,5.304848713,-3.547658294,-4.092674388,1.847148883,6.240658294,2.425713407,1.721197303,3.835858052,3.355019933,4.556956413,3.590087158,0,0,7.88101,51,55,59,7.639878,46,49,52,5.985769,56.8,57.8,58.8,7.168885667,2.48314856,2.02617786,6.91638435,3.808570257,0.374787286,0.455357946,0.036429908,0.28885838,-3.201465054,-3.83577817,1.945587662,3.684815649,3.527518792,0.34619324,0.256896218,-0.28,-0.257,-1.676,-0.737666667,-2.618391193,2.739035989,-2.618371062,2.726688789
73,Li1.00__P0Co-P1Co-P2Ni-P3Fe-P4Co-P5Co__P6Co-P7Co-P8Co,NiCoFe,3.52923218,1-2-3-Co-Ni-Fe,-120.7409825,2.65754416,0.091,2.6107,2.7017,1,7.199958886,2.738691087,1.416320953,81,162,396.0000018,180.0000018,162.0000018,113.4000013,119.6413314,42.35866857,5.701807992,9.164339936,1.967797218,2.088091496,1.966383869,2.007424195,8.337,9.125,7.348,8.27,5.009,19.801,29.819,12.34354479,7.49164255,4.851902242,61.82881587,4.165005777,2.486018971,1.56,1.53,1.61,4.7,1.566666667,-1.564275294,-2.487936623,1.068648569,2.937165842,2.887977106,-2.010089947,-2.425456678,0.623674501,2.332990825,2.241243561,-1.251546282,-3.082836833,1.228099559,3.337008931,3.320336429,-3.793243843,-4.424536823,1.32590509,6.494943843,2.434913054,1.723946195,3.85681417,3.362708758,4.805708755,3.642466185,3.060898018,2.487970082,7.88101,51,55,59,7.639878,46,49,52,7.9024681,58,62,66,7.807785367,2.48314856,2.02617786,3.778409415,2.762578612,0.37145954,0.382965287,0.378001609,0.377475479,-1.608637174,-2.665410045,0.97347421,2.8690552,2.816519032,2.184606668,1.759126778,-0.28,-0.257,-0.447,-0.328,-2.612568444,2.732815439,-2.665383546,2.813584655
75,Li1.00__P0Co-P1Co-P2Al-P3Ni-P4Co-P5Co__P6Co-P7Co-P8Co,NiCoAl,4.26802056,1-2-3-Co-Al-Ni,-129.8807293,2.77314174,0.2366,2.6522,2.8888,1,6.927732153,0.692600442,0.933092433,68,149,386.0000025,170.0000025,152.0000025,106.4000018,111.0805111,40.91948894,1.492216713,7.25786015,1.977722714,1.928499108,2.075431656,1.993884493,8.358,0.699,9.286,6.114333333,5.038,13.305,23.381,9.062780709,7.587215385,1.475565324,45.65828921,4.187967002,2.488988146,1.56,1.83,1.53,4.92,1.64,-1.445547898,-2.396582396,1.221943532,2.967019441,2.906053595,-6.531845554,-6.960049639,3.888523248,5.483460097,5.142203634,-2.193764915,-2.789757032,0.753035792,2.616413189,2.462759264,-3.621787204,-4.18823216,1.880096612,6.510587204,2.449189401,1.699099127,3.841820027,3.354314811,0,0,4.636540027,3.529932834,7.88101,51,55,59,5.985769,56.8,57.8,58.8,7.639878,46,49,52,7.168885667,2.48314856,6.91638435,2.02617786,3.808570257,0.375192647,0.036838787,0.46975098,0.293927471,-3.390386122,-4.048796356,1.954500857,3.688964242,3.503672164,0.231401082,0.139435804,-0.28,-1.676,-0.257,-0.737666667,-2.791573933,2.775297711,-2.796688773,2.763318959
76,Li1.00__P0Co-P1Co-P2Fe-P3Ni-P4Co-P5Co__P6Co-P7Co-P8Co,NiCoFe,3.699805375,1-2-3-Co-Fe-Ni,-120.4078367,2.93663706,0,2.93663706,2.93663706,1,8.283239896,1.517404028,2.854254689,81,162,396.0000039,180.0000039,162.0000039,113.4000027,112.6226158,49.37738416,5.725001147,14.59785618,1.965884136,1.970385733,2.004587483,1.980285784,8.357,7.308,9.233,8.299333333,5.004,19.894,29.902,12.56586712,7.581298046,4.984569079,62.87959909,4.260419706,2.52366317,1.56,1.61,1.53,4.7,1.566666667,-2.264976529,-3.177590181,0.42566516,2.968171603,2.91150969,-1.48747,-3.3275749,1.373484755,3.551209904,3.417576896,-2.405258645,-2.885137001,0.685989432,2.579125004,2.43862394,-4.884409739,-5.46032871,1.310330145,7.821046799,2.676135947,1.933972584,3.893083196,3.388344021,3.309372588,2.508078036,4.850702751,3.619731888,7.88101,51,55,59,7.9024681,58,62,66,7.639878,46,49,52,7.807785367,2.48314856,3.778409415,2.02617786,2.762578612,0.380304988,0.446531172,0.367034913,0.397957024,-2.052568391,-3.130100694,0.828379782,3.032835504,2.922570175,2.831841347,2.330228016,-0.28,-0.447,-0.257,-0.328,-3.094805172,2.844300107,-3.143777757,2.955408235
78,Li1.00__P0Co-P1Al-P2Co-P3Ni-P4Co-P5Co__P6Co-P7Co-P8Co,NiCoAl,3.95329017,1-2-3-Al-Co-Ni,-129.3054186,2.81112937,0,2.81112937,2.81112937,1,6.987015181,0.760341415,0.932702866,68,149,386.0000027,170.0000027,152.0000027,106.4000019,110.7605926,41.23940744,1.730390302,7.402714197,1.939744852,1.987608516,2.006215662,1.977856344,0.72,8.308,9.258,6.095333333,5.037,13.249,23.323,9.165738825,7.641631708,1.524107118,46.16782646,4.235786823,2.524885495,1.83,1.56,1.53,4.92,1.64,-6.514346948,-6.917083792,3.727587398,5.563176706,5.261480954,-1.568976605,-2.504248761,1.013607915,2.917910051,2.87400141,-2.123686637,-2.72181488,0.758101024,2.57170192,2.422816179,-3.781205935,-4.358455092,1.627197428,6.592335305,2.449317899,1.709951902,0,0,3.798042724,3.366184333,4.552441132,3.568635331,5.985769,56.8,57.8,58.8,7.88101,51,55,59,7.639878,46,49,52,7.168885667,6.91638435,2.48314856,2.02617786,3.808570257,0.037105678,0.373109268,0.444452683,0.28488921,-3.40233673,-4.047715811,1.833098779,3.684262893,3.519432848,0.378869205,0.310739281,-1.676,-0.28,-0.257,-0.737666667,-2.809618139,2.747290806,-2.80897433,2.743024833
79,Li1.00__P0Co-P1Fe-P2Co-P3Ni-P4Co-P5Co__P6Co-P7Co-P8Co,NiCoFe,3.686965875,1-2-3-Fe-Co-Ni,-120.2441848,2.73843722,0,2.73843722,2.73843722,1,7.154845869,2.000639389,1.541098289,81,162,396.0000016,180.0000016,162.0000016,113.4000011,119.9532159,42.04678412,4.151414134,9.102094786,1.949734653,1.979471604,2.085751542,2.004985933,7.358,8.295,9.245,8.299333333,5.003,19.895,29.901,12.39681418,7.492088143,4.904726035,62.02126133,4.170705927,2.48781712,1.61,1.56,1.53,4.7,1.566666667,-1.400624911,-2.939817215,1.187976469,3.265170571,3.224163927,-1.521027974,-2.437411562,1.024723743,2.895684696,2.864077952,-2.013742133,-2.595847469,0.881549309,2.554749119,2.406616362,-3.623802485,-4.262174119,1.313970058,6.362239705,2.426790625,1.742790072,3.560788984,2.503083206,3.793352709,3.378467475,4.648047911,3.499794529,7.9024681,58,62,66,7.88101,51,55,59,7.639878,46,49,52,7.807785367,3.778409415,2.48314856,2.02617786,2.762578612,0.383713964,0.362195045,0.418586712,0.38816524,-1.645131673,-2.657692082,1.031416507,2.905201462,2.831619413,1.978670813,1.604482037,-0.447,-0.28,-0.257,-0.328,-2.636690006,2.784422166,-2.659910645,2.818292188
80,Li1.00__P0Co-P1Mn-P2Ni-P3Co-P4Co-P5Co__P6Co-P7Co-P8Co,NiMnCo,3.736443115,1-2-3-Mn-Ni-Co,-123.4789244,2.56914048,0,2.56914048,2.56914048,1,7.397312819,0.406451469,1.320681905,80,161,394.0000018,178.0000018,160.0000018,112.0000013,116.8790961,43.12090386,0.943682583,9.255286784,1.9405169,2.101410128,1.977978011,2.006635013,5.771,9.097,8.341,7.736333333,5.017,18.192,28.226,11.51988038,7.509266689,4.010613696,57.79523989,4.048009841,2.476602983,1.89,1.53,1.56,4.98,1.66,-0.150807601,-3.277647078,1.939067985,3.456011018,3.44628801,-2.175691764,-2.405077924,0.259902617,2.220567156,2.184383536,-1.71105473,-2.619973297,0.975442315,2.934560656,2.86844578,-3.825916068,-4.452616922,1.556043424,6.395056548,2.468974873,1.711599495,2.152072995,1.550931599,5.230968459,3.697783803,3.919157867,3.371854853,7.434038,59,68,77,7.639878,46,49,52,7.88101,51,55,59,7.651642,3.28671184,2.02617786,2.48314856,2.59867942,0.290426959,0.392668664,0.386529032,0.356541551,-1.345851365,-2.767566099,1.058137639,2.87037961,2.833039109,2.480064703,1.685050823,-1.185,-0.257,-0.28,-0.574,-2.637799281,2.656367325,-2.719656411,2.774217543
81,Li1.00__P0Co-P1Al-P2Ni-P3Co-P4Co-P5Co__P6Co-P7Co-P8Co,NiCoAl,3.997805945,1-2-3-Al-Ni-Co,-129.6107207,2.61568709,0.0751,2.5809,2.656,1,6.724877865,0.823736364,0.719879766,68,149,385.999999,169.999999,151.999999,106.3999993,112.1142623,39.88573772,2.070392793,6.039675654,1.946037527,2.042079352,1.960961863,1.983026247,0.718,9.202,8.359,6.093,5.039,13.24,23.318,9.137850068,7.626604423,1.511245645,46.04562649,4.218850802,2.51862238,1.83,1.53,1.56,4.92,1.64,-6.265266099,-6.662852238,3.942611293,5.540360116,5.242803701,-1.98750881,-2.559125278,0.838326216,2.536687417,2.397127067,-1.229589004,-2.176734888,1.433081962,2.963682754,2.905132872,-3.51445192,-4.080546347,1.965907182,6.17045192,2.444174445,1.70930644,0,0,4.579724399,3.575836357,3.889958531,3.306474682,5.985769,56.8,57.8,58.8,7.639878,46,49,52,7.88101,51,55,59,7.168885667,6.91638435,2.02617786,2.48314856,3.808570257,0.037004587,0.43810709,0.370831296,0.281980991,-3.160787971,-3.799570802,2.071339824,3.680243429,3.515021213,0.353663949,0.280975545,-1.676,-0.257,-0.28,-0.737666667,-2.564214198,2.747549548,-2.571010711,2.744298861
82,Li1.00__P0Co-P1Fe-P2Ni-P3Co-P4Co-P5Co__P6Co-P7Co-P8Co,NiCoFe,3.55402066,1-2-3-Fe-Ni-Co,-120.6277901,2.46647335,0.1072,2.4165,2.5237,1,6.973093063,2.279841438,1.459216528,81,162,396.0000008,180.0000008,162.0000008,113.4000006,120.3770499,41.62295014,4.82818152,8.981993472,1.937820079,2.096498174,1.962454178,1.998924144,7.344,9.165,8.355,8.288,5.009,19.855,29.873,12.41882525,7.526501791,4.892323455,62.20589566,4.176032474,2.497395788,1.61,1.53,1.56,4.7,1.566666667,-1.656818882,-3.233336256,1.057274371,3.290050237,3.169159755,-1.851755273,-2.431564536,1.082908573,2.507753259,2.337386845,-1.368921058,-2.319566193,1.291612767,2.959176575,2.901075819,-3.581036604,-4.245550653,1.379704969,6.104736604,2.446442281,1.727663077,3.549583189,2.582987314,4.571908177,3.598018658,3.878118104,3.306408891,7.9024681,58,62,66,7.639878,46,49,52,7.88101,51,55,59,7.807785367,3.778409415,2.02617786,2.48314856,2.762578612,0.431526018,0.405947738,0.375435294,0.404303017,-1.625831738,-2.661488995,1.143931904,2.918993357,2.802540806,1.955204866,1.584061657,-0.447,-0.257,-0.28,-0.328,-2.609538634,2.753065446,-2.682149876,2.807793416
83,Li1.00__P0Co-P1Ni-P2Mn-P3Fe-P4Co-P5Co__P6Co-P7Co-P8Co,NiMnFe,3.704420305,1-2-3-Ni-Mn-Fe,-123.3924983,2.77621053,0.2135,2.6672,2.8807,1,7.927549476,4.337131453,2.071838337,79,160,392.0000016,176.0000016,158.0000016,110.6000011,114.0048383,43.99516171,8.890913916,10.59240722,2.137672898,1.975204554,1.962549893,2.025142449,9.145,5.718,7.368,7.410333333,5.014,17.217,27.245,10.92720604,7.438852037,3.488353998,54.78901106,3.814136838,2.454461115,1.53,1.89,1.61,5.03,1.676666667,-1.770918857,-2.327027442,1.191408441,2.434050498,2.248928433,-1.710309717,-4.325756384,0.979846028,3.429546874,2.971896958,-1.355842603,-2.793658487,1.161890457,3.209388411,3.201702062,-3.939107511,-4.613034738,1.283931155,6.819807511,2.473610376,1.693352243,4.67281328,3.536766962,2.726879294,2.048494525,3.557272052,2.602584165,7.639878,46,49,52,7.434038,59,68,77,7.9024681,58,62,66,7.6587947,2.02617786,3.28671184,3.778409415,3.030433038,0.361048764,0.438867865,0.362650112,0.387522247,-1.612357059,-3.148814104,1.111048309,3.024328594,2.807509151,2.326750452,1.464220634,-0.257,-1.185,-0.447,-0.629666667,-2.903201906,2.711755631,-3.227106265,2.819055801
84,Li1.00__P0Co-P1Ni-P2Fe-P3Mn-P4Co-P5Co__P6Co-P7Co-P8Co,NiMnFe,3.569771345,1-2-3-Ni-Fe-Mn,-123.2697068,2.7433837,0.044,2.7168,2.7608,1,7.858657061,4.04064291,1.856620791,79,160,391.9999983,175.9999983,157.9999983,110.5999988,114.3064045,43.69359548,8.169925785,9.988648003,2.113936776,1.99312158,1.956907586,2.021321981,9.131,7.243,5.804,7.392666667,5.012,17.166,27.19,10.91933115,7.446764035,3.472567116,54.72768773,3.804521774,2.458426056,1.53,1.61,1.89,5.03,1.676666667,-1.905757516,-2.428418744,0.955258997,2.367445941,2.202440366,-1.012973014,-2.355901384,1.175662237,3.028634758,3.141209036,-1.622001827,-4.317631114,1.170490014,3.543689035,3.058097317,-3.827421612,-4.498550523,1.378868392,6.588221612,2.461793945,1.683169731,4.677175715,3.567635831,3.463441238,2.499976148,2.713225798,2.075936523,7.639878,46,49,52,7.9024681,58,62,66,7.434038,59,68,77,7.6587947,2.02617786,3.778409415,3.28671184,3.030433038,0.373282222,0.310125778,0.436920444,0.373442815,-1.513577452,-3.033983747,1.100470416,2.979923245,2.80058224,2.313844159,1.464566776,-0.257,-0.447,-1.185,-0.629666667,-2.818638782,2.689264965,-3.145124644,2.79600771
85,Li1.00__P0Co-P1Mn-P2Ni-P3Fe-P4Co-P5Co__P6Co-P7Co-P8Co,NiMnFe,4.15454745,1-2-3-Mn-Ni-Fe,-123.6891797,2.84529958,0.3359,2.6782,3.0141,1,7.800560794,4.386905228,1.937841487,79,160,392,176,158,110.6,114.1676507,43.83234928,8.921951212,10.44316591,1.953108974,2.122704613,1.984450156,2.020087914,5.782,9.111,7.349,7.414,5.017,17.225,27.259,10.95586684,7.460375475,3.495491361,54.96558392,3.810358012,2.461866891,1.89,1.53,1.61,5.03,1.676666667,-1.658417433,-4.258048083,1.047481354,3.464778706,3.040878203,-1.838126584,-2.392806492,1.073113522,2.415106945,2.237793322,-1.335938708,-2.80233239,1.216826569,3.209223761,3.176787676,-3.919429523,-4.586175703,1.331884121,6.933529523,2.479577468,1.710166049,2.707489997,2.091720199,4.618754207,3.578699627,3.366662067,2.775184306,7.434038,59,68,77,7.639878,46,49,52,7.9024681,58,62,66,7.6587947,3.28671184,2.02617786,3.778409415,3.030433038,0.424954241,0.355725,0.367646429,0.382775223,-1.610827575,-3.151062322,1.112473815,3.029703137,2.8184864,2.308601948,1.435113381,-1.185,-0.257,-0.447,-0.629666667,-2.932095254,2.718902939,-3.214178933,2.835613492
86,Li1.00__P0Co-P1Mn-P2Fe-P3Ni-P4Co-P5Co__P6Co-P7Co-P8Co,NiMnFe,3.871465875,1-2-3-Mn-Fe-Ni,-123.3364468,2.7448459,0,2.7448459,2.7448459,1,10.6238038,2.582799,2.307419108,79,160,392.0000051,176.0000051,158.0000051,110.6000036,108.4074872,49.59251278,6.511102635,14.38595332,1.938286595,2.010856345,2.10091467,2.01668587,5.792,7.292,9.18,7.421333333,5.013,17.251,27.277,10.98404732,7.465376153,3.518671163,55.06302919,3.791832868,2.469607218,1.89,1.61,1.53,5.03,1.676666667,-2.099194814,-4.194190138,2.429512394,4.240978952,3.370976064,-0.958258564,-3.687118278,1.692116223,3.535442562,3.183006953,-1.209799059,-1.99781537,0.698349786,2.445724602,2.500005523,-3.673545989,-4.342347777,1.660081086,6.418391889,2.532592702,1.740859532,3.363222757,2.193552611,2.334787739,1.934751212,3.71109701,3.146903734,7.434038,59,68,77,7.9024681,58,62,66,7.639878,46,49,52,7.6587947,3.28671184,3.778409415,2.02617786,3.030433038,0.594172642,0.31633184,0.293280896,0.401261792,-1.422417479,-3.293041262,1.606659468,3.407382038,3.01799618,2.25112851,1.049306516,-1.185,-0.447,-0.257,-0.629666667,-3.04976983,2.920602547,-3.525833677,3.109384885
87,Li1.00__P0Co-P1Fe-P2Ni-P3Mn-P4Co-P5Co__P6Co-P7Co-P8Co,NiMnFe,3.93365684,1-2-3-Fe-Ni-Mn,-123.767967,2.8042239,0.1888,2.7041,2.8929,1,7.65099024,4.439799662,1.788483529,79,160,392.0000001,176.0000001,158.0000001,110.6000001,114.5458743,43.45412569,8.952667905,10.0536654,1.996568676,2.11157808,1.964549228,2.024231995,7.319,9.107,5.789,7.405,5.016,17.199,27.231,10.92540933,7.441042305,3.484367025,54.8018532,3.796047359,2.459642633,1.61,1.53,1.89,5.03,1.676666667,-1.297157386,-2.69673862,1.157575121,3.151369573,3.15849591,-1.831516132,-2.38723327,1.081044269,2.409519754,2.229877407,-1.549691844,-4.217684595,1.213793334,3.502598268,3.017771104,-3.843575901,-4.500410345,1.394656557,6.736475901,2.460115376,1.696644665,3.510104159,2.645027385,4.613243175,3.583189798,2.721516866,2.064090656,7.9024681,58,62,66,7.639878,46,49,52,7.434038,59,68,77,7.6587947,3.778409415,2.02617786,3.28671184,3.030433038,0.350365996,0.357631767,0.431124385,0.379707383,-1.559455121,-3.100552162,1.150804241,3.021162531,2.802048141,2.28412078,1.399858183,-0.447,-0.257,-1.185,-0.629666667,-2.900587063,2.70641722,-3.175201754,2.81369235
88,Li1.00__P0Co-P1Fe-P2Mn-P3Ni-P4Co-P5Co__P6Co-P7Co-P8Co,NiMnFe,4.072278945,1-2-3-Fe-Mn-Ni,-123.3856964,2.81235233,0.2555,2.6849,2.9404,1,7.861688195,4.093600287,2.019609916,79,160,392.0000035,176.0000035,158.0000035,110.6000025,113.7556653,44.24433468,8.382065416,10.87862555,1.968725788,1.984953764,2.100685014,2.018121522,7.342,5.747,9.183,7.424,5.01,17.262,27.282,10.99602844,7.453717789,3.542310655,55.09010251,3.843579435,2.467136805,1.61,1.89,1.53,5.03,1.676666667,-1.277717233,-2.673367121,1.188350142,3.171834588,3.184906552,-1.737726834,-4.367867997,0.963857105,3.435600271,2.961036962,-1.88436053,-2.453738867,1.122085715,2.48556084,2.298702996,-3.927701915,-4.589155963,1.278245428,6.868101915,2.480569979,1.727399955,3.520269772,2.654400864,2.717194216,2.054567251,4.663917762,3.546419927,7.9024681,58,62,66,7.434038,59,68,77,7.639878,46,49,52,7.6587947,3.778409415,3.28671184,2.02617786,3.030433038,0.349390661,0.438570159,0.379349886,0.389103569,-1.633268199,-3.164991328,1.091430987,3.030998566,2.81488217,2.294433716,1.424164635,-0.447,-1.185,-0.257,-0.629666667,-2.937856713,2.731020572,-3.23863356,2.81280019
89,Li1.00__P0Co-P1Ni-P2Mn-P3Al-P4Co-P5Co__P6Co-P7Co-P8Co,NiMnAl,4.273458075,1-2-3-Ni-Mn-Al,-132.2509116,2.21669221,0,2.21669221,2.21669221,1,6.61857263,1.051684855,0.688336382,66,147,382.0000027,166.0000027,148.0000027,103.6000019,107.5266287,40.47337131,3.156820847,6.36502241,2.108127346,1.975480046,1.951088264,2.011565219,9.131,5.714,0.724,5.189666667,5.046,10.523,20.615,7.594868741,7.534158358,0.060710382,38.32370767,3.616796904,2.461048321,1.53,1.89,1.83,5.25,1.75,-1.608940483,-2.160028188,1.051949719,2.333870914,2.177733619,-1.018495983,-2.966595938,1.511758183,3.24622428,3.103447932,-6.06121963,-6.718915823,4.49052123,5.80379237,5.295591413,-3.420591739,-4.030885717,2.479358994,5.637283949,2.564438997,1.703184324,4.533802998,3.544443329,2.921314853,2.407616479,0,0,7.639878,46,49,52,7.434038,59,68,77,5.985769,56.8,57.8,58.8,7.019895,2.02617786,3.28671184,6.91638435,4.076424683,0.394103581,0.386340409,0.038944061,0.27312935,-2.896218699,-3.948513316,2.351409711,3.794629188,3.525590988,0.52437304,0.082372401,-0.257,-1.185,-1.676,-1.039333333,-2.676329519,2.665649037,-2.756999688,2.762392977
90,Li1.00__P0Co-P1Ni-P2Al-P3Mn-P4Co-P5Co__P6Co-P7Co-P8Co,NiMnAl,4.57000051,1-2-3-Ni-Al-Mn,-132.8194607,2.60120726,0,2.60120726,2.60120726,1,7.853797974,2.160587528,0.833799952,66,147,382.0000026,166.0000026,148.0000026,103.6000018,99.84819852,48.15180148,7.662068646,11.58307503,2.142425733,1.951533838,1.959305814,2.017755128,9.151,0.689,5.808,5.216,5.048,10.6,20.696,7.588697413,7.519313715,0.069383698,38.30774454,3.627336374,2.442131682,1.53,1.83,1.89,5.25,1.75,-1.299821345,-1.914433192,1.093002531,2.428273438,2.345207613,-6.759315485,-7.421105339,3.706536243,5.624146829,5.09221408,-0.897313678,-3.377634834,1.548904304,3.446931952,3.33855379,-3.838543813,-4.490448162,2.30800542,6.439751073,2.567653102,1.608771562,4.256920533,3.453587459,0,0,2.509962979,2.128230597,7.639878,46,49,52,5.985769,56.8,57.8,58.8,7.434038,59,68,77,7.019895,2.02617786,6.91638435,3.28671184,4.076424683,0.293647382,0.037870974,0.340493516,0.224003957,-2.985483503,-4.237724455,2.116147693,3.833117407,3.591991828,0.85306031,0.252723707,-0.257,-1.676,-1.185,-1.039333333,-2.694244148,2.822513685,-2.966131441,3.003320604
91,Li1.00__P0Co-P1Mn-P2Ni-P3Al-P4Co-P5Co__P6Co-P7Co-P8Co,NiMnAl,4.255209785,1-2-3-Mn-Ni-Al,-132.4349724,2.56774706,0.0342,2.5595,2.5937,1,7.705207448,3.571292406,1.284707369,66,147,382.0000025,166.0000025,148.0000025,103.6000018,103.9580184,44.0419816,7.769178844,9.146839004,1.951545898,2.08348468,1.993998974,2.009676517,5.762,9.094,0.719,5.191666667,5.047,10.528,20.622,7.677915965,7.539633511,0.138282454,38.75044188,3.733053659,2.476661844,1.89,1.53,1.83,5.25,1.75,-1.369100609,-4.254428191,1.316869609,3.549023586,3.058530824,-2.280064323,-2.710928127,0.373737494,2.265393286,2.14556774,-6.645639173,-7.18333998,3.724110121,5.670320968,5.262895414,-4.070786095,-4.651592355,2.070306293,6.664486095,2.555352138,1.712485986,2.60599963,1.917388626,4.766067992,3.633420039,0,0,7.434038,59,68,77,7.639878,46,49,52,5.985769,56.8,57.8,58.8,7.019895,3.28671184,2.02617786,6.91638435,4.076424683,0.456100737,0.420084521,0.038265683,0.30481698,-3.431601368,-4.716232099,1.804905741,3.828245947,3.488997992,0.639184726,-0.064639744,-1.185,-0.257,-1.676,-1.039333333,-3.406509795,2.582186393,-3.66793016,2.731372602
92,Li1.00__P0Co-P1Mn-P2Al-P3Ni-P4Co-P5Co__P6Co-P7Co-P8Co,NiMnAl,4.28981137,1-2-3-Mn-Al-Ni,-132.4377906,2.96949494,0.1388,2.9005,3.0393,1,7.845827214,3.322367518,1.480106645,66,147,382.000006,166.000006,148.000006,103.6000042,103.6176235,44.38237648,6.772403297,9.964723221,1.949758708,2.000659661,2.067363279,2.005927216,5.792,0.697,9.181,5.223333333,5.038,10.632,20.708,7.759931537,7.538999428,0.220932109,39.09453509,3.790252129,2.484697613,1.89,1.83,1.53,5.25,1.75,-1.783026411,-4.448563022,0.964585806,3.509639819,3.043000442,-6.720567205,-7.177525592,3.331128715,5.457032288,5.10798244,-1.723698939,-2.287639993,1.273479799,2.462165562,2.271385954,-3.940684029,-4.559270143,1.877491242,6.979984029,2.544995929,1.704083854,2.695077868,2.089402902,0,0,4.662119634,3.547571748,7.434038,59,68,77,5.985769,56.8,57.8,58.8,7.639878,46,49,52,7.019895,3.28671184,6.91638435,2.02617786,4.076424683,0.44170122,0.0367766,0.36628,0.28158594,-3.409097518,-4.637909536,1.856398106,3.809612557,3.474122945,0.531586511,-0.078639393,-1.185,-1.676,-0.257,-1.039333333,-3.184682062,2.64914295,-3.630410284,2.798333942
93,Li1.00__P0Co-P1Al-P2Ni-P3Mn-P4Co-P5Co__P6Co-P7Co-P8Co,NiMnAl,4.493279115,1-2-3-Al-Ni-Mn,-132.9390788,2.44430305,0,2.44430305,2.44430305,1,6.873113328,3.155993852,0.575742855,66,147,382.0000031,166.0000031,148.0000031,103.6000022,107.944319,40.05568098,6.573549656,5.721215848,1.960462937,2.100102286,1.974158513,2.011574579,0.711,9.113,5.788,5.204,5.05,10.562,20.662,7.633863991,7.538618912,0.095245078,38.55101315,3.644198088,2.467382342,1.83,1.53,1.89,5.25,1.75,-6.317214345,-6.758839879,3.496978441,5.526311554,5.211548718,-1.538222826,-2.129259599,1.192158795,2.381128108,2.207852471,-0.907651534,-3.000941879,1.509334351,3.306180121,3.216914881,-3.399923816,-3.966643123,2.461722894,5.844226866,2.453574655,1.658795285,0,0,4.483423708,3.535477979,2.864711351,2.163901551,5.985769,56.8,57.8,58.8,7.639878,46,49,52,7.434038,59,68,77,7.019895,6.91638435,2.02617786,3.28671184,4.076424683,0.037916971,0.380227251,0.375846472,0.264663564,-2.921029568,-3.963013785,2.066157196,3.737873261,3.54543869,0.478894247,0.003629338,-1.676,-0.257,-1.185,-1.039333333,-2.667447239,2.71380214,-2.762967744,2.828947421
94,Li1.00__P0Co-P1Al-P2Mn-P3Ni-P4Co-P5Co__P6Co-P7Co-P8Co,NiMnAl,3.8669699,1-2-3-Al-Mn-Ni,-131.5805527,2.49855347,0,2.49855347,2.49855347,1,6.743240634,1.811512942,0.760136062,66,147,382.0000025,166.0000025,148.0000025,103.6000018,107.6263949,40.37360507,3.839735434,6.57509341,1.955170481,1.998939677,2.064700385,2.006270181,0.717,5.764,9.225,5.235333333,5.042,10.664,20.748,7.718209288,7.543141304,0.175067984,38.91521123,3.674094881,2.478725984,1.83,1.89,1.53,5.25,1.75,-6.345735048,-6.819368798,3.735903626,5.585889537,5.236165302,-1.083044786,-2.844797606,1.374612702,3.244039907,3.207549053,-1.683387494,-2.343045765,1.072681738,2.484351558,2.301373713,-3.501715736,-4.131190433,1.951136157,6.000269206,2.478897082,1.652484032,0,0,3.110289844,2.358728104,4.365591802,3.522510814,5.985769,56.8,57.8,58.8,7.434038,59,68,77,7.639878,46,49,52,7.019895,6.91638435,3.28671184,2.02617786,4.076424683,0.037969982,0.367247666,0.412791155,0.272669601,-3.037389109,-4.002404056,2.061066022,3.771427001,3.581696023,0.464326627,0.128786377,-1.676,-1.185,-0.257,-1.039333333,-2.751956442,2.784611317,-2.776088899,2.844429924
95,Li1.00__P0Co-P1Mn-P2Co-P3Fe-P4Co-P5Co__P6Co-P7Co-P8Co,MnCoFe,4.006454265,1-2-3-Mn-Co-Fe,-124.430017,3.16501786,0.1385,3.0929,3.2314,1,7.818028941,2.650014477,2.101801702,78,159,390.0000026,174.0000026,156.0000026,109.2000018,111.2327462,44.7672538,5.679492872,11.77718385,1.956639676,2.017464382,1.986293847,1.986799302,5.807,8.293,7.392,7.164,5.017,16.475,26.509,10.79995248,7.576684369,3.223268113,54.1833616,3.701136232,2.518986467,1.89,1.56,1.61,5.06,1.686666667,-1.624237065,-4.076471685,0.98420799,3.417534689,3.126668264,-1.779464688,-2.654089855,0.706711488,2.876994388,2.867438374,-1.082292958,-2.411037445,1.342960817,3.160573194,3.211477901,-4.31326022,-5.066850034,1.195992641,7.54466022,2.590204005,1.686978904,2.681082614,2.163896239,3.845040072,3.362595926,3.418253206,2.814611111,7.434038,59,68,77,7.88101,51,55,59,7.9024681,58,62,66,7.739172033,3.28671184,2.48314856,3.778409415,3.182756605,0.376186353,0.342720134,0.310555034,0.34315384,-1.495331571,-3.047199662,1.011293432,3.151700757,3.06852818,2.81792865,2.019650373,-1.185,-0.28,-0.447,-0.637333333,-2.90596895,3.050972351,-3.100536347,3.06595182
96,Li1.00__P0Co-P1Mn-P2Fe-P3Co-P4Co-P5Co__P6Co-P7Co-P8Co,MnCoFe,3.875005105,1-2-3-Mn-Fe-Co,-124.5735745,3.20816945,0.1376,3.1395,3.2771,1,7.81725166,2.492489185,2.106974689,78,159,390.0000011,174.0000011,156.0000011,109.2000008,110.930497,45.06950297,5.22434695,12.07394722,1.955661007,2.010712185,1.976815328,1.98106284,5.803,7.323,8.367,7.164333333,5.022,16.471,26.515,10.84184164,7.606001959,3.235839683,54.44772872,3.722955695,2.531845393,1.89,1.61,1.56,5.06,1.686666667,-1.623586811,-4.046051462,0.962050184,3.398547821,3.127433555,-1.053275475,-2.312991124,1.235709463,3.061258923,3.152781033,-1.820331943,-2.744028793,0.817132252,2.9671326,2.927369678,-4.407430242,-5.164972837,1.129787971,7.684530242,2.594368987,1.682954606,2.75346935,2.097790774,3.319998958,2.900622137,3.877290662,3.341922498,7.434038,59,68,77,7.9024681,58,62,66,7.88101,51,55,59,7.739172033,3.28671184,3.778409415,2.48314856,3.182756605,0.36933058,0.289104911,0.35948192,0.339305804,-1.499064743,-3.034357126,1.004963966,3.142313115,3.069194755,2.908365499,2.130615711,-1.185,-0.447,-0.28,-0.637333333,-2.901258322,3.054618222,-3.094019546,3.063979226
97,Li1.00__P0Co-P1Co-P2Mn-P3Fe-P4Co-P5Co__P6Co-P7Co-P8Co,MnCoFe,4.045764175,1-2-3-Co-Mn-Fe,-124.6526424,2.97838406,0,2.97838406,2.97838406,1,7.889986011,0.464571791,2.026376375,78,159,389.9999999,173.9999999,155.9999999,109.1999999,110.3695012,45.63049885,1.241266936,12.16888495,1.986985601,1.992511676,1.980301918,1.986599732,8.339,5.764,7.391,7.164666667,5.018,16.476,26.512,10.82189988,7.577819954,3.244079925,54.30429359,3.666159915,2.525761068,1.56,1.89,1.61,5.06,1.686666667,-1.984212909,-2.876482943,0.628973611,2.92314208,2.882746705,-1.417178516,-3.033216909,1.049080259,3.23156247,3.234026988,-1.139309647,-3.035564788,1.104583656,3.224624552,3.298968644,-4.442643972,-5.199313259,1.026400623,7.421028032,2.586620877,1.690478607,3.861956046,3.402967498,2.930587178,2.752296484,2.642200196,2.543553311,7.88101,51,55,59,7.434038,59,68,77,7.9024681,58,62,66,7.739172033,2.48314856,3.28671184,3.778409415,3.182756605,0.3663787,0.339361659,0.321530942,0.342423767,-1.513567024,-2.98175488,0.927545842,3.126443034,3.138580779,2.929076948,2.217558379,-0.28,-1.185,-0.447,-0.637333333,-2.970041349,3.109646419,-2.97805225,3.129068481
98,Li1.00__P0Co-P1Co-P2Fe-P3Mn-P4Co-P5Co__P6Co-P7Co-P8Co,MnCoFe,3.88522418,1-2-3-Co-Fe-Mn,-124.6491229,2.93615727,0.1234,2.8743,2.9977,1,7.358599917,1.059181404,1.661476245,78,159,390.0000049,174.0000049,156.0000049,109.2000034,112.4170866,43.58291336,2.38413534,10.60751714,1.983253763,2.021011378,1.975286972,1.993184038,8.342,7.313,5.812,7.155666667,5.017,16.45,26.484,10.76706177,7.551985897,3.215075871,54.01834889,3.670597174,2.51649483,1.56,1.61,1.89,5.06,1.686666667,-1.732401239,-2.646709239,0.865700563,2.932425483,2.895759876,-1.012024599,-2.324920417,1.234386759,3.027927819,3.113288572,-1.006159078,-2.992332885,1.259940931,3.251963908,3.292174891,-4.039129262,-4.778543521,1.394083328,7.036829262,2.545785281,1.656980871,3.848239207,3.362239017,3.340147213,2.747081664,2.84160625,2.163787737,7.88101,51,55,59,7.9024681,58,62,66,7.434038,59,68,77,7.739172033,2.48314856,3.778409415,3.28671184,3.182756605,0.361746785,0.302485588,0.324676275,0.329636216,-1.250194972,-2.65465418,1.120009418,3.070772403,3.10040778,2.78893429,2.123889341,-0.28,-0.447,-1.185,-0.637333333,-2.630719665,3.074932808,-2.661755439,3.092447251
99,Li1.00__P0Co-P1Fe-P2Co-P3Mn-P4Co-P5Co__P6Co-P7Co-P8Co,MnCoFe,3.76949542,1-2-3-Fe-Co-Mn,-124.4401471,2.89664974,0.0379,2.8777,2.9156,1,7.333162879,0.639172427,1.601411826,78,159,390.0000024,174.0000024,156.0000024,109.2000017,112.9037873,43.09621274,1.36421244,10.03626005,2.008992947,2.00983506,1.951698098,1.990175368,7.367,8.278,5.824,7.156333333,5.015,16.454,26.484,10.76982541,7.561062448,3.208762958,54.01067442,3.671206946,2.514649771,1.61,1.56,1.89,5.06,1.686666667,-0.923485863,-2.184260906,1.40572527,3.093269148,3.1741844,-1.665451474,-2.535499155,0.793327899,2.845403874,2.834499904,-0.90747666,-2.985000307,1.292786418,3.271071905,3.348791797,-4.013162794,-4.764090857,1.447337361,6.928762794,2.572579452,1.671118569,3.430678065,2.816886067,3.836840923,3.360346568,2.640157579,2.181408237,7.9024681,58,62,66,7.88101,51,55,59,7.434038,59,68,77,7.739172033,3.778409415,2.48314856,3.28671184,3.182756605,0.307333481,0.350220399,0.321188027,0.326247302,-1.165471332,-2.568253456,1.163946529,3.069914976,3.1191587,2.847691462,2.195837401,-0.447,-0.28,-1.185,-0.637333333,-2.528982527,3.084126676,-2.572717459,3.109935966
100,Li1.00__P0Co-P1Fe-P2Mn-P3Co-P4Co-P5Co__P6Co-P7Co-P8Co,MnCoFe,4.049784685,1-2-3-Fe-Mn-Co,-124.6374276,3.01245483,0.1806,2.9253,3.1059,1,7.408877094,1.025580067,1.745210057,78,159,390.0000018,174.0000018,156.0000018,109.2000013,112.4710592,43.52894083,2.250009458,10.60010096,2.001346145,1.978020254,1.96636699,1.98191113,7.369,5.763,8.361,7.164333333,5.019,16.474,26.512,10.84754478,7.597620437,3.249924346,54.44382727,3.705458679,2.533465972,1.61,1.89,1.56,5.06,1.686666667,-1.133706236,-2.507364664,1.221674285,3.106413439,3.153504917,-0.978082862,-2.886498491,1.195640968,3.178628211,3.27135977,-1.75936343,-2.684758934,0.891242867,2.957408586,2.907312197,-4.229575343,-5.000403861,1.286458625,7.335475343,2.598223173,1.670646004,3.372345785,2.724350105,2.779909723,2.228142921,3.85124183,3.380019283,7.9024681,58,62,66,7.434038,59,68,77,7.88101,51,55,59,7.739172033,3.778409415,3.28671184,2.48314856,3.182756605,0.318929748,0.305695423,0.372409382,0.332344851,-1.290384176,-2.69287403,1.102852707,3.080816745,3.110725628,2.939191167,2.307529831,-0.447,-1.185,-0.28,-0.637333333,-2.678810165,3.086546004,-2.689868636,3.09768259
101,Li1.00__P0Co-P1Mn-P2Co-P3Al-P4Co-P5Co__P6Co-P7Co-P8Co,MnCoAl,4.30181638,1-2-3-Mn-Co-Al,-132.9484593,3.17448569,0,3.17448569,3.17448569,1,7.716447003,1.66863901,1.655595039,65,146,380.0000004,164.0000004,146.0000004,102.2000003,101.3967404,44.60325965,4.420611698,10.09439839,1.993625701,2.010670488,1.960437863,1.988244684,5.823,8.262,0.726,4.937,5.048,9.763,19.859,7.400211559,7.617610359,-0.2173988,37.35626795,3.457787728,2.522181343,1.89,1.56,1.83,5.28,1.76,-1.565609899,-3.723829604,0.985807968,3.387266078,3.253587629,-2.034685008,-2.895079498,0.406157013,2.805218734,2.786239662,-7.096473064,-7.466393535,2.66068807,5.561842713,5.309639428,-4.481812171,-5.084193935,1.367679881,7.656297861,2.509239827,1.687917059,2.880241284,2.201726401,3.794639143,3.396064413,0,0,7.434038,59,68,77,7.88101,51,55,59,5.985769,56.8,57.8,58.8,7.100272333,3.28671184,2.48314856,6.91638435,4.22874825,0.36097561,0.36179439,0.038674406,0.253814802,-3.565589324,-4.695100879,1.35088435,3.918109175,3.783155573,0.916222847,0.389093055,-1.185,-0.28,-1.676,-1.047,-3.464932895,3.10438502,-3.520143424,3.135959487
102,Li1.00__P0Co-P1Mn-P2Al-P3Co-P4Co-P5Co__P6Co-P7Co-P8Co,MnCoAl,4.683295755,1-2-3-Mn-Al-Co,-133.5501343,2.81621524,0,2.81621524,2.81621524,1,7.22350529,1.24047229,1.127932818,65,146,380.0000019,164.0000019,146.0000019,102.2000013,102.8406322,43.15936782,4.205487069,8.839957196,1.996215562,1.985885753,1.966654079,1.982918465,5.829,0.701,8.355,4.961666667,5.047,9.838,19.932,7.521348705,7.636006901,-0.114658196,37.96024692,3.534540854,2.550608015,1.89,1.83,1.56,5.28,1.76,-0.67390479,-2.541637891,1.42546042,3.26401275,3.458380949,-7.094577723,-7.557378675,3.152490804,5.50394319,5.144944157,-2.040041077,-2.932491305,0.65648415,2.923886361,2.850707555,-4.265769926,-4.945415189,1.775944713,7.081985166,2.60676023,1.653410336,2.622597578,2.328768027,0,0,3.878004852,3.431414765,7.434038,59,68,77,5.985769,56.8,57.8,58.8,7.88101,51,55,59,7.100272333,3.28671184,6.91638435,2.48314856,4.22874825,0.282950735,0.038052022,0.390639706,0.237214154,-3.269507863,-4.343835957,1.744811791,3.897280767,3.818010887,0.996262063,0.601579232,-1.185,-1.676,-0.28,-1.047,-3.038508966,3.205302788,-3.024383032,3.214994383
103,Li1.00__P0Co-P1Co-P2Mn-P3Al-P4Co-P5Co__P6Co-P7Co-P8Co,MnCoAl,4.411037,1-2-3-Co-Mn-Al,-133.1182609,2.95204238,0,2.95204238,2.95204238,1,7.304529325,1.479989666,1.357607244,65,146,380.0000006,164.0000006,146.0000006,102.2000004,102.075234,43.92476597,3.84969846,9.698175602,2.005855731,1.977650572,1.96378724,1.982431181,8.334,5.776,0.724,4.944666667,5.051,9.783,19.885,7.444147863,7.644238828,-0.200090965,37.60039086,3.466571531,2.534958883,1.56,1.89,1.83,5.28,1.76,-1.87573557,-2.803267074,0.709862465,2.931521593,2.893446393,-1.225305439,-3.12290461,1.161852328,3.251372202,3.245559902,-7.022635376,-7.444614331,2.773548731,5.587064294,5.296106559,-4.174451377,-4.779011627,1.741141251,7.126493757,2.529067234,1.70195015,3.833951439,3.340801654,3.143867413,2.071063046,0,0,7.88101,51,55,59,7.434038,59,68,77,5.985769,56.8,57.8,58.8,7.100272333,2.48314856,3.28671184,6.91638435,4.22874825,0.364553676,0.330474755,0.039256801,0.244761744,-3.374558795,-4.456928672,1.548421175,3.923319363,3.811704285,0.799892582,0.322082955,-0.28,-1.185,-1.676,-1.047,-3.189586875,3.164972708,-3.195262679,3.180372194
104,Li1.00__P0Co-P1Co-P2Al-P3Mn-P4Co-P5Co__P6Co-P7Co-P8Co,MnCoAl,4.717821,1-2-3-Co-Al-Mn,-133.5139472,3.4530812,0.1004,3.3972,3.4976,1,7.840180775,1.897491168,1.504959956,65,146,380.0000029,164.0000029,146.0000029,102.200002,100.1916924,45.80830756,4.414026745,11.48974652,2.007012356,1.967207396,1.968605234,1.980941662,8.335,0.697,5.84,4.957333333,5.049,9.823,19.921,7.473815764,7.647022062,-0.173206297,37.73529579,3.506896086,2.536331453,1.56,1.83,1.89,5.28,1.76,-2.048094589,-2.957606398,0.537199734,2.917854606,2.87758757,-7.3529941,-7.840321472,2.674754939,5.486159372,5.119748277,-1.505855932,-3.86369078,1.042385259,3.414099315,3.218884464,-4.6212104,-5.302455585,1.45544544,8.1188104,2.60803628,1.654612425,3.822474238,3.370285377,0,0,2.74032627,2.09310889,7.88101,51,55,59,5.985769,56.8,57.8,58.8,7.434038,59,68,77,7.100272333,2.48314856,6.91638435,3.28671184,4.22874825,0.359915854,0.037620658,0.355224878,0.250920463,-3.635648207,-4.887206217,1.418113311,3.939371098,3.738740104,0.985562193,0.415249368,-0.28,-1.676,-1.185,-1.047,-3.564319064,3.129161062,-3.629206556,3.150700288
105,Li1.00__P0Co-P1Al-P2Co-P3Mn-P4Co-P5Co__P6Co-P7Co-P8Co,MnCoAl,4.477621285,1-2-3-Al-Co-Mn,-133.237663,3.4215346,0.0535,3.3932,3.4467,1,7.943809877,2.163241871,1.599179368,65,146,380.0000025,164.0000025,146.0000025,102.2000018,100.5090441,45.49095592,4.752723271,11.0499373,1.968657011,2.012240553,1.963700716,1.98153276,0.716,8.273,5.838,4.942333333,5.047,9.78,19.874,7.447995322,7.641973329,-0.193978007,37.59003239,3.493558955,2.532999485,1.83,1.56,1.89,5.28,1.76,-7.097692868,-7.591016248,3.115684246,5.609760033,5.241246643,-1.822960142,-2.666207482,0.592936205,2.825566612,2.823455599,-1.596127242,-4.049753613,1.005712831,3.447349604,3.189907487,-4.508578474,-5.19515035,1.49125708,7.955278474,2.606828171,1.658291425,0,0,3.829831042,3.366234709,2.72212398,2.083298059,5.985769,56.8,57.8,58.8,7.88101,51,55,59,7.434038,59,68,77,7.100272333,6.91638435,2.48314856,3.28671184,4.22874825,0.037455801,0.328499017,0.366905405,0.244286741,-3.505593417,-4.768992448,1.571444427,3.960892083,3.751536577,1.002985057,0.426157903,-1.676,-0.28,-1.185,-1.047,-3.438940035,3.094033159,-3.610580214,3.130490245
106,Li1.00__P0Co-P1Al-P2Mn-P3Co-P4Co-P5Co__P6Co-P7Co-P8Co,MnCoAl,4.516001065,1-2-3-Al-Mn-Co,-133.2670698,3.44224219,0.0578,3.4191,3.4769,1,8.028649521,1.938440384,1.694369532,65,146,379.9999984,163.9999984,145.9999984,102.1999989,99.61783084,46.38216916,4.282729124,11.97139976,1.978259199,1.996755722,1.961853962,1.978956294,0.718,5.797,8.36,4.958333333,5.047,9.828,19.922,7.527430155,7.651399654,-0.123969498,37.99093999,3.560987373,2.555818877,1.83,1.89,1.56,5.28,1.76,-7.203664654,-7.618663535,2.789045201,5.547040298,5.247477005,-1.51894362,-3.821886496,0.928637257,3.335486063,3.195697811,-1.915196244,-2.827803936,0.699707196,2.949472814,2.910655906,-4.568118217,-5.239495979,1.363236365,8.045018217,2.572272016,1.656477862,0,0,2.681197867,2.125704433,3.88254731,3.322056533,5.985769,56.8,57.8,58.8,7.434038,59,68,77,7.88101,51,55,59,7.100272333,6.91638435,3.28671184,2.48314856,4.22874825,0.037406204,0.336806083,0.354704136,0.242972141,-3.545934839,-4.756117989,1.472463218,3.943999725,3.78461024,1.022183377,0.48337799,-1.676,-1.185,-0.28,-1.047,-3.456189638,3.148398186,-3.532988934,3.162283457
107,Li1.00__P0Co-P1Fe-P2Al-P3Co-P4Co-P5Co__P6Co-P7Co-P8Co,FeCoAl,4.746065945,1-2-3-Fe-Al-Co,-131.7687743,3.03610517,0.2247,2.9221,3.1468,1,7.065699669,0.88182329,1.093987584,66,147,382.0000011,166.0000011,148.0000011,103.6000008,105.37379,42.62620995,1.801653588,9.092441847,2.001356689,1.956244583,1.96065099,1.972750754,7.344,0.702,8.367,5.471,5.048,11.365,21.461,8.295821809,7.677398514,0.618423295,41.87730849,3.814086423,2.552296696,1.61,1.83,1.56,5,1.666666667,-1.251544042,-2.656309787,1.221673796,3.181208672,3.188734475,-6.891041669,-7.293515483,3.29371492,5.462592763,5.15398628,-1.612863801,-2.550113987,1.047210768,2.962982998,2.907196956,-4.092603028,-4.742582277,1.822773778,7.239403028,2.558106764,1.668379659,3.689748421,2.482115553,0,0,3.837609765,3.373534551,7.9024681,58,62,66,5.985769,56.8,57.8,58.8,7.88101,51,55,59,7.2564157,3.778409415,6.91638435,2.48314856,4.392647442,0.344505379,0.037379121,0.373238631,0.25170771,-3.251816504,-4.166646419,1.854199828,3.868928144,3.74997257,0.840786524,0.575935859,-0.447,-1.676,-0.28,-0.801,-2.832412169,3.140917501,-2.833364749,3.146858797
108,Li1.00__P0Co-P1Fe-P2Co-P3Al-P4Co-P5Co__P6Co-P7Co-P8Co,FeCoAl,4.34254257,1-2-3-Fe-Co-Al,-131.1218069,3.00916937,0.2296,2.8913,3.1209,1,7.115597163,0.887248731,1.133523254,66,147,382.0000009,166.0000009,148.0000009,103.6000006,105.3288755,42.67112451,1.82548253,9.10772001,1.99176503,1.989347382,1.950909156,1.977340523,7.346,8.288,0.728,5.454,5.048,11.314,21.41,8.227535821,7.659462655,0.568073167,41.53260083,3.763151098,2.538762185,1.61,1.56,1.83,5,1.666666667,-1.24331478,-2.661313658,1.24348444,3.19417215,3.198558578,-1.635270934,-2.530021786,0.875842241,2.874114167,2.848211854,-6.706216427,-7.080060554,3.098556209,5.569427414,5.311407891,-3.949836156,-4.544878282,1.777959548,7.070736156,2.491524106,1.696339078,3.695130884,2.471027978,3.796692205,3.391689928,0,0,7.9024681,58,62,66,7.88101,51,55,59,5.985769,56.8,57.8,58.8,7.2564157,3.778409415,2.48314856,6.91638435,4.392647442,0.348366259,0.363401956,0.03707633,0.249614848,-3.194934047,-4.090465333,1.739294297,3.87923791,3.786059441,0.754902109,0.454412949,-0.447,-0.28,-1.676,-0.801,-2.821874219,3.127252862,-2.816378146,3.133151164
109,Li1.00__P0Co-P1Co-P2Fe-P3Al-P4Co-P5Co__P6Co-P7Co-P8Co,FeCoAl,4.390619395,1-2-3-Co-Fe-Al,-131.2450593,3.00914615,0.2727,2.8737,3.1464,1,7.111035665,0.893392325,1.125809149,66,147,382.0000058,166.0000058,148.0000058,103.6000041,105.3494977,42.65050225,1.815822812,9.071481218,1.98036864,1.992148983,1.954459347,1.97565899,8.348,7.278,0.724,5.45,5.047,11.303,21.397,8.239152936,7.664260281,0.574892655,41.58300487,3.774190371,2.543715955,1.56,1.61,1.83,5,1.666666667,-1.621330215,-2.549754524,1.003621523,2.948609249,2.902672125,-1.26284128,-2.63526273,1.128714373,3.10804664,3.132400533,-6.74352449,-7.155734521,2.810778869,5.566196269,5.291009482,-4.01466876,-4.616950964,1.747311637,7.16106876,2.503472338,1.696539097,3.848772108,3.358320605,3.635891024,2.509825203,0,0,7.88101,51,55,59,7.9024681,58,62,66,5.985769,56.8,57.8,58.8,7.2564157,2.48314856,3.778409415,6.91638435,4.392647442,0.364792421,0.348232274,0.037323443,0.250116046,-3.209231995,-4.113583925,1.647704922,3.874284053,3.775360714,0.805436765,0.503367039,-0.28,-0.447,-1.676,-0.801,-2.823401402,3.124953246,-2.818546755,3.128087251
110,Li1.00__P0Co-P1Co-P2Al-P3Fe-P4Co-P5Co__P6Co-P7Co-P8Co,FeCoAl,4.739071665,1-2-3-Co-Al-Fe,-131.7191992,3.05922913,0.2865,2.9158,3.2023,1,7.091565424,0.91379246,1.109640085,66,147,382.000002,166.000002,148.000002,103.6000014,105.2651739,42.7348261,1.885000793,9.172127216,1.989481206,1.956854856,1.972762244,1.973032769,8.347,0.699,7.362,5.469333333,5.047,11.361,21.455,8.284595242,7.674322658,0.610272584,41.81235219,3.802255934,2.548332886,1.56,1.83,1.61,5,1.666666667,-1.68012987,-2.602978598,0.934310772,2.938968392,2.893615953,-6.916473756,-7.369070619,3.086342027,5.475623985,5.135645626,-1.260744872,-2.688910302,1.251708327,3.204783254,3.195893211,-4.136914008,-4.790323293,1.798489386,7.339214008,2.566171902,1.670145486,3.833304732,3.375453107,0,0,3.724240761,2.443914731,7.88101,51,55,59,5.985769,56.8,57.8,58.8,7.9024681,58,62,66,7.2564157,2.48314856,6.91638435,3.778409415,4.392647442,0.362813902,0.037440842,0.355567805,0.25194085,-3.285782833,-4.22031984,1.757453709,3.873125211,3.741718263,0.851131175,0.570003453,-0.28,-1.676,-0.447,-0.801,-2.877432303,3.137063978,-2.879499917,3.146881142
111,Li1.00__P0Co-P1Al-P2Co-P3Fe-P4Co-P5Co__P6Co-P7Co-P8Co,FeCoAl,4.491078395,1-2-3-Al-Co-Fe,-131.3328586,3.03620377,0.2304,2.9155,3.1459,1,7.174316393,0.933059455,1.19848686,66,147,382.0000017,166.0000017,148.0000017,103.6000012,105.321768,42.67823196,1.914475663,9.126919201,1.95035705,1.994517746,1.967173768,1.970682854,0.719,8.302,7.377,5.466,5.047,11.351,21.445,8.281110148,7.683777205,0.597332943,41.79476292,3.788027086,2.548707601,1.83,1.56,1.61,5,1.666666667,-6.784315115,-7.197125062,3.277057719,5.557028405,5.256039764,-1.663345626,-2.561280171,0.866143497,2.896624829,2.871632021,-1.257741341,-2.708532937,1.285412362,3.236111407,3.222733445,-4.085500691,-4.73257271,1.765542008,7.231400691,2.554504167,1.685430596,0,0,3.81721415,3.381129139,3.71259392,2.454296296,5.985769,56.8,57.8,58.8,7.88101,51,55,59,7.9024681,58,62,66,7.2564157,6.91638435,2.48314856,3.778409415,4.392647442,0.037445055,0.355720538,0.355797311,0.249654301,-3.235134028,-4.155646057,1.809537859,3.896588214,3.78346841,0.850366663,0.576926653,-1.676,-0.28,-0.447,-0.801,-2.863307469,3.147006156,-2.863006203,3.157634466
112,Li1.00__P0Co-P1Al-P2Fe-P3Co-P4Co-P5Co__P6Co-P7Co-P8Co,FeCoAl,4.54358912,1-2-3-Al-Fe-Co,-131.4693369,3.0018467,0.2497,2.8742,3.1239,1,7.134980793,0.858661563,1.163447105,66,147,382.0000032,166.0000032,148.0000032,103.6000022,105.5502054,42.44979459,1.749833548,8.888967109,1.951383623,2.001882264,1.958626426,1.970630771,0.72,7.299,8.369,5.462666667,5.048,11.34,21.436,8.287929951,7.685825638,0.602104313,41.83747039,3.802579901,2.553780339,1.83,1.61,1.56,5,1.666666667,-6.756314743,-7.157713376,3.347784631,5.552593049,5.258210901,-1.233262985,-2.611714261,1.177622637,3.135150204,3.1626517,-1.605952443,-2.548443175,1.06478298,2.976575099,2.921286445,-4.074499489,-4.71829734,1.760409305,7.198399489,2.54509185,1.681748373,0,0,3.66649663,2.491048798,3.865197961,3.347508883,5.985769,56.8,57.8,58.8,7.9024681,58,62,66,7.88101,51,55,59,7.2564157,6.91638435,3.778409415,2.48314856,4.392647442,0.037459158,0.337548166,0.370203178,0.248403501,-3.198510057,-4.105956937,1.863396749,3.888106117,3.780716349,0.875989432,0.612340403,-1.676,-0.447,-0.28,-0.801,-2.811739791,3.145070538,-2.808794333,3.148083598
113,Li1.00__P0Co-P1Fe-P2Al-P3Ni-P4Co-P5Co__P6Co-P7Co-P8Co,FeNiAl,4.320302865,1-2-3-Fe-Al-Ni,-129.865482,2.70355942,0,2.70355942,2.70355942,1,7.112717585,2.083091623,1.015222029,67,148,383.9999999,167.9999999,149.9999999,104.9999999,108.5164923,41.48350766,4.304069513,7.59037732,1.988748432,1.94636695,2.027120074,1.987411819,7.358,0.7,9.233,5.763666667,5.038,12.253,22.329,8.614196359,7.606962997,1.007233362,43.39832126,4.025938102,2.508842494,1.61,1.83,1.53,4.97,1.656666667,-1.443578837,-2.980960558,1.162012561,3.266298105,3.207370942,-6.550598122,-6.962167537,3.797696663,5.464390925,5.140148293,-1.894239124,-2.47402749,1.038771317,2.542135366,2.378528103,-3.748966188,-4.341919529,1.900548976,6.452525608,2.488664056,1.692662681,3.557564284,2.53251664,0,0,4.648222671,3.522680234,7.9024681,58,62,66,5.985769,56.8,57.8,58.8,7.639878,46,49,52,7.176038367,3.778409415,6.91638435,2.02617786,4.240323875,0.39751467,0.037011193,0.422905379,0.285810414,-3.296138694,-4.139051862,1.999493514,3.757608132,3.575349112,0.452827493,0.202867667,-0.447,-1.676,-0.257,-0.793333333,-2.880160515,2.830785161,-2.902778776,2.881994764
114,Li1.00__P0Co-P1Fe-P2Ni-P3Al-P4Co-P5Co__P6Co-P7Co-P8Co,FeNiAl,3.88568175,1-2-3-Fe-Ni-Al,-129.620562,2.65383567,0.12,2.5861,2.7061,1,7.022621276,2.215649053,0.929460254,67,148,384.0000005,168.0000005,150.0000005,105.0000004,109.098983,40.90101705,4.546948949,6.992962735,1.957459472,2.072752888,1.952661873,1.994291411,7.334,9.153,0.723,5.736666667,5.041,12.169,22.251,8.532823429,7.588912317,0.943911112,43.01396291,3.962127662,2.495256948,1.61,1.53,1.83,4.97,1.656666667,-1.451862688,-3.003467184,1.159992704,3.260669768,3.189881038,-1.836276304,-2.397830547,1.000645345,2.457921196,2.298886199,-6.307227868,-6.697233563,3.478394149,5.557002029,5.286033177,-3.601819078,-4.159961154,1.885324412,6.307919078,2.439515192,1.706053788,3.490385134,2.591042625,4.573536398,3.593320347,0,0,7.9024681,58,62,66,7.639878,46,49,52,5.985769,56.8,57.8,58.8,7.176038367,3.778409415,2.02617786,6.91638435,4.240323875,0.40773122,0.415398537,0.036645604,0.286591787,-3.19845562,-4.032843765,1.879677399,3.758530998,3.591600138,0.403363458,0.127117389,-0.447,-0.257,-1.676,-0.793333333,-2.8386753,2.789483959,-2.868292025,2.848741708
115,Li1.00__P0Co-P1Al-P2Fe-P3Ni-P4Co-P5Co__P6Co-P7Co-P8Co,FeNiAl,3.98523616,1-2-3-Al-Fe-Ni,-129.5027755,2.76876495,0.0209,2.753,2.7739,1,7.077919299,1.251321941,0.99402583,67,148,384.0000031,168.0000031,150.0000031,105.0000022,108.3733634,41.62663661,2.61814433,7.720595792,1.95388203,1.999517953,1.99129679,1.981565591,0.72,7.309,9.237,5.755333333,5.039,12.227,22.305,8.662563932,7.629587587,1.032976345,43.65065965,4.042313483,2.528633877,1.83,1.61,1.53,4.97,1.656666667,-6.582928362,-6.973250013,3.551336496,5.545777519,5.258006959,-1.203494529,-2.613801421,1.28225739,3.185564614,3.204495855,-2.150683003,-2.702664527,0.488106355,2.487326284,2.385675522,-3.940452481,-4.549152916,1.529235884,6.714352481,2.463212504,1.669836271,0,0,3.397231543,2.757760643,4.524145508,3.578804936,5.985769,56.8,57.8,58.8,7.9024681,58,62,66,7.639878,46,49,52,7.176038367,6.91638435,3.778409415,2.02617786,4.240323875,0.037489945,0.351183902,0.427461707,0.272045185,-3.312368631,-4.096571987,1.77390008,3.739556139,3.616059445,0.62808385,0.452580929,-1.676,-0.447,-0.257,-0.793333333,-2.869178925,2.849933171,-2.860599961,2.869957901
116,Li1.00__P0Co-P1Al-P2Ni-P3Fe-P4Co-P5Co__P6Co-P7Co-P8Co,FeNiAl,3.726837515,1-2-3-Al-Ni-Fe,-129.9190415,2.81517866,0.124,2.7446,2.8686,1,7.171571848,1.507195084,1.052143605,67,148,384,168,150,105,107.805639,42.19436098,3.048736279,8.302084952,1.946401449,2.047480029,1.965546187,1.986475888,0.712,9.23,7.364,5.768666667,5.049,12.257,22.355,8.620325058,7.628727561,0.991597497,43.52402122,4.012309365,2.512540195,1.83,1.53,1.61,4.97,1.656666667,-6.486323014,-6.945612985,3.56197078,5.547095458,5.20690986,-2.128530282,-2.647204334,0.542240499,2.523234188,2.429947606,-1.378398521,-2.966162849,1.217164931,3.26744121,3.200695098,-3.785853204,-4.348324725,1.989406222,6.654453204,2.484206139,1.729709389,0,0,4.582775939,3.634896136,3.592313012,2.419242965,5.985769,56.8,57.8,58.8,7.639878,46,49,52,7.9024681,58,62,66,7.176038367,6.91638435,2.02617786,3.778409415,4.240323875,0.036887269,0.413704668,0.391453808,0.280681915,-3.331083939,-4.186326723,1.77379207,3.779256952,3.612517522,0.454769265,0.161998003,-1.676,-0.257,-0.447,-0.793333333,-2.975726116,2.864903501,-2.983782346,2.90990561
117,Li1.00__P0Co-P1Ni-P2Fe-P3Al-P4Co-P5Co__P6Co-P7Co-P8Co,FeNiAl,3.845440385,1-2-3-Ni-Fe-Al,-129.2904795,2.70341654,0,2.70341654,2.70341654,1,12.10464994,0.914046526,1.591233603,67,148,384.0000029,168.0000029,150.0000029,105.000002,95.7424277,54.2575723,6.101153866,15.97658211,2.127896106,1.988090857,1.930628659,2.015538541,9.243,7.267,0.723,5.744333333,5.046,12.187,22.279,8.373482066,7.52312618,0.850355885,42.2525905,3.514718155,2.518631343,1.53,1.61,1.83,4.97,1.656666667,0.377539581,-4.70191271,1.376575666,2.800492166,3.635924583,-2.727236302,-3.331450162,0.772461391,3.083891656,2.938192577,-6.8672025,-7.485598279,4.00215287,5.800385635,5.307696127,-3.812878939,-4.339310317,2.203291877,6.516295479,2.464550065,1.703973062,1.036635784,0.49049261,4.73406077,3.564459809,0,0,7.639878,46,49,52,7.9024681,58,62,66,5.985769,56.8,57.8,58.8,7.176038367,2.02617786,3.778409415,6.91638435,4.240323875,0.200596212,0.522873232,0.038929356,0.254132934,-3.072299741,-5.17298705,2.050396642,3.894923152,3.960604429,0.740579199,-0.833676734,-0.257,-0.447,-1.676,-0.793333333,-3.846969621,3.219600257,-3.904152935,3.242764993
118,Li1.00__P0Co-P1Ni-P2Al-P3Fe-P4Co-P5Co__P6Co-P7Co-P8Co,FeNiAl,3.862295585,1-2-3-Ni-Al-Fe,-129.4140878,2.69359836,0.0655,2.6581,2.7236,1,7.026951932,2.144794241,0.905035899,67,148,384.0000014,168.0000014,150.0000014,105.000001,108.9994268,41.0005732,4.458793599,7.02041155,2.075251367,1.957900632,1.943126027,1.992092675,9.239,0.696,7.357,5.764,5.041,12.251,22.333,8.593640788,7.598073191,0.995567597,43.32054321,4.00216807,2.500929177,1.53,1.83,1.61,4.97,1.656666667,-1.893125324,-2.474983478,1.029739714,2.559253065,2.401716265,-6.570290058,-7.064633502,3.371841183,5.491702134,5.120679414,-1.402996972,-2.942701629,1.186665998,3.232660823,3.16139453,-3.695121257,-4.289180328,2.071240011,6.418721257,2.508971012,1.707529485,4.609773695,3.560660363,0,0,3.710276893,2.359752373,7.639878,46,49,52,5.985769,56.8,57.8,58.8,7.9024681,58,62,66,7.176038367,2.02617786,6.91638435,3.778409415,4.240323875,0.412547922,0.037198716,0.403902689,0.284549776,-3.288804118,-4.16077287,1.862748965,3.76120534,3.561263403,0.406317139,0.128407457,-0.257,-1.676,-0.447,-0.793333333,-2.869154777,2.825662255,-2.896282592,2.879638543
119,Li1.00__P0Co-P1Fe-P2Al-P3Mn-P4Co-P5Co__P6Co-P7Co-P8Co,FeMnAl,4.919188,1-2-3-Fe-Al-Mn,-133.8979212,3.0538242,0.1491,2.9793,3.1284,1,7.458388345,2.473946399,1.175408829,64,145,378.0000023,162.0000023,144.0000023,100.8000016,99.65430844,44.34569156,5.378338305,10.11235037,2.017790435,1.973148187,1.972719297,1.987885973,7.365,0.697,5.821,4.627666667,5.047,8.836,18.93,6.954024029,7.617489609,-0.66346558,35.09695927,3.197196029,2.525304916,1.61,1.83,1.89,5.33,1.776666667,-1.325803127,-2.451722785,1.186464464,3.088727023,3.101462758,-7.208138785,-7.728190446,2.953638083,5.516901135,5.11862591,-1.266371715,-3.89931538,1.12241544,3.397563857,3.209258462,-4.49111067,-5.179007396,1.760846724,7.61951067,2.638159565,1.661506342,3.581687092,3.074807538,0,0,2.429809937,1.989069932,7.9024681,58,62,66,5.985769,56.8,57.8,58.8,7.434038,59,68,77,7.107425033,3.778409415,6.91638435,3.28671184,4.660501868,0.319580244,0.038270932,0.348314878,0.235388685,-3.266771209,-4.693076204,1.754172662,4.001064005,3.809782377,1.224339461,0.485931193,-0.447,-1.676,-1.185,-1.102666667,-3.294919121,3.263101289,-3.45170483,3.263953664
120,Li1.00__P0Co-P1Fe-P2Mn-P3Al-P4Co-P5Co__P6Co-P7Co-P8Co,FeMnAl,4.661113535,1-2-3-Fe-Mn-Al,-133.5867403,2.84325784,0,2.84325784,2.84325784,1,7.415264022,1.836204223,1.102050328,64,145,378.0000014,162.0000014,144.0000014,100.800001,98.86042338,45.13957662,3.875543026,10.70660973,2.016604037,1.988311689,1.965029288,1.989981671,7.357,5.752,0.726,4.611666667,5.052,8.783,18.887,6.910579211,7.617004933,-0.706425722,34.91224617,3.055373192,2.527604309,1.61,1.89,1.83,5.33,1.776666667,-0.733572906,-2.563785785,1.205418882,3.095768872,3.338806914,-1.35208462,-2.712521097,1.160499435,3.125307392,3.106056619,-6.814440516,-7.265395617,2.957080005,5.602923747,5.29320691,-4.108788582,-4.733125293,1.878870288,6.952046422,2.541194159,1.676709822,2.799773947,2.112039138,3.288552031,2.822480755,0,0,7.9024681,58,62,66,7.434038,59,68,77,5.985769,56.8,57.8,58.8,7.107425033,3.778409415,3.28671184,6.91638435,4.660501868,0.297913466,0.349222943,0.039029533,0.228721981,-2.966699347,-4.1805675,1.774332774,3.941333337,3.912690148,1.142089234,0.552557793,-0.447,-1.185,-1.676,-1.102666667,-2.934712864,3.341921354,-2.906914763,3.331516514
121,Li1.00__P0Co-P1Al-P2Fe-P3Mn-P4Co-P5Co__P6Co-P7Co-P8Co,FeMnAl,4.74126119,1-2-3-Al-Fe-Mn,-133.7129839,3.01295123,0,3.01295123,3.01295123,1,7.505570861,2.30172575,1.499228041,64,145,378.0000039,162.0000039,144.0000039,100.8000027,99.17178649,44.82821351,6.676752502,10.28716616,1.956786816,2.033467881,1.986469146,1.992241281,0.717,7.312,5.81,4.613,5.052,8.787,18.891,6.887032094,7.609415185,-0.722383091,34.79328614,3.137497856,2.51295726,1.83,1.61,1.89,5.33,1.776666667,-6.178298334,-7.467627195,5.359135451,6.336172013,5.246617987,-1.136742148,-2.313404744,1.168382268,3.021049933,3.088792872,-1.652772165,-4.010721353,0.978521022,3.410740977,3.131755103,-4.299969778,-5.067887509,2.187102766,7.312921008,2.798486927,1.650816064,0,0,3.372523473,3.017164193,2.841119999,2.109670521,5.985769,56.8,57.8,58.8,7.9024681,58,62,66,7.434038,59,68,77,7.107425033,6.91638435,3.778409415,3.28671184,4.660501868,0.038773269,0.296521282,0.39020359,0.241832714,-2.989270882,-4.597251097,2.502012913,4.255987641,3.822388654,1.310698896,0.470636411,-1.676,-0.447,-1.185,-1.102666667,-3.283969517,3.240297988,-3.501753879,3.227221829
122,Li1.00__P0Co-P1Al-P2Mn-P3Fe-P4Co-P5Co__P6Co-P7Co-P8Co,FeMnAl,4.83571842,1-2-3-Al-Mn-Fe,-133.6600115,2.61497465,0,2.61497465,2.61497465,1,7.307940873,0.926519065,1.203076025,64,145,378.0000022,162.0000022,144.0000022,100.8000015,100.3187224,43.68127765,3.677867577,9.229346047,1.970691683,2.010458261,1.995733162,1.992294369,0.718,5.764,7.387,4.623,5.048,8.821,18.917,6.932743754,7.601803765,-0.669060012,34.99649047,3.139436812,2.523425985,1.83,1.89,1.61,5.33,1.776666667,-6.771688781,-7.247778434,3.370111565,5.598730703,5.245200481,-1.134753177,-3.011440197,1.239386042,3.230443308,3.221371903,-1.178814461,-2.652868057,1.21444873,3.143706183,3.162339345,-4.040953685,-4.730690536,2.00508197,6.655928335,2.592916514,1.625748767,0,0,2.837017113,2.426140154,3.556975135,2.421013451,5.985769,56.8,57.8,58.8,7.434038,59,68,77,7.9024681,58,62,66,7.107425033,6.91638435,3.28671184,3.778409415,4.660501868,0.038838376,0.3359367,0.343281034,0.239352037,-3.028418806,-4.304028896,1.941315446,3.990960065,3.87630391,1.012534878,0.42666164,-1.676,-1.185,-0.447,-1.102666667,-3.087970434,3.315214037,-3.069153631,3.302615496
123,Li1.00__P0Co-P1Mn-P2Fe-P3Al-P4Co-P5Co__P6Co-P7Co-P8Co,FeMnAl,4.598880295,1-2-3-Mn-Fe-Al,-133.434851,3.23116379,0.0999,3.182,3.2819,1,7.710438822,2.566999453,1.399916263,64,145,378.0000034,162.0000034,144.0000034,100.8000024,99.16397136,44.83602864,5.332733513,10.63170863,1.965557689,2.016191223,1.980987506,1.987578806,5.801,7.297,0.726,4.608,5.052,8.772,18.876,6.937009476,7.626220846,-0.689211369,35.04577187,3.156653184,2.533030093,1.89,1.61,1.83,5.33,1.776666667,-1.588571356,-4.004145506,0.978293238,3.384967092,3.116330148,-1.024391902,-2.269120201,1.213500445,3.007223024,3.100839597,-7.008938398,-7.432762955,2.794581767,5.586958624,5.295611506,-4.339189776,-4.989623378,1.693454979,7.621089776,2.577512844,1.675835487,2.756256336,2.087973001,3.251066414,2.932957674,0,0,7.434038,59,68,77,7.9024681,58,62,66,5.985769,56.8,57.8,58.8,7.107425033,3.28671184,3.778409415,6.91638435,4.660501868,0.372408068,0.293430562,0.038023853,0.234620828,-3.207300552,-4.568676221,1.66212515,3.99304958,3.83759375,1.131889224,0.420947157,-1.185,-0.447,-1.676,-1.102666667,-3.258963828,3.248138592,-3.466057154,3.227600851
124,Li1.00__P0Co-P1Mn-P2Al-P3Fe-P4Co-P5Co__P6Co-P7Co-P8Co,FeMnAl,4.805306785,1-2-3-Mn-Al-Fe,-133.7990755,2.86685521,0,2.86685521,2.86685521,1,7.352828258,1.081435639,1.013683289,64,145,378.0000026,162.0000026,144.0000026,100.8000018,101.1644842,42.83551578,2.299251029,8.541633603,1.980322192,1.996426051,1.994527821,1.990425355,5.807,0.702,7.375,4.628,5.044,8.84,18.928,6.981596484,7.602494449,-0.620897965,35.21517267,3.185715216,2.536120643,1.89,1.83,1.61,5.33,1.776666667,-0.793391249,-2.836283872,1.379518899,3.238663763,3.331548495,-6.97596486,-7.427614852,2.926296871,5.465806048,5.134584098,-1.154695657,-2.499280855,1.260200703,3.103086049,3.126808167,-4.132588484,-4.81597689,1.979442064,6.999443694,2.601537554,1.644352516,2.810710969,2.023237489,0,0,3.530851851,2.648881432,7.434038,59,68,77,5.985769,56.8,57.8,58.8,7.9024681,58,62,66,7.107425033,3.28671184,6.91638435,3.778409415,4.660501868,0.309990534,0.038152641,0.338529612,0.228890929,-2.974683922,-4.254393193,1.855338824,3.935851954,3.864313587,1.157904562,0.561583697,-1.185,-1.676,-0.447,-1.102666667,-2.933276205,3.330929248,-2.925243132,3.330791084
125,Li1.00__P0Mn-P1Ni-P2Mn-P3Ni-P4Fe-P5Al__P6Co-P7Co-P8Co,Ni,3.816528375,0-1-2-3-4-5-Mn-Ni-Mn-Ni-Fe-Al,-134.1824707,2.61317703,0,2.61317703,2.61317703,1,7.612813002,3.911781715,1.738703431,81,145,378.0000048,162.0000048,144.0000048,100.8000034,99.3943227,44.6056773,13.70253586,9.087896919,2.096639902,1.93364529,2.076228068,2.03550442,9.131,5.717,9.135,7.994333333,5.01,18.973,28.993,11.7114611,7.393528602,4.317932497,58.67442011,4.111675973,2.436755706,1.53,1.89,1.53,4.95,1.65,-1.892443303,-2.457020523,1.077119301,2.419348836,2.221967769,-1.745342282,-4.385857527,0.950845964,3.431348889,2.94609846,-1.858020916,-2.326881658,0.573829814,2.288231819,2.203184886,-3.668129605,-4.422215745,1.663873797,6.281306635,2.626271187,1.701341787,4.633194281,3.565847679,2.711643931,2.049472574,4.584251238,3.582446332,7.639878,46,49,52,7.434038,59,68,77,7.639878,46,49,52,7.571264667,2.02617786,3.28671184,2.02617786,2.446355853,0.397860922,0.46525534,0.367490534,0.410202265,-1.8319355,-3.05658657,0.867265026,2.712976515,2.457083705,1.836194104,1.365629175,-0.257,-1.185,-0.257,-0.566333333,-2.764910576,2.349775626,-3.147392881,2.490130711
126,Li1.00__P0Mn-P1Ni-P2Fe-P3Ni-P4Fe-P5Al__P6Co-P7Co-P8Co,Ni,3.711062995,0-1-2-3-4-5-Mn-Ni-Fe-Ni-Fe-Al,-131.1620053,2.23119917,0,2.23119917,2.23119917,1,6.692992594,3.398593284,1.211407713,82,146,380.0000031,164.0000031,146.0000031,102.2000022,103.0001531,42.99984686,13.71357141,7.581318023,2.080630334,1.921199578,2.008423812,2.003417908,9.12,7.257,9.18,8.519,5.009,20.548,30.566,12.73136299,7.508664262,5.222698726,63.77139721,4.303148499,2.490361614,1.53,1.61,1.53,4.67,1.556666667,-1.646009023,-2.170542109,0.956574923,2.335206587,2.208493348,-1.142643087,-2.669437237,1.192003087,3.147504283,3.203750255,-2.515681868,-2.95536082,0.597604908,2.416659075,2.250440281,-3.678979895,-4.366644691,1.835642631,5.910179065,2.628067736,1.775629817,4.564455327,3.543809941,3.245953606,2.572755216,4.91456517,3.672162785,7.639878,46,49,52,7.9024681,58,62,66,7.639878,46,49,52,7.727408033,2.02617786,3.778409415,2.02617786,2.610255045,0.366387805,0.355086341,0.64729,0.456254715,-1.768111326,-2.598446722,0.915394306,2.633123315,2.554227961,1.910868568,1.768197969,-0.257,-0.447,-0.257,-0.320333333,-2.594168458,2.473342571,-2.671107638,2.486520768
127,Li1.00__P0Mn-P1Ni-P2Al-P3Ni-P4Fe-P5Al__P6Co-P7Co-P8Co,Ni,3.886808685,0-1-2-3-4-5-Mn-Ni-Al-Ni-Fe-Al,-140.5678947,2.58320222,0,2.58320222,2.58320222,1,6.582989366,1.550394342,0.622150066,69,133,370.0000034,154.0000034,136.0000034,95.20000238,92.72110019,43.27889981,10.18811011,7.182282958,2.094214511,1.929177245,1.959565728,1.994319161,9.13,0.688,9.201,6.339666667,5.045,13.974,24.064,9.411686628,7.598672263,1.813014365,47.48195904,4.365463938,2.496040428,1.53,1.83,1.53,4.89,1.63,-1.946953522,-2.453638939,0.766762371,2.344288752,2.182217968,-4.510324019,-6.92996953,6.385133376,6.915721057,5.052276042,-2.002288552,-2.589006619,0.970330764,2.52216127,2.323698174,-3.327699441,-4.102762055,3.250604982,5.910901661,2.922329908,1.719541418,4.66004048,3.568389976,0,0,4.578145291,3.59984845,7.639878,46,49,52,5.985769,56.8,57.8,58.8,7.639878,46,49,52,7.088508333,2.02617786,6.91638435,2.02617786,3.65624669,0.41436276,0.037035352,0.450013021,0.300470378,-2.819855364,-3.990871696,2.707408837,3.927390359,3.186064062,0.507844076,0.111890359,-0.257,-1.676,-0.257,-0.73,-2.691130043,2.360609648,-2.705133166,2.370768496
128,Li1.00__P0Al-P1Ni-P2Mn-P3Ni-P4Mn-P5Fe__P6Co-P7Co-P8Co,Ni,3.694997865,0-1-2-3-4-5-Al-Ni-Mn-Ni-Mn-Fe,-134.0618104,2.49049217,0,2.49049217,2.49049217,1,7.323598054,2.451166378,1.509438854,81,145,378.0000009,162.0000009,144.0000009,100.8000006,99.94035751,44.05964249,9.297469631,8.595294166,2.116534222,1.946763946,2.075706135,2.046334768,9.131,5.723,9.142,7.998666667,5.009,18.987,29.005,11.65816289,7.35274733,4.305415565,58.39573794,4.079931907,2.425739508,1.53,1.89,1.53,4.95,1.65,-1.785392307,-2.20952132,0.555973975,2.271068926,2.210876604,-1.557275024,-4.097814863,1.083082223,3.396115904,2.996776535,-1.799684597,-2.278527769,0.614369901,2.300335547,2.217031862,-3.526552845,-4.260514744,1.597357596,6.017045015,2.56959943,1.693367056,4.657085698,3.588180628,2.731830341,2.067189967,4.539488115,3.600515531,7.639878,46,49,52,7.434038,59,68,77,7.639878,46,49,52,7.571264667,2.02617786,3.28671184,2.02617786,2.446355853,0.364616465,0.436786199,0.368212591,0.389871751,-1.714117309,-2.861954651,0.751142033,2.655840125,2.474895001,1.812435536,1.398560093,-0.257,-1.185,-0.257,-0.566333333,-2.608219347,2.367812841,-2.936418134,2.506304255
129,Li1.00__P0Al-P1Ni-P2Fe-P3Ni-P4Mn-P5Fe__P6Co-P7Co-P8Co,Ni,3.36447846,0-1-2-3-4-5-Al-Ni-Fe-Ni-Mn-Fe,-130.9022149,2.39252903,0,2.39252903,2.39252903,1,6.692330178,2.056347153,1.137371703,82,146,380.0000017,164.0000017,146.0000017,102.2000012,103.8451643,42.15483573,8.567377596,7.391086589,2.07327212,1.967368163,2.089553744,2.043398009,9.143,7.251,9.274,8.556,5.001,20.667,30.669,12.53384002,7.347437735,5.186402282,62.68173392,4.227117627,2.439958205,1.53,1.61,1.53,4.67,1.556666667,-1.907132278,-2.440169441,0.958053918,2.382649811,2.207038911,-1.003102145,-2.353277862,1.276212269,3.038812296,3.094598887,-2.169539611,-2.766580608,0.7345675,2.596542987,2.44580206,-3.149666319,-3.881404347,2.043186443,5.542195349,2.594962932,1.699230344,4.656543578,3.576252708,3.259186634,2.801942334,4.564691866,3.577599513,7.639878,46,49,52,7.9024681,58,62,66,7.639878,46,49,52,7.727408033,2.02617786,3.778409415,2.02617786,2.610255045,0.42647775,0.343271,0.4744525,0.41473375,-1.693258011,-2.520009304,0.989611229,2.672668365,2.582479952,1.456408308,1.361395044,-0.257,-0.447,-0.257,-0.320333333,-2.534688467,2.529659812,-2.540667037,2.542961555
130,Li1.00__P0Al-P1Ni-P2Al-P3Ni-P4Mn-P5Fe__P6Co-P7Co-P8Co,Ni,4.10016938,0-1-2-3-4-5-Al-Ni-Al-Ni-Mn-Fe,-140.4092961,2.52418907,0,2.52418907,2.52418907,1,6.631258398,2.121444219,0.613610912,69,133,370.0000034,154.0000034,136.0000034,95.20000238,93.60516296,42.39483704,10.64799107,6.478499459,2.11679793,1.90604516,2.012062661,2.01163525,9.177,0.687,9.179,6.347666667,5.045,13.998,24.088,9.257739034,7.537535746,1.720203288,46.70529343,4.29101933,2.453133124,1.53,1.83,1.53,4.89,1.63,-1.855386526,-2.429582599,1.073833022,2.473921709,2.282632573,-4.726470303,-6.856511506,6.26147591,6.726471623,5.048448309,-1.840967788,-2.411800146,1.054138529,2.474812095,2.291795814,-3.257526331,-3.931345863,3.047093494,5.781715401,2.735622096,1.695004995,4.597963945,3.576767023,0,0,4.601108593,3.572359146,7.639878,46,49,52,5.985769,56.8,57.8,58.8,7.639878,46,49,52,7.088508333,2.02617786,6.91638435,2.02617786,3.65624669,0.436490102,0.03714924,0.438920305,0.304186549,-2.807608206,-3.899298084,2.796482487,3.891735142,3.207625565,0.449918126,0.032047779,-0.257,-1.676,-0.257,-0.73,-2.591756725,2.393702437,-2.601244762,2.399633017
131,Li1.00__P0Fe-P1Ni-P2Mn-P3Ni-P4Al-P5Mn__P6Co-P7Co-P8Co,Ni,3.35765408,0-1-2-3-4-5-Fe-Ni-Mn-Ni-Al-Mn,-133.9017016,2.35252046,0,2.35252046,2.35252046,1,7.464485665,4.434369193,1.459350564,81,145,378.000001,162.000001,144.000001,100.8000007,100.1872275,43.81277247,15.01765596,8.482597429,2.081448332,1.939528869,2.085838774,2.035605325,9.12,5.72,9.158,7.999333333,5.007,18.991,29.005,11.72129412,7.387564462,4.333729658,58.68851966,4.093470954,2.439386734,1.53,1.89,1.53,4.95,1.65,-1.884155073,-2.420354942,0.975323805,2.379957528,2.20298332,-1.620394324,-4.060909203,0.963125855,3.340213386,2.980480963,-1.610102483,-2.208702454,0.996225279,2.41416827,2.274894454,-3.430883387,-4.221743953,2.161575335,5.783403847,2.746366463,1.742687286,4.638182828,3.580687316,2.77699331,2.072271572,4.419023521,3.507030272,7.639878,46,49,52,7.434038,59,68,77,7.639878,46,49,52,7.571264667,2.02617786,3.28671184,2.02617786,2.446355853,0.400180101,0.484255416,0.369929723,0.418121746,-1.70488396,-2.896655533,0.97822498,2.711446395,2.486119579,1.725999427,1.325088421,-0.257,-1.185,-0.257,-0.566333333,-2.671369489,2.389468642,-2.991281748,2.524348658
132,Li1.00__P0Fe-P1Ni-P2Fe-P3Ni-P4Al-P5Mn__P6Co-P7Co-P8Co,Ni,3.253417825,0-1-2-3-4-5-Fe-Ni-Fe-Ni-Al-Mn,-131.1230046,2.44816807,0.1147,2.3917,2.5064,1,6.646697654,3.610670786,1.124415391,82,146,380.0000036,164.0000036,146.0000036,102.2000025,103.2177914,42.78220861,14.2238745,7.857573558,2.062254617,1.958375695,1.9987033,2.006444537,9.106,7.276,9.203,8.528333333,5.007,20.578,30.592,12.73536484,7.489760071,5.245604771,63.76597176,4.301079468,2.490081118,1.53,1.61,1.53,4.67,1.556666667,-1.795536347,-2.360776485,1.164941657,2.39181187,2.185312856,-1.319578933,-2.776331319,1.160182912,3.139712584,3.108792196,-1.902532992,-2.486564291,1.072174615,2.530558238,2.349993223,-3.395536573,-4.080451141,1.841061704,5.901936573,2.569357495,1.758356858,4.634192382,3.558138918,3.368618132,2.730441329,4.607401932,3.578837164,7.639878,46,49,52,7.9024681,58,62,66,7.639878,46,49,52,7.727408033,2.02617786,3.778409415,2.02617786,2.610255045,0.400663017,0.386611192,0.430790024,0.406021411,-1.672549424,-2.541224032,1.132433061,2.687360897,2.548032758,1.722987149,1.53922711,-0.257,-0.447,-0.257,-0.320333333,-2.516061876,2.488230915,-2.537159861,2.536665516
133,Li1.00__P0Fe-P1Ni-P2Al-P3Ni-P4Al-P5Mn__P6Co-P7Co-P8Co,Ni,3.681297745,0-1-2-3-4-5-Fe-Ni-Al-Ni-Al-Mn,-140.1846034,2.46324029,0,2.46324029,2.46324029,1,6.558584887,2.423305909,0.560616398,69,133,370.0000023,154.0000023,136.0000023,95.20000161,93.69407319,42.30592681,11.68868159,6.209622548,2.076126541,1.919435219,1.995144172,1.996901977,9.141,0.692,9.191,6.341333333,5.039,13.985,24.063,9.370118166,7.577999446,1.79211872,47.21602544,4.344520706,2.482047276,1.53,1.83,1.53,4.89,1.63,-1.649689228,-2.236405075,1.36036221,2.456494997,2.238807735,-4.700008079,-6.825084139,6.340978836,6.751139223,5.077569786,-1.858418514,-2.426136137,1.054771035,2.484814706,2.301080607,-3.230832365,-3.947183759,3.144476131,5.694072655,2.808168769,1.706309048,4.627890585,3.543657366,0,0,4.623360734,3.57196488,7.639878,46,49,52,5.985769,56.8,57.8,58.8,7.639878,46,49,52,7.088508333,2.02617786,6.91638435,2.02617786,3.65624669,0.405631122,0.037095602,0.443959184,0.295561969,-2.736038607,-3.82920845,2.918704027,3.897482975,3.205819376,0.494793758,0.117975308,-0.257,-1.676,-0.257,-0.73,-2.50473798,2.378367287,-2.523375532,2.388750573
134,Li1.00__P0Ni-P1Mn-P2Ni-P3Mn-P4Fe-P5Al__P6Co-P7Co-P8Co,Mn,3.665506585,0-1-2-3-4-5-Ni-Mn-Ni-Mn-Fe-Al,-134.4537033,2.23739808,0,2.23739808,2.23739808,1,8.21992194,3.941993751,1.550877285,78,145,378.0000041,162.0000041,144.0000041,100.8000029,100.4229489,43.57705111,10.95360575,8.130805487,1.994340568,2.090198612,1.97478789,2.01977569,5.75,9.079,5.787,6.872,5.019,15.597,25.635,10.15720619,7.459367323,2.697838869,50.97901788,3.634553401,2.464303483,1.89,1.53,1.89,5.31,1.77,-1.677107198,-4.282310365,1.080968311,3.462712958,2.96701906,-1.790276887,-2.337429164,1.151368129,2.369657523,2.173213791,-0.536877295,-3.179734555,1.682667324,3.380475884,3.360056257,-3.523501713,-4.350446408,2.07757909,5.760899793,2.714212021,1.681480329,2.787101301,2.056256956,4.644498817,3.582780095,2.415361895,1.844072381,7.434038,59,68,77,7.639878,46,49,52,7.434038,59,68,77,7.502651333,3.28671184,2.02617786,3.28671184,2.866533847,0.583846944,0.400231296,0.336500489,0.44019291,-1.334753793,-3.266491361,1.305001255,3.070948788,2.833429703,2.18874792,1.083955047,-1.185,-0.257,-1.185,-0.875666667,-3.025446953,2.661814143,-3.41191953,2.826589339
135,Li1.00__P0Ni-P1Mn-P2Fe-P3Mn-P4Fe-P5Al__P6Co-P7Co-P8Co,Mn,3.793569555,0-1-2-3-4-5-Ni-Mn-Fe-Mn-Fe-Al,-135.3238342,2.9036369,0.1502,2.8298,2.98,1,8.822355041,4.73553523,2.627399282,76,143,374.0000038,158.0000038,140.0000038,98.00000266,94.33840328,45.66159672,13.4683014,10.54644988,1.997779379,2.042502925,1.98049186,2.006924721,5.765,7.264,5.771,6.266666667,5.016,13.784,23.816,9.356047488,7.499302364,1.856745124,46.9299342,3.184161996,2.493049566,1.89,1.61,1.89,5.39,1.796666667,-1.732371854,-4.288913786,0.930694353,3.422812742,3.015673612,-1.166884589,-2.397334153,1.05689674,2.956360635,3.02908676,-1.797983559,-4.460480615,0.967900205,3.501489428,3.003945022,-4.228618572,-5.132578709,1.515501506,7.208618572,2.793630362,1.661950714,2.745683586,2.05776777,3.324600818,2.88508486,2.770387365,2.022610323,7.434038,59,68,77,7.9024681,58,62,66,7.434038,59,68,77,7.590181367,3.28671184,3.778409415,3.28671184,3.450611032,0.427478345,0.306514599,0.444141849,0.392711598,-1.565746667,-3.715576185,0.985163766,3.293554268,3.016235131,2.662871905,1.417002524,-1.185,-0.447,-1.185,-0.939,-3.516908257,3.018229871,-3.861461201,3.014741773
136,Li1.00__P0Ni-P1Mn-P2Al-P3Mn-P4Fe-P5Al__P6Co-P7Co-P8Co,Mn,4.47096971,0-1-2-3-4-5-Ni-Mn-Al-Mn-Fe-Al,-144.2945343,3.04618652,0.1135,2.9832,3.0967,1,8.620246615,4.200707325,1.852992432,63,130,364.0000033,148.0000033,130.0000033,91.00000231,84.71755091,45.28244909,11.76503381,8.91957676,2.056056462,1.980357053,1.982520516,2.006311344,5.771,0.694,5.787,4.084,5.044,7.208,17.296,6.076282795,7.544491432,-1.468208637,30.64877042,2.673121558,2.503143618,1.89,1.83,1.89,5.61,1.87,-1.767094184,-4.345795151,0.919500755,3.432122475,2.97858763,-6.005746263,-7.579021406,5.116249589,6.379137651,5.078083115,-1.651135119,-4.126585199,0.98870164,3.440059993,3.10447399,-4.276871586,-5.128217679,2.176337603,7.373571586,2.883567013,1.624273055,2.743187002,2.039364495,0,0,2.624500703,2.190814524,7.434038,59,68,77,5.985769,56.8,57.8,58.8,7.434038,59,68,77,6.951281667,3.28671184,6.91638435,3.28671184,4.496602677,0.433890404,0.038048864,0.414350505,0.295429924,-3.141325189,-5.350467252,2.341483995,4.417106706,3.720381578,1.135546397,-0.222249573,-1.185,-1.676,-1.185,-1.348666667,-4.488146302,3.197142823,-4.382116038,3.127573321
137,Li1.00__P0Al-P1Mn-P2Ni-P3Mn-P4Ni-P5Fe__P6Co-P7Co-P8Co,Mn,3.70302603,0-1-2-3-4-5-Al-Mn-Ni-Mn-Ni-Fe,-133.6736935,2.68148263,0,2.68148263,2.68148263,1,8.6059655,5.357219862,2.310576347,78,145,378.0000006,162.0000006,144.0000006,100.8000004,98.75076523,45.24923477,12.58869804,9.585073296,1.982071397,2.087429977,1.989257647,2.01958634,5.75,9.091,5.803,6.881333333,5.025,15.619,25.669,10.17329027,7.468560871,2.704729394,51.12078358,3.642866909,2.468000793,1.89,1.53,1.89,5.31,1.77,-1.753331973,-4.380321899,0.931561437,3.453063965,3.010899834,-1.89289849,-2.387676542,0.606309545,2.296483397,2.191232182,-1.658064756,-4.268011724,1.07712355,3.491942792,3.059578563,-4.004774897,-4.810455154,1.640383447,6.686257527,2.707484714,1.704519906,2.70396464,2.050587664,4.574526819,3.562773541,2.720010595,2.09416749,7.434038,59,68,77,7.639878,46,49,52,7.434038,59,68,77,7.502651333,3.28671184,2.02617786,3.28671184,2.866533847,0.444278398,0.342232282,0.435455825,0.407322168,-1.768098406,-3.678670055,0.871664844,3.080496718,2.753903526,2.236676491,1.131785099,-1.185,-0.257,-1.185,-0.875666667,-3.341068191,2.60723227,-3.782225565,2.798685102
138,Li1.00__P0Al-P1Mn-P2Fe-P3Mn-P4Ni-P5Fe__P6Co-P7Co-P8Co,Mn,4.318938415,0-1-2-3-4-5-Al-Mn-Fe-Mn-Ni-Fe,-135.2024634,2.52071146,0.0661,2.4874,2.5535,1,9.970888099,6.241926266,3.01937305,76,143,373.9999996,157.9999996,139.9999996,97.99999972,90.55276495,49.44723505,16.78136621,12.40751767,2.002710408,2.006899788,1.992840894,2.00081703,5.783,7.282,5.789,6.284666667,5.026,13.828,23.88,9.42096709,7.535986936,1.884980153,47.34978059,3.179027191,2.511664469,1.89,1.61,1.89,5.39,1.796666667,-2.0097477,-4.913624935,2.709650203,4.488286092,3.129444232,-0.711148196,-2.517322266,1.29572599,3.052916292,3.227329592,-1.577175294,-4.073250792,1.063351141,3.443301064,3.115352564,-4.202494821,-5.014829518,2.087443903,6.755994821,2.832222283,1.73826364,3.10317912,2.076438115,2.665928058,2.376778603,2.709609373,2.115951837,7.434038,59,68,77,7.9024681,58,62,66,7.434038,59,68,77,7.590181367,3.28671184,3.778409415,3.28671184,3.450611032,0.731337221,0.282444417,0.420941935,0.478241191,-1.432690397,-3.834732664,1.689575778,3.661501149,3.157375463,2.769804424,1.180096854,-1.185,-0.447,-1.185,-0.939,-3.713141816,3.162564089,-4.195318602,3.14457983
139,Li1.00__P0Al-P1Mn-P2Al-P3Mn-P4Ni-P5Fe__P6Co-P7Co-P8Co,Mn,4.6991098,0-1-2-3-4-5-Al-Mn-Al-Mn-Ni-Fe,-144.3291109,2.86039649,0,2.86039649,2.86039649,1,8.905492398,4.112642377,2.017393664,63,130,364.0000024,148.0000024,130.0000024,91.00000168,79.40933377,50.59066623,13.33916196,12.11567011,2.030059158,1.96967219,1.993986208,1.997905852,5.784,0.695,5.805,4.094666667,5.055,7.229,17.339,6.113282484,7.591614971,-1.478332487,30.90264296,2.681174349,2.517169091,1.89,1.83,1.89,5.61,1.87,-1.816059967,-4.359282672,0.839394295,3.480659099,3.142870964,-5.834126932,-7.969114887,5.373651231,6.790882283,5.076850612,-1.807181835,-4.288908312,0.832488136,3.448951597,3.127868471,-4.535895653,-5.386442775,2.142004788,7.396292143,2.9316849,1.657061887,2.623956015,2.091055968,0,0,2.674118111,2.086290063,7.434038,59,68,77,5.985769,56.8,57.8,58.8,7.434038,59,68,77,6.951281667,3.28671184,6.91638435,3.28671184,4.496602677,0.410479337,0.039275143,0.403218367,0.284324282,-3.152456245,-5.539101957,2.348511221,4.57349766,3.782530016,1.383439408,-0.152659183,-1.185,-1.676,-1.185,-1.348666667,-4.611294451,3.288503992,-4.49222998,3.22482908
140,Li1.00__P0Fe-P1Mn-P2Ni-P3Mn-P4Al-P5Ni__P6Co-P7Co-P8Co,Mn,3.89233168,0-1-2-3-4-5-Fe-Mn-Ni-Mn-Al-Ni,-134.4087796,2.53704362,0,2.53704362,2.53704362,1,8.612907252,4.815747724,2.055952756,78,145,378.0000028,162.0000028,144.0000028,100.800002,99.72544932,44.27455068,13.15269274,8.472038651,1.967789043,2.104671483,1.990848349,2.021102958,5.763,9.06,5.8,6.874333333,5.026,15.597,25.649,10.14670831,7.466708628,2.679999679,50.99735595,3.605699011,2.464126768,1.89,1.53,1.89,5.31,1.77,-1.666561222,-4.372291955,1.088206948,3.496938407,2.983486523,-1.520489927,-2.045987361,0.667763861,2.244166531,2.177586897,-1.460331338,-3.941614257,1.175717357,3.447483839,3.127941068,-3.685697017,-4.486986263,1.842335588,6.222740637,2.681661546,1.706672582,2.705201428,2.0442896,4.305441044,3.538648495,2.738113856,2.113968398,7.434038,59,68,77,7.639878,46,49,52,7.434038,59,68,77,7.502651333,3.28671184,2.02617786,3.28671184,2.866533847,0.466650483,0.312495169,0.418353623,0.399166425,-1.549127496,-3.453297857,0.977229389,3.062862925,2.763004829,2.136569521,1.033688405,-1.185,-0.257,-1.185,-0.875666667,-3.107474079,2.622648876,-3.614767887,2.823647881
141,Li1.00__P0Fe-P1Mn-P2Fe-P3Mn-P4Al-P5Ni__P6Co-P7Co-P8Co,Mn,3.850569865,0-1-2-3-4-5-Fe-Mn-Fe-Mn-Al-Ni,-135.366694,2.82253726,0.2325,2.7053,2.9378,1,8.660032241,4.722321403,2.48861699,76,143,373.9999992,157.9999992,139.9999992,97.99999944,94.99380183,45.00619817,13.25106357,9.946129506,1.978358806,2.036044187,1.98856234,2.000988444,5.793,7.239,5.801,6.277666667,5.028,13.805,23.861,9.400791399,7.539454924,1.861336475,47.26717915,3.192133505,2.506967682,1.89,1.61,1.89,5.39,1.796666667,-1.705693323,-4.336426423,1.039430109,3.502870925,3.05566415,-1.208892971,-2.452978451,1.017428406,2.948259411,3.013849085,-1.541420206,-4.099334088,1.149525065,3.457076401,3.062084322,-4.126415844,-5.018612123,1.663331595,7.064215844,2.795135646,1.678860911,2.724855902,2.084243631,3.360138112,2.833237822,2.722824821,2.103850656,7.434038,59,68,77,7.9024681,58,62,66,7.434038,59,68,77,7.590181367,3.28671184,3.778409415,3.28671184,3.450611032,0.437171845,0.315472573,0.419038107,0.390560841,-1.4853355,-3.629579654,1.068794527,3.302735579,3.043865852,2.641080344,1.389032469,-1.185,-0.447,-1.185,-0.939,-3.463929959,3.039750444,-3.744519583,3.046701646
142,Li1.00__P0Fe-P1Mn-P2Al-P3Mn-P4Al-P5Ni__P6Co-P7Co-P8Co,Mn,4.391746135,0-1-2-3-4-5-Fe-Mn-Al-Mn-Al-Ni,-144.4310297,3.02191898,0.4195,2.8102,3.2297,1,8.765332102,4.216415539,1.96666111,63,130,364.0000027,148.0000027,130.0000027,91.00000189,84.98615376,45.01384624,11.47487728,8.756677714,2.00822609,2.00789309,1.974719013,1.996946064,5.778,0.69,5.809,4.092333333,5.051,7.226,17.328,6.162494222,7.588559497,-1.426065275,31.12675832,2.71303074,2.535249826,1.89,1.83,1.89,5.61,1.87,-1.759396962,-4.361535754,0.954069287,3.473853958,3.031885095,-5.633748692,-7.557439175,5.468738957,6.61708176,5.059485338,-1.689875335,-4.272787289,1.017591539,3.481700765,3.063757648,-4.266430127,-5.126608876,2.219500246,7.496130127,2.917046724,1.669054519,2.704917884,2.078802135,0,0,2.72433438,2.061530039,7.434038,59,68,77,5.985769,56.8,57.8,58.8,7.434038,59,68,77,6.951281667,3.28671184,6.91638435,3.28671184,4.496602677,0.436227273,0.038001136,0.430506818,0.301578409,-3.027673663,-5.397254073,2.480133261,4.524212161,3.718376027,1.238756464,-0.270645197,-1.185,-1.676,-1.185,-1.348666667,-4.565122782,3.202501128,-4.453541835,3.132215514
143,Li1.00__P0Ni-P1Al-P2Ni-P3Al-P4Mn-P5Fe__P6Co-P7Co-P8Co,Al,4.34521402,0-1-2-3-4-5-Ni-Al-Ni-Al-Mn-Fe,-140.0366613,2.44625621,0,2.44625621,2.44625621,1,6.789901379,1.068981922,0.233079336,54,133,370.0000035,154.0000035,136.0000035,95.20000245,94.41881971,41.58118029,10.67630274,5.500590811,1.942103557,2.06675007,1.946035902,1.984963176,0.704,9.119,0.715,3.512666667,5.08,5.458,15.618,5.142148407,7.684120659,-2.541972252,26.12211391,3.841957889,2.47981884,1.83,1.53,1.83,5.19,1.73,-4.940059434,-6.730439498,6.066918211,6.560974547,5.141002375,-1.722316251,-2.280788966,1.082422421,2.407142559,2.232541494,-4.94856204,-6.639422307,6.015867661,6.53713583,5.220085855,-3.43310377,-3.94196017,3.534311577,5.87935998,2.577208329,1.677205739,0,0,4.568114203,3.579283063,0,0,5.985769,56.8,57.8,58.8,7.639878,46,49,52,5.985769,56.8,57.8,58.8,6.537138667,6.91638435,2.02617786,6.91638435,5.28631552,0.03792019,0.433986548,0.037535048,0.169813929,-3.870312575,-5.21688359,4.388402764,5.168417645,4.197876575,-0.437208805,-1.274923421,-1.676,-0.257,-1.676,-1.203,-2.90131126,2.647972191,-2.933136525,2.669150772
144,Li1.00__P0Ni-P1Al-P2Fe-P3Al-P4Mn-P5Fe__P6Co-P7Co-P8Co,Al,5.02162711,0-1-2-3-4-5-Ni-Al-Fe-Al-Mn-Fe,-141.6831346,2.72399489,0.156,2.6403,2.7963,1,7.127720037,0.954085889,0.559266328,52,131,366.0000024,150.0000024,132.0000024,92.40000168,88.4865148,43.5134852,10.62865629,7.819068236,1.937560614,2.044791377,1.956139108,1.979497033,0.707,7.261,0.721,2.896333333,5.082,3.607,13.771,4.284448508,7.70619955,-3.421751042,21.77356732,2.946471268,2.509068107,1.83,1.61,1.83,5.27,1.756666667,-5.424953908,-6.94086026,5.661591123,6.385736873,5.164149014,-1.329820478,-2.710416764,1.054989141,3.068863008,3.059600496,-5.569331327,-7.037383881,5.522941402,6.415640028,5.245288456,-3.900174138,-4.448157026,2.887500672,6.696474138,2.577614695,1.651975382,0,0,3.518270255,2.608748381,0,0,5.985769,56.8,57.8,58.8,7.9024681,58,62,66,5.985769,56.8,57.8,58.8,6.6246687,6.91638435,3.778409415,6.91638435,5.870392705,0.037737072,0.37685533,0.038504183,0.151032195,-4.108035238,-5.562886968,4.079840555,5.29007997,4.489679322,-0.2078611,-1.114729943,-1.676,-0.447,-1.676,-1.266333333,-3.522771532,3.466897096,-3.430463867,3.420622038
145,Li1.00__P0Ni-P1Al-P2Mn-P3Al-P4Mn-P5Fe__P6Co-P7Co-P8Co,Al,5.12013357,0-1-2-3-4-5-Ni-Al-Mn-Al-Mn-Fe,-144.1470271,3.03548419,0.2122,2.928,3.1402,1,7.733171876,1.942449845,0.869052003,51,130,364.0000017,148.0000017,130.0000017,91.00000119,84.96008729,45.03991271,9.200807404,8.978286864,1.968696693,2.040699292,1.957840731,1.989078905,0.708,5.76,0.719,2.395666667,5.08,2.107,12.267,3.549431963,7.664425311,-4.114993348,18.03111437,2.214195751,2.513647057,1.83,1.89,1.83,5.55,1.85,-5.743260718,-7.304149333,5.376536553,6.423089249,5.169001544,-1.56954774,-3.944846728,0.95488511,3.33848813,3.073786762,-5.942602888,-7.497919771,5.135866286,6.46697987,5.23027221,-4.280139067,-4.861270649,2.630692271,7.420339067,2.629417748,1.646062631,0,0,2.677361245,2.155947964,0,0,5.985769,56.8,57.8,58.8,7.434038,59,68,77,5.985769,56.8,57.8,58.8,6.468525333,6.91638435,3.28671184,6.91638435,5.706493513,0.038011787,0.393364213,0.039195627,0.156857209,-4.418470449,-6.248971944,3.822429317,5.409519083,4.491020172,-0.138331382,-1.387701295,-1.676,-1.185,-1.676,-1.512333333,-4.800028836,3.599753611,-4.512152546,3.422655348
146,Li1.00__P0Fe-P1Al-P2Ni-P3Al-P4Ni-P5Mn__P6Co-P7Co-P8Co,Al,4.216759885,0-1-2-3-4-5-Fe-Al-Ni-Al-Ni-Mn,-140.0959777,2.52850583,0.0472,2.4932,2.5404,1,6.772878774,1.311298731,0.252437817,54,133,369.9999998,153.9999998,135.9999998,95.19999986,93.89607067,42.10392933,9.762412563,5.959014564,1.940145337,2.065333735,1.935833657,1.980437576,0.705,9.091,0.715,3.503666667,5.093,5.418,15.604,5.134434681,7.721914233,-2.587479552,26.14967583,3.834090744,2.488740864,1.83,1.53,1.83,5.19,1.73,-5.201559007,-6.880691102,5.85555956,6.4926578,5.150527198,-1.683617801,-2.244801877,1.231868639,2.387230656,2.185195556,-5.267036616,-6.796259566,5.76512279,6.429109727,5.216296168,-3.584057703,-4.078730977,3.584148428,6.124457703,2.580821578,1.695391267,0,0,4.606162579,3.577246154,0,0,5.985769,56.8,57.8,58.8,7.639878,46,49,52,5.985769,56.8,57.8,58.8,6.537138667,6.91638435,2.02617786,6.91638435,5.28631552,0.038230303,0.40020101,0.038094508,0.15884194,-4.050737808,-5.307250849,4.284183663,5.102999395,4.184006307,-0.466680105,-1.228519872,-1.676,-0.257,-1.676,-1.203,-2.890919805,2.606962877,-2.980579403,2.665408385
147,Li1.00__P0Fe-P1Al-P2Fe-P3Al-P4Ni-P5Mn__P6Co-P7Co-P8Co,Al,5.26750936,0-1-2-3-4-5-Fe-Al-Fe-Al-Ni-Mn,-141.7997974,2.7263582,0.2139,2.6218,2.8357,1,7.085040407,0.891292356,0.539827998,52,131,366.0000009,150.0000009,132.0000009,92.40000063,88.79520676,43.20479324,10.54324511,7.529776364,1.949951141,2.011709275,1.950227773,1.970629396,0.711,7.25,0.723,2.894666667,5.085,3.599,13.769,4.339250918,7.74284662,-3.403595703,22.06509092,2.990357047,2.542843608,1.83,1.61,1.83,5.27,1.756666667,-5.501436053,-7.15960368,5.708193702,6.529269947,5.193665601,-1.26258944,-2.610402812,1.084666427,3.04236237,3.051219295,-5.660428522,-7.135643431,5.495285975,6.435289959,5.252173588,-3.949421417,-4.508813627,2.987592051,6.785121417,2.624794302,1.680031915,0,0,3.534950701,2.60857,0,0,5.985769,56.8,57.8,58.8,7.9024681,58,62,66,5.985769,56.8,57.8,58.8,6.6246687,6.91638435,3.778409415,6.91638435,5.870392705,0.038836502,0.356923858,0.039162167,0.144974176,-4.141484672,-5.635216641,4.096048701,5.335640759,4.499019495,-0.192063255,-1.126403015,-1.676,-0.447,-1.676,-1.266333333,-3.470587011,3.46298389,-3.424095496,3.44071225
148,Li1.00__P0Fe-P1Al-P2Mn-P3Al-P4Ni-P5Mn__P6Co-P7Co-P8Co,Al,5.094883965,0-1-2-3-4-5-Fe-Al-Mn-Al-Ni-Mn,-144.1958595,2.97369438,0.1891,2.8775,3.0666,1,7.835869793,2.081801983,0.944241474,51,130,364.0000021,148.0000021,130.0000021,91.00000147,85.2882215,44.7117785,12.23976195,8.580096761,1.988600137,1.992047656,1.957595085,1.979414293,0.711,5.744,0.721,2.392,5.08,2.096,12.256,3.609312153,7.699721435,-4.090409282,18.33530574,2.245257872,2.556410951,1.83,1.89,1.83,5.55,1.85,-5.605369238,-7.412972435,5.510178781,6.619605822,5.187245761,-1.694434668,-4.153695875,0.873808511,3.362382455,3.028378981,-5.803319396,-7.454732159,5.254474969,6.541408667,5.238056673,-4.293713539,-4.908098616,2.601955209,7.360313539,2.700296951,1.683573943,0,0,2.645028019,2.155817204,0,0,5.985769,56.8,57.8,58.8,7.434038,59,68,77,5.985769,56.8,57.8,58.8,6.468525333,6.91638435,3.28671184,6.91638435,5.706493513,0.03881181,0.416730534,0.039216571,0.164919638,-4.367707767,-6.340466823,3.879487421,5.507798981,4.484560472,-0.073994228,-1.432368207,-1.676,-1.185,-1.676,-1.512333333,-4.984279967,3.581485702,-4.671026111,3.372881129
149,Li1.00__P0Mn-P1Al-P2Ni-P3Al-P4Fe-P5Ni__P6Co-P7Co-P8Co,Al,4.21215036,0-1-2-3-4-5-Mn-Al-Ni-Al-Fe-Ni,-139.7129704,2.54497428,0.106,2.4845,2.5905,1,6.71742468,1.446375115,0.220202617,54,133,370.0000034,154.0000034,136.0000034,95.20000238,93.90264667,42.09735333,12.02354468,6.123800704,1.932711508,2.056503497,1.960505798,1.983240268,0.706,9.086,0.717,3.503,5.089,5.42,15.598,5.149190578,7.703435526,-2.554244948,26.20423085,3.8500883,2.494172245,1.83,1.53,1.83,5.19,1.73,-5.201255185,-6.955622949,5.873320585,6.5609543,5.157779841,-1.615619577,-2.179727018,1.354884247,2.3995049,2.188146038,-5.202240241,-6.665567663,5.832942902,6.387470262,5.225653589,-3.472638303,-3.959018242,3.96247691,6.063138303,2.595583126,1.709197523,0,0,4.683599562,3.518204934,0,0,5.985769,56.8,57.8,58.8,7.639878,46,49,52,5.985769,56.8,57.8,58.8,6.537138667,6.91638435,2.02617786,6.91638435,5.28631552,0.038259429,0.39559797,0.037147238,0.157001545,-4.006371668,-5.266972543,4.353715911,5.115976487,4.190526489,-0.533733365,-1.307954301,-1.676,-0.257,-1.676,-1.203,-2.828728039,2.609209483,-2.921459928,2.668930071
150,Li1.00__P0Mn-P1Al-P2Fe-P3Al-P4Fe-P5Ni__P6Co-P7Co-P8Co,Al,5.017547215,0-1-2-3-4-5-Mn-Al-Fe-Al-Fe-Ni,-141.5303149,2.80049203,0.1599,2.7164,2.8763,1,7.051034926,0.802475383,0.510583564,52,131,366.0000037,150.0000037,132.0000037,92.40000259,88.50220667,43.49779333,10.46790524,7.793691413,1.942122275,2.007554337,1.957347556,1.969008056,0.715,7.248,0.722,2.895,5.092,3.593,13.777,4.347383536,7.759773303,-3.412389767,22.13687697,2.997936021,2.550626908,1.83,1.61,1.83,5.27,1.756666667,-5.749200695,-7.292488652,5.488492032,6.459290172,5.202006574,-1.196236506,-2.51927264,1.114154156,3.039192292,3.072661843,-5.759486071,-7.101550658,5.333080853,6.331028029,5.254926714,-4.031948606,-4.57185277,2.89669765,6.908248606,2.603157954,1.693335294,0,0,3.643124564,2.504447967,0,0,5.985769,56.8,57.8,58.8,7.9024681,58,62,66,5.985769,56.8,57.8,58.8,6.6246687,6.91638435,3.778409415,6.91638435,5.870392705,0.038862476,0.344155216,0.038628,0.140548564,-4.234974424,-5.63777065,3.97857568,5.276503498,4.509865043,-0.203025818,-1.06591788,-1.676,-0.447,-1.676,-1.266333333,-3.402868059,3.479946017,-3.379006856,3.468843137
151,Li1.00__P0Mn-P1Al-P2Mn-P3Al-P4Fe-P5Ni__P6Co-P7Co-P8Co,Al,5.130759355,0-1-2-3-4-5-Mn-Al-Mn-Al-Fe-Ni,-143.9465126,2.58729356,0,2.58729356,2.58729356,1,5.723310791,1.533784701,1.268776826,51,130,364.0000005,148.0000005,130.0000005,91.00000035,83.84735518,46.15264482,13.50034037,8.655482466,1.939138126,2.162447301,1.939966869,2.013850765,0.709,5.623,0.72,2.350666667,5.094,1.958,12.146,3.337061293,7.608422635,-4.271361342,16.99899023,2.192106726,2.405174218,1.83,1.89,1.83,5.55,1.85,-5.236234728,-7.412498262,5.7259345,6.847295012,5.181655911,-2.269281454,-3.313180481,1.06235474,3.236769504,2.998392791,-5.453917693,-7.388794542,5.746835172,6.762206154,5.258768617,-4.312086532,-4.827877887,3.632972066,6.899380092,2.71365224,1.756339644,0,0,3.902972356,3.267473272,0,0,5.985769,56.8,57.8,58.8,7.434038,59,68,77,5.985769,56.8,57.8,58.8,6.468525333,6.91638435,3.28671184,6.91638435,5.706493513,0.039877692,0.70666641,0.040848462,0.262464188,-4.319811292,-6.038157762,4.178374804,5.615423557,4.479605773,-0.007724759,-1.210279875,-1.676,-1.185,-1.676,-1.512333333,-4.060714005,3.404804319,-3.732226726,3.226228788
152,Li1.00__P0Ni-P1Fe-P2Ni-P3Fe-P4Al-P5Mn__P6Co-P7Co-P8Co,Fe,3.729320945,0-1-2-3-4-5-Ni-Fe-Ni-Fe-Al-Mn,-131.4964801,2.49382727,0,2.49382727,2.49382727,1,7.010928744,3.499512929,1.379422892,80,146,380.0000036,164.0000036,146.0000036,102.2000025,102.9470429,43.05295709,13.90391985,7.958290169,1.960440756,2.099806766,1.939150874,1.999799465,7.312,9.068,7.337,7.905666667,5.012,18.705,28.729,11.83188095,7.52809068,4.303790266,59.3013873,3.989471149,2.49372683,1.61,1.53,1.61,4.75,1.583333333,-1.713012539,-3.039286,1.017676926,3.204333184,3.11058676,-1.709860894,-2.243224585,0.999319792,2.311811944,2.154031402,-1.299014325,-3.027536049,1.201698645,3.269259691,3.221679625,-3.594132657,-4.407947449,1.80324335,6.087959927,2.684638589,1.719109358,3.630805992,2.890916239,4.569493872,3.569618211,3.134314015,2.575859575,7.9024681,58,62,66,7.639878,46,49,52,7.9024681,58,62,66,7.814938067,3.778409415,2.02617786,3.778409415,3.19433223,0.428910437,0.363885922,0.396619175,0.396471845,-1.573962586,-2.770015545,1.072898454,2.928468273,2.828765929,2.020170071,1.637931904,-0.447,-0.257,-0.447,-0.383666667,-2.704946946,2.743341021,-2.791823452,2.854986038
153,Li1.00__P0Ni-P1Fe-P2Al-P3Fe-P4Al-P5Mn__P6Co-P7Co-P8Co,Fe,4.907428155,0-1-2-3-4-5-Ni-Fe-Al-Fe-Al-Mn,-142.2370577,2.82705644,0.1705,2.7379,2.9084,1,7.018362466,1.643332212,0.980048691,65,131,366.0000043,150.0000043,132.0000043,92.40000301,88.40403619,43.59596381,10.44395536,7.9204751,2.013964462,1.935968407,1.996894803,1.982275891,7.307,0.7,7.331,5.112666667,5.05,10.288,20.388,7.660943345,7.64493216,0.016011185,38.68776389,3.473463599,2.523073626,1.61,1.83,1.61,5.05,1.683333333,-1.238564288,-2.621472772,1.180388828,3.124156353,3.127071325,-5.711489023,-7.221996604,5.737590078,6.387207265,5.110578475,-1.21401425,-2.606476118,1.238109181,3.153891153,3.149671602,-3.809414598,-4.598224659,2.617127132,6.717814598,2.802568247,1.634433008,3.339273405,2.813701943,0,0,3.41506099,2.751545685,7.9024681,58,62,66,5.985769,56.8,57.8,58.8,7.9024681,58,62,66,7.2635684,3.778409415,6.91638435,3.778409415,4.82440106,0.353480457,0.038014857,0.363360406,0.251618573,-2.721355854,-4.149981831,2.718696029,4.221751591,3.7957738,1.088058745,0.448242827,-0.447,-1.676,-0.447,-0.856666667,-2.860982244,3.244121039,-2.845938271,3.237840555
154,Li1.00__P0Ni-P1Fe-P2Mn-P3Fe-P4Al-P5Mn__P6Co-P7Co-P8Co,Fe,3.98737234,0-1-2-3-4-5-Ni-Fe-Mn-Fe-Al-Mn,-135.3137942,2.83855874,0,2.83855874,2.83855874,1,8.021470366,3.504969071,2.089776561,77,143,374.000004,158.000004,140.000004,98.0000028,94.02423856,45.97576144,13.88445824,10.25280679,2.011530268,1.991746621,1.994521291,1.99926606,7.289,5.771,7.326,6.795333333,5.016,15.37,25.402,10.19412813,7.52690572,2.667222408,51.13374669,3.459483219,2.508217401,1.61,1.89,1.61,5.11,1.703333333,-1.242763931,-2.811507907,1.16645896,3.152021759,3.148756312,-1.603893129,-4.01786209,0.97005232,3.372937982,3.091696055,-1.260816149,-2.489593127,1.177809712,3.081910906,3.117221947,-4.121582583,-5.00801578,1.577242292,6.960141323,2.738346109,1.613638077,3.083474123,2.74571638,2.721593541,2.122721758,3.469652867,2.919865245,7.9024681,58,62,66,7.434038,59,68,77,7.9024681,58,62,66,7.746324733,3.778409415,3.28671184,3.778409415,3.614510223,0.340220438,0.385706083,0.330105839,0.352010787,-1.369157736,-3.106321041,1.104773664,3.202290216,3.119224771,2.752424847,1.901694739,-0.447,-1.185,-0.447,-0.693,-2.990205033,3.121977776,-3.1514901,3.118058232
155,Li1.00__P0Mn-P1Fe-P2Ni-P3Fe-P4Ni-P5Al__P6Co-P7Co-P8Co,Fe,3.890184505,0-1-2-3-4-5-Mn-Fe-Ni-Fe-Ni-Al,-131.6702602,2.49405882,0,2.49405882,2.49405882,1,7.05977302,3.479828398,1.345044475,80,146,380.0000009,164.0000009,146.0000009,102.2000006,103.1614896,42.83851039,13.29600504,7.734857463,1.953418001,2.080900209,1.957288326,1.997202179,7.285,9.083,7.329,7.899,5.012,18.685,28.709,11.83876455,7.535017649,4.303746905,59.33588794,3.998446473,2.498822304,1.61,1.53,1.61,4.75,1.583333333,-1.343405785,-2.788017862,1.094192221,3.101831598,3.079562733,-1.811019676,-2.361373911,1.044063407,2.35578557,2.171847394,-1.507300608,-3.079003294,1.106731441,3.240154205,3.14991728,-3.70087711,-4.515797587,1.772137728,6.19493593,2.705986907,1.725235543,3.415080425,2.649267653,4.588087109,3.591748747,3.481776037,2.564482884,7.9024681,58,62,66,7.639878,46,49,52,7.9024681,58,62,66,7.814938067,3.778409415,2.02617786,3.778409415,3.19433223,0.377548418,0.389835766,0.419507786,0.395630657,-1.55390869,-2.742798356,1.081662356,2.899257124,2.800442469,2.14696842,1.772999232,-0.447,-0.257,-0.447,-0.383666667,-2.6948452,2.721959941,-2.750735263,2.806289653
156,Li1.00__P0Mn-P1Fe-P2Al-P3Fe-P4Ni-P5Al__P6Co-P7Co-P8Co,Fe,5.00420326,0-1-2-3-4-5-Mn-Fe-Al-Fe-Ni-Al,-142.5971781,2.19208874,0,2.19208874,2.19208874,1,6.488165364,1.070623871,1.108156074,65,131,366.0000031,150.0000031,132.0000031,92.40000217,88.8330647,43.1669353,3.567847055,7.646929736,1.989191679,1.961259949,1.96505341,1.971835012,7.287,0.701,7.337,5.108333333,5.045,10.28,20.37,7.754461098,7.675892329,0.078568769,39.12125624,3.52567505,2.552679516,1.61,1.83,1.61,5.05,1.683333333,-1.250240953,-2.457215355,1.176414094,3.024757265,3.014465798,-5.215663725,-7.336487322,6.114879806,6.823873166,5.11827755,-1.552709772,-2.845291992,1.098279311,3.168092277,3.092718367,-4.012100294,-4.838341148,2.465542175,6.204189034,2.908218909,1.703858792,3.538763041,2.924473234,0,0,3.605353558,2.906247808,7.9024681,58,62,66,5.985769,56.8,57.8,58.8,7.9024681,58,62,66,7.2635684,3.778409415,6.91638435,3.778409415,4.82440106,0.358946547,0.039135441,0.398814578,0.265632189,-2.672871483,-4.212998223,2.796524404,4.338907569,3.741820572,1.33922881,0.625342924,-0.447,-1.676,-0.447,-0.856666667,-2.891069024,3.159762349,-2.891052183,3.156945851
157,Li1.00__P0Mn-P1Fe-P2Mn-P3Fe-P4Ni-P5Al__P6Co-P7Co-P8Co,Fe,4.17481084,0-1-2-3-4-5-Mn-Fe-Mn-Fe-Ni-Al,-135.4466748,2.65779858,0.0492,2.6443,2.6935,1,8.050390401,3.229473487,2.312291355,77,143,374.0000025,158.0000025,140.0000025,98.00000175,94.06286901,45.93713099,13.09717209,10.8466017,1.993491815,1.970164555,1.975666753,1.979774374,7.28,5.733,7.332,6.781666667,5.018,15.327,25.363,10.27294498,7.604088574,2.668856402,51.54963789,3.496406261,2.532925531,1.61,1.89,1.61,5.11,1.703333333,-1.255836654,-2.505659398,1.029349787,2.980834302,3.027405596,-1.780242672,-4.332953631,0.834057364,3.391923971,3.006315173,-1.415033725,-2.729917338,1.008024634,3.083793572,3.093325793,-4.401873852,-5.315412447,1.43081329,7.095373852,2.83322527,1.689966364,3.395290998,2.842549314,2.705013223,2.057277896,3.417012132,2.844405634,7.9024681,58,62,66,7.434038,59,68,77,7.9024681,58,62,66,7.746324733,3.778409415,3.28671184,3.778409415,3.614510223,0.322586341,0.423694634,0.345603659,0.363961545,-1.48370435,-3.189510123,0.957143928,3.152183948,3.042348854,2.918169502,2.125902324,-0.447,-1.185,-0.447,-0.693,-3.028569114,3.047278476,-3.285704377,3.040086755
158,Li1.00__P0Al-P1Fe-P2Ni-P3Fe-P4Mn-P5Ni__P6Co-P7Co-P8Co,Fe,3.953020895,0-1-2-3-4-5-Al-Fe-Ni-Fe-Mn-Ni,-131.744431,2.34715886,0,2.34715886,2.34715886,1,7.177996044,4.088071519,1.311884048,80,146,380.0000039,164.0000039,146.0000039,102.2000027,103.5966012,42.40339879,15.44873186,6.880748005,1.960451715,2.076419032,1.93689972,1.991256822,7.294,9.08,7.325,7.899666667,5.023,18.676,28.722,11.87530106,7.574552766,4.300748296,59.64963723,4.008010456,2.512304714,1.61,1.53,1.61,4.75,1.583333333,-1.730105024,-3.272686028,0.990084994,3.232245739,3.090831165,-1.266443024,-1.90551964,1.57549304,2.454670098,2.260170745,-1.467913904,-3.075969387,1.209701044,3.263747631,3.148901702,-3.554484585,-4.354848429,1.854643093,5.901643445,2.686855346,1.746626813,3.565169066,2.596000859,4.518216799,3.422175903,3.401370443,2.630256563,7.9024681,58,62,66,7.639878,46,49,52,7.9024681,58,62,66,7.814938067,3.778409415,2.02617786,3.778409415,3.19433223,0.533151816,0.346738983,0.437779661,0.439223487,-1.488153984,-2.751391685,1.258426359,2.983554489,2.833301204,2.066330602,1.603456744,-0.447,-0.257,-0.447,-0.383666667,-2.650051629,2.765073259,-2.847565754,2.891539872
159,Li1.00__P0Al-P1Fe-P2Al-P3Fe-P4Mn-P5Ni__P6Co-P7Co-P8Co,Fe,4.73113583,0-1-2-3-4-5-Al-Fe-Al-Fe-Mn-Ni,-142.184719,2.81564897,0.2617,2.6862,2.9479,1,7.124882569,1.698096658,1.045634463,65,131,366.0000027,150.0000027,132.0000027,92.40000189,88.01965637,43.98034363,10.27088237,8.260008589,1.989415165,1.958467985,1.975030387,1.974304512,7.308,0.69,7.313,5.103666667,5.055,10.256,20.366,7.728485426,7.681501171,0.046984255,39.06749383,3.509970875,2.551837716,1.61,1.83,1.61,5.05,1.683333333,-1.301276812,-2.687635794,1.152607521,3.141185716,3.124472548,-4.957514099,-7.259879357,6.041190595,6.866602018,5.063945991,-1.196458563,-2.612738791,1.230827923,3.136595636,3.125195851,-3.985862827,-4.834287937,2.567457782,6.933762827,2.925148501,1.672009806,3.570987534,2.609531121,0,0,3.625957974,2.481595863,7.9024681,58,62,66,5.985769,56.8,57.8,58.8,7.9024681,58,62,66,7.2635684,3.778409415,6.91638435,3.778409415,4.82440106,0.36958553,0.037712403,0.35713385,0.254810594,-2.485083158,-4.186751314,2.80820868,4.381461123,3.771204797,1.500779669,0.647536623,-0.447,-1.676,-0.447,-0.856666667,-2.896346375,3.2283609,-2.878211383,3.220492261
160,Li1.00__P0Al-P1Fe-P2Mn-P3Fe-P4Mn-P5Ni__P6Co-P7Co-P8Co,Fe,3.99934879,0-1-2-3-4-5-Al-Fe-Mn-Fe-Mn-Ni,-135.3378865,2.73556183,0.084,2.6974,2.7814,1,7.65754925,4.495968233,1.795650517,77,143,374.0000023,158.0000023,140.0000023,98.00000161,95.35425765,44.64574235,15.8525171,9.367044807,1.959138858,2.104943383,1.95311809,2.005733444,7.302,5.628,7.326,6.752,5.02,15.236,25.276,10.15177915,7.517461617,2.634317528,50.96193131,3.462197295,2.519146887,1.61,1.89,1.61,5.11,1.703333333,-1.204301028,-2.544999849,1.170131812,3.059370927,3.072340685,-1.320177914,-3.859163492,1.340084376,3.340029597,2.836749271,-1.264953299,-2.640225707,1.16296496,3.110952411,3.114536717,-3.975718241,-4.844029377,1.725955971,6.757118241,2.762804792,1.681047173,3.462102792,2.706903168,2.757194514,2.03792576,3.494323716,2.679123208,7.9024681,58,62,66,7.434038,59,68,77,7.9024681,58,62,66,7.746324733,3.778409415,3.28671184,3.778409415,3.614510223,0.346454612,0.408738592,0.349319903,0.368171036,-1.263144081,-3.014796349,1.224393716,3.170117645,3.007875558,2.71257416,1.829233028,-0.447,-1.185,-0.447,-0.693,-2.921611749,3.026696457,-3.061438886,2.998502368
161,Li1.00__P0Mn-P1Co-P2Ni-P3Mn-P4Co-P5Ni__P6Mn-P7Ni-P8Co,NMC,3.7703143,0-1-2-3-4-5-6-7-8-Mn-Co-Ni-Mn-Co-Ni-Mn-Ni-Co,-126.2470303,1.95367513,0,1.95367513,1.95367513,1,8.050826797,4.062207999,1.525285995,80,161,390.0000018,174.0000018,156.0000018,109.2000013,109.2867851,46.71321488,20.10603388,10.44618732,1.980474928,2.079534366,1.967653507,2.009220934,8.299,9.021,5.78,7.7,5.018,18.082,28.118,11.46590842,7.497021628,3.968886793,57.53592846,3.986946668,2.487152869,1.56,1.53,1.89,4.98,1.66,-1.545402448,-2.481401845,0.965332392,2.938236712,2.916129137,-1.131751933,-1.777486879,1.409786295,2.411227478,2.26766981,-1.194050545,-3.852734303,1.374982518,3.487932514,3.187463731,-3.345160167,-4.23031593,2.248074023,5.298835297,2.789043069,1.671945582,3.776472481,3.324810397,4.451526703,3.297649984,2.58356389,2.040581314,7.88101,51,55,59,7.639878,46,49,52,7.434038,59,68,77,7.651642,2.48314856,2.02617786,3.28671184,2.59867942,0.361496438,0.31846285,0.477404835,0.385788041,-1.290401642,-2.703874342,1.250033735,2.945798901,2.790420893,2.054758525,1.526441588,-0.28,-0.257,-1.185,-0.574,-2.483772876,2.70285923,-2.853376378,2.849621323
162,Li1.00__P0Co-P1Co-P2Co-P3Co-P4Co-P5Co__P6Co-P7Ni-P8Mn,NMC,3.9552393,1-2-3-7-8-Co-Co-Co-Ni-Mn,-106.1224063,2.6245367,0,2.6245367,2.6245367,1,7.789182561,0.05937343,2.635634325,81,162,394.0000022,178.0000022,160.0000022,112.0000015,115.9198064,44.08019355,3.321371799,10.55879841,1.964530486,1.976512645,1.948727261,1.963256797,8.35,8.296,8.369,8.338333333,5.008,20.007,30.023,12.74226898,7.652847678,5.089421306,63.81328307,4.247904534,2.551007174,1.56,1.56,1.56,4.68,1.56,-2.11518536,-3.037945026,0.525432904,2.945410795,2.896992227,-2.091599337,-2.978485663,0.482177719,2.904788366,2.872647121,-2.317746243,-3.221027434,0.455622706,2.960106905,2.875885579,-4.459907279,-5.222537899,0.810374569,7.084443979,2.607283047,1.746811379,3.870873983,3.355441497,3.878896313,3.375692448,3.996291081,3.368102307,7.88101,51,55,59,7.88101,51,55,59,7.88101,51,55,59,7.88101,2.48314856,2.48314856,2.48314856,2.48314856,0.365152347,0.355608216,0.391274413,0.370678326,-2.174843647,-3.079152708,0.487744443,2.936768689,2.881841642,2.285063632,2.143385191,-0.28,-0.28,-0.28,-0.28,-3.07954519,2.881845053,-3.083349375,2.881780645
163,Li1.00__P0Co-P1Ni-P2Co-P3Co-P4Co-P5Co__P6Co-P7Ni-P8Mn,Ni,3.763264325,1-2-3-7-8-Ni-Co-Co-Ni-Mn,-121.5223716,2.40202113,0,2.40202113,2.40202113,1,6.793287238,0.601215407,0.917042396,82,163,396.0000002,180.0000002,162.0000002,113.4000001,117.4196495,44.58035048,9.345479035,9.793308322,2.121762743,1.971533339,1.943120833,2.012138972,9.254,8.282,8.366,8.634,5.004,20.898,30.906,12.86770417,7.471781079,5.395923091,64.38999167,4.290661004,2.48703929,1.53,1.56,1.56,4.65,1.55,-1.653565457,-2.330930023,0.919421582,2.598782154,2.508875288,-1.28520226,-2.20054373,1.260008642,2.883971,2.848959197,-1.2583762,-2.213658725,1.433287941,2.967366949,2.901393618,-3.310383103,-3.975652067,1.47958625,5.712404233,2.402269214,1.69350848,4.272762356,3.47085282,3.827614476,3.34953106,3.87831234,3.324287369,7.639878,46,49,52,7.88101,51,55,59,7.88101,51,55,59,7.800632667,2.02617786,2.48314856,2.48314856,2.330824993,0.389609005,0.36436327,0.37951327,0.377828515,-1.399047972,-2.248377493,1.204239389,2.816706701,2.753076034,1.911335131,1.727274574,-0.257,-0.28,-0.28,-0.272333333,-2.250643755,2.746488597,-2.249752111,2.749619426
164,Li1.00__P0Co-P1Co-P2Ni-P3Co-P4Co-P5Co__P6Co-P7Ni-P8Mn,Ni,3.771303905,1-2-3-7-8-Co-Ni-Co-Ni-Mn,-121.5784668,2.34065188,0,2.34065188,2.34065188,1,6.56078379,0.201781614,1.911986213,82,163,396.0000026,180.0000026,162.0000026,113.4000018,116.7018732,45.29812684,5.677964458,10.90207087,1.954646377,2.122349429,1.950265811,2.009087206,8.344,9.211,8.359,8.638,5.002,20.912,30.916,12.89488689,7.480631328,5.414255562,64.50022423,4.301384407,2.483531976,1.56,1.53,1.56,4.65,1.55,-2.071245249,-2.986262298,0.634027713,2.930631886,2.855442752,-2.344158984,-2.673335401,0.404220015,2.526666196,2.475572625,-1.965080271,-2.896053233,0.77672017,2.959248323,2.877860924,-4.014808883,-4.605349632,1.011614393,6.355460763,2.453308729,1.819553608,3.921062788,3.377694202,4.967050749,3.790352979,3.94170345,3.350131212,7.88101,51,55,59,7.639878,46,49,52,7.88101,51,55,59,7.800632667,2.48314856,2.02617786,2.48314856,2.330824993,0.390303081,0.401635545,0.389261848,0.393733491,-2.126828168,-2.851883644,0.604989299,2.805515468,2.7362921,1.887980716,1.753465987,-0.28,-0.257,-0.28,-0.272333333,-2.838627613,2.717221508,-2.850131713,2.733665958
165,Li1.00__P0Co-P1Co-P2Co-P3Ni-P4Co-P5Co__P6Co-P7Ni-P8Mn,Ni,3.403293695,1-2-3-7-8-Co-Co-Ni-Ni-Mn,-121.3089241,2.58941375,0.1062,2.5401,2.6463,1,7.065616525,0.61610434,1.626929608,82,163,395.9999983,179.9999983,161.9999983,113.3999988,119.4942927,42.50570733,8.28381427,8.983816867,1.953240189,1.976229602,2.115161388,2.01487706,8.356,8.292,9.29,8.646,4.996,20.942,30.934,12.86598827,7.447842188,5.418146085,64.27847741,4.293132958,2.477550378,1.56,1.56,1.53,4.65,1.55,-1.551016061,-2.498225129,1.098377832,2.957928554,2.904967306,-1.573661189,-2.498294806,0.989479369,2.902575249,2.865128116,-2.379975576,-2.953926949,0.545721543,2.599099607,2.459468142,-3.553173624,-4.179743023,1.262532421,6.199473624,2.410554854,1.752442526,3.852225038,3.335923635,3.784263256,3.387417805,4.676565651,3.530482139,7.88101,51,55,59,7.88101,51,55,59,7.639878,46,49,52,7.800632667,2.48314856,2.48314856,2.02617786,2.330824993,0.370660656,0.366789227,0.472165574,0.403205152,-1.834884275,-2.650148961,0.877859582,2.819867803,2.743187855,1.718289349,1.529594061,-0.28,-0.28,-0.257,-0.272333333,-2.664200166,2.73009085,-2.676126517,2.718989231
166,Li1.00__P0Co-P1Ni-P2Ni-P3Co-P4Co-P5Co__P6Co-P7Ni-P8Mn,Ni,3.01709211,1-2-3-7-8-Ni-Ni-Co-Ni-Mn,-119.4750445,2.27834639,0.0405,2.2698,2.3103,1,6.628215784,1.473279153,1.112520594,83,164,397.999998,181.999998,163.999998,114.7999986,122.554458,41.44554204,9.988565987,7.610097757,2.136435324,1.965833647,1.9415519,2.014606957,9.251,9.164,8.343,8.919333333,4.998,21.76,31.756,13.28882358,7.456073099,5.832750486,66.41754028,4.43666322,2.48228019,1.53,1.53,1.56,4.62,1.54,-2.189216399,-2.76450478,0.707342752,2.574598499,2.433624831,-2.041025184,-2.608047788,0.72288494,2.502092681,2.372823763,-1.300659081,-2.248915235,1.333838523,2.939530806,2.883833662,-3.369542206,-3.951509134,1.310091776,5.679842206,2.344137549,1.739806238,4.642854608,3.541677732,4.600768476,3.531743254,3.880066108,3.289161694,7.639878,46,49,52,7.639878,46,49,52,7.88101,51,55,59,7.720255333,2.02617786,2.02617786,2.48314856,2.178501427,0.469766055,0.440527064,0.371583028,0.427292049,-1.843633554,-2.540489267,0.921355405,2.672073995,2.563427419,1.525908651,1.411019867,-0.257,-0.257,-0.28,-0.264666667,-2.552527858,2.550055619,-2.561280885,2.543234051
167,Li1.00__P0Co-P1Ni-P2Co-P3Ni-P4Co-P5Co__P6Co-P7Ni-P8Mn,Ni,2.905422565,1-2-3-7-8-Ni-Co-Ni-Ni-Mn,-119.3260447,2.33206519,0,2.33206519,2.33206519,1,6.795580304,1.442145999,1.266644363,83,164,398.0000007,182.0000007,164.0000007,114.8000005,122.4160638,41.58393616,7.830929031,7.741452516,2.103884123,1.972954299,1.938545829,2.005128084,9.196,8.288,9.293,8.925666667,4.995,21.782,31.772,13.36556953,7.48259015,5.882979382,66.76101982,4.464717728,2.491792241,1.53,1.56,1.53,4.62,1.54,-2.006786775,-2.55656296,0.857518154,2.475046707,2.324634402,-1.464114715,-2.407464242,1.103648941,2.908020635,2.866875214,-2.358803517,-2.980425971,0.588635031,2.636800387,2.48562735,-3.537771131,-4.125035743,1.083829924,5.869836321,2.347705545,1.75133318,4.645008324,3.566188244,3.799527149,3.337187318,4.503555987,3.619586889,7.639878,46,49,52,7.88101,51,55,59,7.639878,46,49,52,7.720255333,2.02617786,2.48314856,2.02617786,2.178501427,0.428941084,0.374895711,0.500245824,0.434694206,-1.943235002,-2.648151058,0.849934042,2.673289243,2.559045656,1.594536128,1.476884685,-0.257,-0.28,-0.257,-0.264666667,-2.656905611,2.543823545,-2.676294048,2.542273838
168,Li1.00__P0Co-P1Co-P2Ni-P3Ni-P4Co-P5Co__P6Co-P7Ni-P8Mn,Ni,3.041297895,1-2-3-7-8-Co-Ni-Ni-Ni-Mn,-119.5194122,2.42904594,0.0404,2.4019,2.4423,1,6.572950193,1.460752945,0.946574851,83,164,397.9999987,181.9999987,163.9999987,114.7999991,122.3233607,41.67663935,10.13120388,7.737423416,1.9570757,2.026637414,1.939261311,1.974324808,8.328,9.088,9.335,8.917,4.996,21.755,31.747,13.55329232,7.594194167,5.95909815,67.71224841,4.52873549,2.52851071,1.56,1.53,1.53,4.62,1.54,-1.32947,-2.285621281,1.328195276,2.95520277,2.895389398,-1.937140434,-2.504515617,0.774651466,2.471533903,2.344129574,-2.005059799,-2.589928188,0.786370276,2.549506529,2.422618838,-3.637782851,-4.302441621,1.18448484,6.080082851,2.439192378,1.735402974,3.834181555,3.342131194,4.566587408,3.5284976,4.596656248,3.503018831,7.88101,51,55,59,7.639878,46,49,52,7.639878,46,49,52,7.720255333,2.48314856,2.02617786,2.02617786,2.178501427,0.378994787,0.413221801,0.437634597,0.409950395,-1.757223411,-2.460021695,0.96307234,2.658747734,2.554045937,1.88055944,1.842419926,-0.28,-0.257,-0.257,-0.264666667,-2.467201713,2.540032,-2.467453965,2.541937423
169,Li1.00__P0Co-P1Ni-P2Ni-P3Ni-P4Co-P5Co__P6Co-P7Ni-P8Mn,Ni,2.715814775,1-2-3-7-8-Ni-Ni-Ni-Ni-Mn,-117.5661083,1.92813299,0,1.92813299,1.92813299,1,8.533077839,0.85847251,0.415943012,84,165,399.9999996,183.9999996,165.9999996,116.1999997,121.7691391,44.23086094,9.210308112,9.538951774,2.179288941,1.985368782,1.915416218,2.026691314,9.259,9.091,9.269,9.206333333,4.988,22.631,32.607,13.66678876,7.405333273,6.261455489,68.16994235,4.565340719,2.472421299,1.53,1.53,1.53,4.59,1.53,-1.160287348,-2.118500174,1.180846419,2.76146494,2.638766148,-1.395781626,-2.133089298,1.121394936,2.555982352,2.331167724,-1.256408484,-2.110912086,1.241783362,2.692478707,2.498348576,-1.687201187,-3.325604758,3.908301192,3.615334177,3.752029287,1.563779803,3.809621191,3.150167233,4.203116448,3.392746284,4.073764102,3.257350248,7.639878,46,49,52,7.639878,46,49,52,7.639878,46,49,52,7.639878,2.02617786,2.02617786,2.02617786,2.02617786,0.381725797,0.397165797,0.40723971,0.395377101,-1.270825819,-2.120833852,1.181341572,2.669975333,2.489427483,0.416375368,1.204770905,-0.257,-0.257,-0.257,-0.257,-2.121031327,2.484602095,-2.120779964,2.487559293
170,Li1.00__P0Co-P1Mn-P2Co-P3Co-P4Co-P5Co__P6Co-P7Ni-P8Mn,Mn,3.566949385,1-2-3-7-8-Mn-Co-Co-Ni-Mn,-125.0163397,2.9643734,0,2.9643734,2.9643734,1,8.273981327,1.770836491,2.64050809,79,160,390,174,156,109.2,110.2663075,45.73369254,9.559991737,11.79632971,1.978323995,2.003628603,1.968299497,1.983417365,5.817,8.286,8.359,7.487333333,5.015,17.447,27.477,11.32267773,7.585817545,3.736860184,56.78322881,3.905491627,2.527641912,1.89,1.56,1.56,5.01,1.67,-1.702018994,-4.030579568,0.899153207,3.406080359,3.176349422,-2.070111165,-2.953718083,0.457445939,2.877040074,2.852172003,-2.042180111,-2.981886631,0.614394172,2.959899422,2.907601365,-4.533201286,-5.279594992,0.852546217,7.497574686,2.569250731,1.695781241,2.862632595,2.085409648,3.854627211,3.368450219,3.863287419,3.336333617,7.434038,59,68,77,7.88101,51,55,59,7.88101,51,55,59,7.732019333,3.28671184,2.48314856,2.48314856,2.751002987,0.367576697,0.353981448,0.366859955,0.362806033,-1.938103423,-3.322061427,0.656997772,3.081006619,2.978707597,2.595097863,1.957533565,-1.185,-0.28,-0.28,-0.581666667,-3.21030039,2.947574959,-3.326886353,2.980334956
171,Li1.00__P0Co-P1Co-P2Mn-P3Co-P4Co-P5Co__P6Co-P7Ni-P8Mn,Mn,3.92875271,1-2-3-7-8-Co-Mn-Co-Ni-Mn,-125.4924114,2.9029533,0,2.9029533,2.9029533,1,8.14804892,2.002097946,2.38137521,79,160,390,174,156,109.2,108.9168181,47.08318186,10.70761327,13.11753443,1.994834171,1.988784845,1.95848616,1.980701725,8.337,5.772,8.357,7.488666667,5.015,17.451,27.481,11.34864075,7.596284956,3.752355792,56.91343335,3.928955683,2.533902101,1.56,1.89,1.56,5.01,1.67,-1.89657065,-2.825048765,0.688011695,2.925209081,2.887997179,-1.650286356,-4.034219017,0.901973251,3.372389692,3.129719008,-1.814886229,-2.734581113,0.793979148,2.946689129,2.910339919,-4.442812632,-5.180879434,0.939534573,7.345765932,2.554666103,1.689191991,3.824666277,3.344623693,2.769304381,2.091035541,3.867956264,3.334848814,7.88101,51,55,59,7.434038,59,68,77,7.88101,51,55,59,7.732019333,2.48314856,3.28671184,2.48314856,2.751002987,0.359748661,0.369973438,0.354783036,0.361501711,-1.787247745,-3.197949632,0.794654698,3.081429301,2.976018702,2.655564887,1.982929802,-0.28,-1.185,-0.28,-0.581666667,-3.058175579,2.950380353,-3.207955654,2.977768521
172,Li1.00__P0Co-P1Co-P2Co-P3Mn-P4Co-P5Co__P6Co-P7Ni-P8Mn,Mn,3.71594761,1-2-3-7-8-Co-Co-Mn-Ni-Mn,-125.4004275,2.91333529,0.0179,2.9097,2.9276,1,8.227372101,2.091923838,2.466047087,79,160,390.0000012,174.0000012,156.0000012,109.2000008,109.8012236,46.19877641,9.68784945,12.04384415,1.99218721,1.997242028,1.964152607,1.984527282,8.34,8.273,5.825,7.479333333,5.013,17.425,27.451,11.29422111,7.578536656,3.715684456,56.61793044,3.893619605,2.522457204,1.56,1.56,1.89,5.01,1.67,-2.117514488,-3.033726615,0.507296192,2.927518644,2.879148722,-1.818160579,-2.683603261,0.622742966,2.855389305,2.855415252,-1.625537263,-4.096950402,0.987105417,3.443622274,3.167127361,-4.428983869,-5.190421855,0.988600704,7.356583869,2.587772024,1.686398703,3.866755373,3.359769054,3.84003611,3.347730421,2.737523574,2.086094008,7.88101,51,55,59,7.88101,51,55,59,7.434038,59,68,77,7.732019333,2.48314856,2.48314856,3.28671184,2.751002987,0.368874545,0.329850682,0.369862273,0.356195833,-1.853737443,-3.271426759,0.705714858,3.075510074,2.967230445,2.575246426,1.918995096,-0.28,-0.28,-1.185,-0.581666667,-3.137201098,2.934904845,-3.293656606,2.971498607
173,Li1.00__P0Co-P1Mn-P2Mn-P3Co-P4Co-P5Co__P6Co-P7Ni-P8Mn,Mn,3.944497525,1-2-3-7-8-Mn-Mn-Co-Ni-Mn,-127.5538962,3.07918947,0,3.07918947,3.07918947,1,8.42019785,3.710983041,2.381194149,77,158,386.0000026,170.0000026,152.0000026,106.4000018,104.9271635,47.07283649,14.7675249,12.57176617,2.001103699,2.013919962,1.979206822,1.998076828,5.816,5.77,8.338,6.641333333,5.018,14.906,24.942,9.984254086,7.534633366,2.449620719,50.100987,3.476308308,2.51610485,1.89,1.89,1.56,5.34,1.78,-1.374395906,-3.641052415,1.094031015,3.319881928,3.161358739,-1.399693606,-3.637438662,1.018307465,3.272451587,3.135848851,-2.005892368,-2.919701619,0.590423589,2.917924737,2.876601459,-4.496893251,-5.264781941,1.071522355,7.576082721,2.594028784,1.649998784,2.787588299,2.098925718,2.765220032,2.10499399,3.8614292,3.344807164,7.434038,59,68,77,7.434038,59,68,77,7.88101,51,55,59,7.583028667,3.28671184,3.28671184,2.48314856,3.018857413,0.333685682,0.328715227,0.364624318,0.342341742,-1.593327293,-3.399397565,0.90092069,3.170086084,3.05793635,2.903565958,1.865384376,-1.185,-1.185,-0.28,-0.883333333,-3.318581578,3.027456491,-3.383794919,3.052096654
174,Li1.00__P0Co-P1Mn-P2Co-P3Mn-P4Co-P5Co__P6Co-P7Ni-P8Mn,Mn,3.63002657,1-2-3-7-8-Mn-Co-Mn-Ni-Mn,-126.9771106,3.0074163,0,3.0074163,3.0074163,1,8.613220288,4.879134784,2.479072431,77,158,386.0000011,170.0000011,152.0000011,106.4000008,104.6612841,47.33871592,17.07286945,12.65511697,1.978084854,2.196126297,1.973168691,2.049126614,5.794,8.202,5.771,6.589,5.017,14.75,24.784,9.588590929,7.363379382,2.225211547,48.10596069,3.307825057,2.419654933,1.89,1.56,1.89,5.34,1.78,-1.535531857,-3.908955673,0.988857474,3.350884914,3.115136956,-1.41487477,-2.20754093,0.949684589,2.724541003,2.708020855,-1.801053482,-4.40495904,0.914065162,3.461589454,3.020322888,-4.126905512,-4.810423516,1.206155513,7.134321812,2.49494305,1.686877926,2.755541029,2.080875384,3.906803734,3.327675864,2.74954058,2.045702764,7.434038,59,68,77,7.88101,51,55,59,7.434038,59,68,77,7.583028667,3.28671184,2.48314856,3.28671184,3.018857413,0.361954279,0.29234482,0.418086261,0.357461787,-1.583820036,-3.507151881,0.950869075,3.179005124,2.947826899,2.543085476,1.303271635,-1.185,-0.28,-1.185,-0.883333333,-3.234130975,2.89879399,-3.638504766,2.967187582
175,Li1.00__P0Co-P1Co-P2Mn-P3Mn-P4Co-P5Co__P6Co-P7Ni-P8Mn,Mn,3.83558314,1-2-3-7-8-Co-Mn-Mn-Ni-Mn,-127.6104494,2.62207524,0,2.62207524,2.62207524,1,8.020608741,4.652493534,2.570002912,77,158,386.0000038,170.0000038,152.0000038,106.4000027,103.6919695,48.30803045,16.0187082,13.05302081,2.016297399,2.193567408,1.944079768,2.051314859,8.304,5.628,5.818,6.583333333,5.014,14.736,24.764,9.676799259,7.351622907,2.325176351,48.51947148,3.365283878,2.45506887,1.56,1.89,1.89,5.34,1.78,-2.00435698,-2.898070606,0.56987834,2.877918626,2.832454828,-1.699854311,-3.869060952,0.987502873,3.243670582,2.845341124,-1.61670494,-3.867517068,1.095157862,3.456785322,3.208692447,-4.168442637,-4.849430999,1.241038969,6.790517877,2.513342343,1.690017226,3.88337779,3.352678491,3.017318733,2.161944876,3.06463843,2.067803822,7.88101,51,55,59,7.434038,59,68,77,7.434038,59,68,77,7.583028667,2.48314856,3.28671184,3.28671184,3.018857413,0.374360775,0.559338257,0.46843293,0.46737732,-1.773638744,-3.544882875,0.884179692,3.19279151,2.9621628,2.394803893,1.304548124,-0.28,-1.185,-1.185,-0.883333333,-3.442011417,2.940009789,-3.609296597,2.963291221
176,Li1.00__P0Co-P1Mn-P2Mn-P3Mn-P4Co-P5Co__P6Co-P7Ni-P8Mn,Mn,3.68102486,1-2-3-7-8-Mn-Mn-Mn-Ni-Mn,-129.2642936,2.85642941,0,2.85642941,2.85642941,1,9.075917523,6.147675053,2.40582292,75,156,382.0000055,166.0000055,148.0000055,103.6000039,100.7502472,47.24975281,19.05029748,12.0286028,2.026711625,2.014430653,1.991849196,2.010997158,5.816,5.782,5.682,5.76,5.02,12.26,22.3,8.5925887,7.489209123,1.103379577,43.13479527,2.877109638,2.496359544,1.89,1.89,1.89,5.67,1.89,-1.1717031,-3.470261725,1.2499591,3.298991514,3.152080797,-1.139377341,-3.298430466,1.170681443,3.211404174,3.154034684,-1.598611286,-4.321829834,1.133438035,3.506450777,3.019407048,-4.442064266,-5.236134319,1.291113573,7.298493676,2.627486583,1.613166466,2.728280109,2.072284434,2.715754632,2.124545222,2.695245964,1.992500923,7.434038,59,68,77,7.434038,59,68,77,7.434038,59,68,77,7.434038,3.28671184,3.28671184,3.28671184,3.28671184,0.331318462,0.308556484,0.403852088,0.347909011,-1.303230576,-3.696840675,1.184692859,3.338948822,3.10850751,3.13883369,1.539293645,-1.185,-1.185,-1.185,-1.185,-3.670786138,3.112266315,-3.748962861,3.101322616
177,Li1.00__P0Co-P1Fe-P2Co-P3Co-P4Co-P5Co__P6Co-P7Ni-P8Mn,Fe,3.98193675,1-2-3-7-8-Fe-Co-Co-Ni-Mn,-123.3211162,2.69209424,0,2.69209424,2.69209424,1,7.168793986,1.031786881,1.636288061,80,161,392.000001,176.000001,158.000001,110.6000007,114.6314602,43.36853979,8.91563197,9.761970276,1.980936523,1.978735891,1.955645571,1.971772662,7.339,8.295,8.363,7.999,5.012,18.985,29.009,12.17322088,7.625883237,4.547337644,61.01218306,4.079449637,2.542725658,1.61,1.56,1.56,4.73,1.576666667,-1.215858627,-2.684967497,1.278741832,3.195087201,3.189613229,-1.514930724,-2.428810238,1.034834529,2.906442391,2.874139011,-1.498632205,-2.449037848,1.171324165,2.968308336,2.907628475,-3.783011636,-4.649972979,1.778575765,6.475105876,2.754102771,1.706501246,3.63678214,2.444521548,3.825631937,3.361289363,3.865506918,3.333253483,7.9024681,58,62,66,7.88101,51,55,59,7.88101,51,55,59,7.8881627,3.778409415,2.48314856,2.48314856,2.914902178,0.352388943,0.354099754,0.36727887,0.357922523,-1.409807185,-2.520938528,1.161633509,3.023279309,2.990460238,2.37320445,2.129034451,-0.447,-0.28,-0.28,-0.335666667,-2.510893903,2.978275902,-2.519794695,2.989126279
178,Li1.00__P0Co-P1Co-P2Fe-P3Co-P4Co-P5Co__P6Co-P7Ni-P8Mn,Fe,4.02118396,1-2-3-7-8-Co-Fe-Co-Ni-Mn,-123.4328784,2.64694267,0,2.64694267,2.64694267,1,7.504560738,1.283265684,1.677024275,80,161,392.000003,176.000003,158.000003,110.6000021,113.7111487,44.28885128,8.924906617,10.6691954,1.970476844,1.988141118,1.954125898,1.97091462,8.347,7.286,8.36,7.997666667,5.012,18.981,29.005,12.17888793,7.629324204,4.549563723,61.04058629,4.090419533,2.544851987,1.56,1.61,1.56,4.73,1.576666667,-1.536083879,-2.472882821,1.085305939,2.948470261,2.900377528,-1.199797262,-2.760039339,1.152711966,3.15054587,3.189014052,-1.518979214,-2.466593954,1.131622213,2.966934529,2.912902306,-3.848179313,-4.72018209,1.738318264,6.495121983,2.757647535,1.696379005,3.838365172,3.352357858,3.369204252,2.425904586,3.860266655,3.328398634,7.88101,51,55,59,7.9024681,58,62,66,7.88101,51,55,59,7.8881627,2.48314856,3.778409415,2.48314856,2.914902178,0.361536386,0.339725248,0.364188366,0.35515,-1.418286785,-2.566505371,1.123213372,3.021983553,3.000764629,2.429892528,2.153676718,-0.28,-0.447,-0.28,-0.335666667,-2.551340757,2.986020912,-2.562294794,2.996692224
179,Li1.00__P0Co-P1Co-P2Co-P3Fe-P4Co-P5Co__P6Co-P7Ni-P8Mn,Fe,3.967823415,1-2-3-7-8-Co-Co-Fe-Ni-Mn,-123.3035733,2.69836906,0,2.69836906,2.69836906,1,7.175163123,1.066608352,1.652376874,80,161,392,176,158,110.6,114.5781035,43.42189655,8.985768978,9.857019153,1.973852783,1.982819229,1.963312934,1.973328315,8.344,8.287,7.358,7.996333333,5.01,18.979,28.999,12.15441522,7.616697783,4.537717432,60.89362023,4.069202477,2.538138736,1.56,1.56,1.61,4.73,1.576666667,-1.537804899,-2.471164415,1.083106072,2.941104237,2.891274673,-1.526913677,-2.432472637,1.004922613,2.893837286,2.864686968,-1.218876027,-2.714491821,1.326495675,3.224129955,3.200316573,-3.78852855,-4.657328607,1.774847203,6.48689761,2.755826056,1.705581617,3.849336787,3.34852866,3.831035893,3.357554003,3.625716667,2.459148462,7.88101,51,55,59,7.88101,51,55,59,7.9024681,58,62,66,7.8881627,2.48314856,2.48314856,3.778409415,2.914902178,0.362010049,0.35210098,0.358993873,0.357701634,-1.427864868,-2.539376291,1.138174787,3.019690493,2.985426072,2.360663682,2.117952317,-0.28,-0.28,-0.447,-0.335666667,-2.529007261,2.972692408,-2.539871244,2.985936986
180,Li1.00__P0Co-P1Fe-P2Fe-P3Co-P4Co-P5Co__P6Co-P7Ni-P8Mn,Fe,4.136693485,1-2-3-7-8-Fe-Fe-Co-Ni-Mn,-123.4605406,2.50938561,0,2.50938561,2.50938561,1,7.312969864,1.970675459,1.776171759,79,160,390.0000001,174.0000001,156.0000001,109.2000001,111.5216244,44.47837558,11.21590796,10.72082343,1.978154537,1.978910087,1.968579708,1.975214777,7.336,7.275,8.366,7.659,5.014,17.963,27.991,11.63453751,7.615417598,4.019119914,58.33557109,3.901076826,2.539515084,1.61,1.61,1.56,4.78,1.593333333,-1.411598085,-2.827706999,1.132910187,3.18262089,3.147505175,-1.313982761,-2.731329323,1.104174808,3.124629866,3.133626844,-1.422090098,-2.386794237,1.202062395,2.988090566,2.946033758,-3.953470782,-4.874448414,1.834512186,6.462856392,2.84729051,1.685942116,3.474125678,2.750383302,3.402073342,2.699973904,3.81300296,3.323749415,7.9024681,58,62,66,7.9024681,58,62,66,7.88101,51,55,59,7.8953154,3.778409415,3.778409415,2.48314856,3.346655797,0.363390909,0.344224495,0.355987626,0.354534343,-1.382556982,-2.648610186,1.146382463,3.098447107,3.075721926,2.5709138,2.225838228,-0.447,-0.447,-0.28,-0.391333333,-2.632500091,3.067654688,-2.648941953,3.075581167
181,Li1.00__P0Co-P1Fe-P2Co-P3Fe-P4Co-P5Co__P6Co-P7Ni-P8Mn,Fe,4.202339005,1-2-3-7-8-Fe-Co-Fe-Ni-Mn,-123.2561372,2.40968391,0,2.40968391,2.40968391,1,7.508424959,2.238402496,1.561510191,79,160,390.0000016,174.0000016,156.0000016,109.2000011,111.9346686,44.06533141,10.71095631,10.32317314,1.986953572,1.988214326,1.968205321,1.981124406,7.336,8.294,7.351,7.660333333,5.01,17.971,27.991,11.59854128,7.586763144,4.011778137,58.10869182,3.887638445,2.530618919,1.61,1.56,1.61,4.78,1.593333333,-1.101955117,-2.702260826,1.252439364,3.177029203,3.20722482,-1.417673879,-2.341315759,1.086785994,2.912523196,2.894627874,-1.217802906,-2.647412377,1.3052096,3.19277401,3.170548509,-3.741084192,-4.666613595,2.03799522,6.150768102,2.851710938,1.676998926,3.328888746,2.415969582,3.798288714,3.328354378,3.627574184,2.55206303,7.9024681,58,62,66,7.88101,51,55,59,7.9024681,58,62,66,7.8953154,3.778409415,2.48314856,3.778409415,3.346655797,0.341705584,0.34593731,0.357615482,0.348419459,-1.245810634,-2.563662987,1.214811653,3.094108803,3.090800401,2.495273558,2.102950608,-0.447,-0.28,-0.447,-0.391333333,-2.548062495,3.077177192,-2.564037566,3.091220044
182,Li1.00__P0Co-P1Co-P2Fe-P3Fe-P4Co-P5Co__P6Co-P7Ni-P8Mn,Fe,4.00012431,1-2-3-7-8-Co-Fe-Fe-Ni-Mn,-123.3979649,2.19007185,0,2.19007185,2.19007185,1,7.750297381,1.552267969,1.51848182,79,160,389.9999999,173.9999999,155.9999999,109.1999999,112.3813985,43.61860154,10.1570705,10.1243095,1.977939669,1.99085473,1.969245443,1.979346614,8.341,7.268,7.331,7.646666667,5.01,17.93,27.95,11.59045335,7.59356747,3.996885883,58.0681713,3.896333384,2.532148885,1.56,1.61,1.61,4.78,1.593333333,-1.721121182,-2.630295926,0.992693437,2.9239286,2.837230545,-1.188838168,-2.560479734,1.243988918,3.106445422,3.102177522,-0.992628508,-2.891690586,1.311227201,3.203972761,3.224446578,-3.584342578,-4.543908139,2.080179063,5.774414428,2.871099657,1.669753552,3.938284661,3.383142291,3.448916833,2.747360004,2.96013672,2.292410856,7.88101,51,55,59,7.9024681,58,62,66,7.9024681,58,62,66,7.8953154,2.48314856,3.778409415,3.778409415,3.346655797,0.391799239,0.352164213,0.349039848,0.364334433,-1.300862619,-2.694155416,1.182636518,3.078115594,3.054618215,2.283479958,1.849752723,-0.28,-0.447,-0.447,-0.391333333,-2.679994342,3.03226493,-2.691275054,3.046249739
183,Li1.00__P0Co-P1Fe-P2Fe-P3Fe-P4Co-P5Co__P6Co-P7Ni-P8Mn,Fe,4.086018095,1-2-3-7-8-Fe-Fe-Fe-Ni-Mn,-123.3441324,2.35777108,0,2.35777108,2.35777108,1,8.010517622,3.561495439,1.875156337,78,159,387.9999987,171.9999987,153.9999987,107.7999991,109.8655268,44.13447323,12.76385237,10.44256954,1.999630052,2.003453952,1.979354927,1.99414631,7.327,7.263,7.326,7.305333333,5.013,16.903,26.929,10.99062291,7.541785823,3.448837085,55.09599264,3.667262758,2.51487746,1.61,1.61,1.61,4.83,1.61,-1.369770574,-2.792646276,1.150304095,3.187286151,3.162922143,-1.400619868,-3.156097936,1.006028045,3.183897773,3.147028994,-1.301982971,-2.751423483,1.164470621,3.170992007,3.161695538,-3.945780007,-4.866967469,1.873167903,6.303551087,2.831369627,1.641147522,3.70814136,2.484672237,3.302111238,2.269308988,3.603412608,2.494461451,7.9024681,58,62,66,7.9024681,58,62,66,7.9024681,58,62,66,7.9024681,3.778409415,3.778409415,3.778409415,3.778409415,0.355311307,0.357984925,0.349994221,0.354430151,-1.357457804,-2.900055898,1.106934254,3.180725311,3.157215558,2.588322203,1.966911571,-0.447,-0.447,-0.447,-0.447,-2.889666953,3.157632431,-2.90144296,3.157167542
184,Li1.00__P0Co-P1Al-P2Co-P3Co-P4Co-P5Co__P6Co-P7Ni-P8Mn,Al,4.463854075,1-2-3-7-8-Al-Co-Co-Ni-Mn,-132.5646036,2.52846971,0,2.52846971,2.52846971,1,6.750811605,0.016900031,0.792453289,67,148,382,166,148,103.6,106.5638163,41.43618373,3.850249266,7.077220292,1.951160152,1.993785449,1.957792457,1.967579353,0.719,8.296,8.367,5.794,5.043,12.339,22.425,8.803118861,7.689835914,1.113282947,44.39412842,4.040496287,2.554183789,1.83,1.56,1.56,4.95,1.65,-4.971183479,-6.81318419,6.533541779,6.742770432,5.246061926,-1.330115319,-2.247167019,1.230026895,2.907406102,2.861195147,-1.25197099,-2.215910523,1.437574492,2.987031892,2.912708603,-3.542619693,-4.355428089,2.730962655,6.071089403,2.866141139,1.691555907,0,0,3.816723459,3.373992087,3.86256736,3.329788784,5.985769,56.8,57.8,58.8,7.88101,51,55,59,7.88101,51,55,59,7.249263,6.91638435,2.48314856,2.48314856,3.960893823,0.037899214,0.36041911,0.370945812,0.256421379,-2.517756596,-3.758753911,3.067047722,4.212402808,3.673321892,1.024863097,0.596674178,-1.676,-0.28,-0.28,-0.745333333,-2.443018129,2.995983281,-2.45704811,3.003530233
185,Li1.00__P0Co-P1Co-P2Al-P3Co-P4Co-P5Co__P6Co-P7Ni-P8Mn,Al,4.698122405,1-2-3-7-8-Co-Al-Co-Ni-Mn,-132.9699853,2.79182101,0.2577,2.6665,2.9242,1,6.954636455,0.102411976,1.056413104,67,148,382,166,148,103.6,105.0190692,42.98093075,5.476163596,8.505111259,1.990614155,1.955311278,1.962150368,1.9693586,8.343,0.699,8.358,5.8,5.042,12.358,22.442,8.808269048,7.681133973,1.127135075,44.41129254,4.046991992,2.552567573,1.56,1.83,1.56,4.95,1.65,-1.656811822,-2.586511156,1.045535025,2.963803098,2.87997558,-5.258256669,-7.096024023,6.232062981,6.670800518,5.148397752,-1.425382923,-2.37903981,1.233564373,2.965761603,2.894418337,-3.764747428,-4.609974561,2.643254079,6.688947428,2.919412051,1.676291813,3.886157422,3.384677546,0,0,3.826347507,3.359588204,7.88101,51,55,59,5.985769,56.8,57.8,58.8,7.88101,51,55,59,7.249263,2.48314856,6.91638435,2.48314856,3.960893823,0.380974479,0.03726543,0.370113021,0.26278431,-2.780150471,-4.020524996,2.837054126,4.20012174,3.640930556,0.984596956,0.589449564,-0.28,-1.676,-0.28,-0.745333333,-2.693960212,2.990883995,-2.702272872,2.99398439
186,Li1.00__P0Co-P1Co-P2Co-P3Al-P4Co-P5Co__P6Co-P7Ni-P8Mn,Al,4.316330315,1-2-3-7-8-Co-Co-Al-Ni-Mn,-132.3202104,2.84374121,0.0239,2.8316,2.8555,1,7.034041021,0.003652175,1.116508173,67,148,382.0000003,166.0000003,148.0000003,103.6000002,104.6755782,43.32442185,6.957895021,8.732661387,1.985085235,1.992959908,1.948779254,1.975608132,8.341,8.274,0.725,5.78,5.041,12.299,22.381,8.725476331,7.655588745,1.069887586,43.98512618,3.995961043,2.53690025,1.56,1.56,1.83,4.95,1.65,-1.609738655,-2.550503459,1.042148927,2.95332082,2.881831435,-1.61656462,-2.519865808,0.922834183,2.875118356,2.822109529,-4.683211201,-6.969470466,6.600078441,7.052843287,5.297649533,-3.693078961,-4.49996788,2.641611709,6.548578961,2.894723077,1.704266373,3.869648418,3.345127221,3.81127042,3.392689185,0,0,7.88101,51,55,59,7.88101,51,55,59,5.985769,56.8,57.8,58.8,7.249263,2.48314856,2.48314856,6.91638435,3.960893823,0.370301053,0.369642632,0.037353057,0.259098914,-2.636504825,-4.013279911,2.855020517,4.293760821,3.667196832,1.056574136,0.486687969,-0.28,-0.28,-1.676,-0.745333333,-2.745805159,2.968110233,-2.748287571,2.969523079
187,Li1.00__P0Co-P1Al-P2Al-P3Co-P4Co-P5Co__P6Co-P7Ni-P8Mn,Al,5.33176738,1-2-3-7-8-Al-Al-Co-Ni-Mn,-142.0342493,2.76217004,0.0393,2.7415,2.7808,1,6.919676586,0.003509893,0.428340042,53,134,369.9999998,153.9999998,135.9999998,95.19999986,93.39964602,42.60035398,6.91853774,7.00757822,1.983592555,1.978913571,1.966316689,1.976274272,0.718,0.7,8.359,3.259,5.071,4.706,14.848,4.966794429,7.69792327,-2.731128841,25.18661455,3.623561725,2.575799584,1.83,1.83,1.56,5.22,1.74,-3.697451034,-6.940335232,7.082190995,7.519844047,5.2264366,-3.391362786,-7.036452569,7.175822699,7.661808983,5.132705189,-1.361277284,-2.317793111,1.327577565,2.972878725,2.879610219,-3.597289052,-4.417508352,3.938045803,6.378089052,3.069426747,1.653349063,0,0,0,0,3.850061593,3.358059319,5.985769,56.8,57.8,58.8,5.985769,56.8,57.8,58.8,7.88101,51,55,59,6.617516,6.91638435,6.91638435,2.48314856,5.438639087,0.037835178,0.037618379,0.378669393,0.151374317,-2.816697035,-5.431526971,5.195197086,6.051510585,4.412917336,0.780592017,-1.014018619,-1.676,-1.676,-0.28,-1.210666667,-3.069529877,3.249905858,-3.093801073,3.261776271
188,Li1.00__P0Co-P1Al-P2Co-P3Al-P4Co-P5Co__P6Co-P7Ni-P8Mn,Al,5.007922595,1-2-3-7-8-Al-Co-Al-Ni-Mn,-141.3751823,2.67745975,0.0565,2.6478,2.7043,1,7.026179082,0.022720419,0.5346066,53,134,370.0000001,154.0000001,136.0000001,95.20000007,93.61769096,42.38230904,5.401708114,6.730903488,1.959763545,2.007921654,1.953324751,1.973669984,0.716,8.276,0.725,3.239,5.075,4.642,14.792,4.858186998,7.715221459,-2.857034461,24.65529901,3.502113287,2.538471921,1.83,1.56,1.83,5.22,1.74,-2.963479404,-7.012333063,7.402839033,7.886721767,5.221306244,-1.531909093,-2.451862996,1.027508313,2.895163034,2.816796668,-3.171217218,-6.89730622,7.340586728,7.771619822,5.281680055,-3.519660406,-4.373757776,4.286083839,6.223960406,3.186590085,1.67760582,0,0,3.789525191,3.40097211,0,0,5.985769,56.8,57.8,58.8,7.88101,51,55,59,5.985769,56.8,57.8,58.8,6.617516,6.91638435,2.48314856,6.91638435,5.438639087,0.038287652,0.375552022,0.038219636,0.150686436,-2.555535238,-5.453834093,5.256978025,6.184501541,4.439927656,0.964125168,-1.080076317,-1.676,-0.28,-1.676,-1.210666667,-3.196472034,3.2194789,-3.213959702,3.228844306
189,Li1.00__P0Co-P1Co-P2Al-P3Al-P4Co-P5Co__P6Co-P7Ni-P8Mn,Al,5.51223144,1-2-3-7-8-Co-Al-Al-Ni-Mn,-141.868062,2.19076072,0,2.19076072,2.19076072,1,6.806891527,0.012205943,0.278977977,53,134,370.0000013,154.0000013,136.0000013,95.20000091,94.07240404,41.92759596,4.397491188,5.967972414,2.006438111,1.959643472,1.962434581,1.976172055,8.338,0.692,0.723,3.251,5.076,4.677,14.829,4.877168202,7.706706382,-2.82953818,24.75650579,3.551678917,2.539140827,1.56,1.83,1.83,5.22,1.74,-1.142490775,-2.097566011,1.500333966,2.948826074,2.866309936,-2.942985804,-6.636000712,7.501243972,7.617991405,5.069898535,-3.441276904,-6.495051034,7.310689061,7.39527902,5.233431476,-3.226886336,-3.971367882,4.39664632,5.417647056,2.992482144,1.669017908,3.854262411,3.319214989,0,0,0,0,7.88101,51,55,59,5.985769,56.8,57.8,58.8,5.985769,56.8,57.8,58.8,6.617516,2.48314856,6.91638435,6.91638435,5.438639087,0.380569577,0.038327579,0.039089484,0.152662213,-2.508917828,-5.076205919,5.437422333,5.9873655,4.389879982,0.717968508,-1.104838037,-0.28,-1.676,-1.676,-1.210666667,-2.806041045,3.22902224,-2.852702966,3.252757403
190,Li1.00__P0Co-P1Al-P2Al-P3Al-P4Co-P5Co__P6Co-P7Ni-P8Mn,Al,5.950290105,1-2-3-7-8-Al-Al-Al-Ni-Mn,-150.8883252,2.8461626,0.0144,2.8373,2.8517,1,7.046045946,0.003398119,0,39,120,358.0000004,142.0000004,124.0000004,86.80000028,79.45955406,44.54044594,8.951050249,7.171436279,1.995001353,1.984671259,1.961709426,1.98046068,0.716,0.695,0.723,0.711333333,5.104,-2.97,7.238,1.077637052,7.731917243,-6.654280191,5.500259511,0.359151985,2.577945818,1.83,1.83,1.83,5.49,1.83,-2.141710928,-7.670127976,7.259402446,8.3519042,5.209876201,-1.834301021,-7.747533304,7.261459137,8.368303533,5.078157499,-2.378505426,-7.579639052,7.252926186,8.275383177,5.227552999,-3.748019828,-5.004729373,6.616763256,6.599719828,4.000524183,1.659440925,0,0,0,0,0,0,5.985769,56.8,57.8,58.8,5.985769,56.8,57.8,58.8,5.985769,56.8,57.8,58.8,5.985769,6.91638435,6.91638435,6.91638435,6.91638435,0.039477593,0.039005602,0.040451037,0.039644744,-2.118172458,-7.665766777,7.257929256,8.331863637,5.171862233,1.62984737,-2.661037404,-1.676,-1.676,-1.676,-1.676,-7.664788022,5.172826497,-7.664737354,5.172689915
191,Li1.00__P0Ni-P1Co-P2Ni-P3Co-P4Ni-P5Co__P6Co-P7Ni-P8Mn,Ni,3.269664115,0-2-4-7-8-Ni-Ni-Ni-Ni-Mn,-117.370521,2.16380464,0,2.16380464,2.16380464,1,6.754819975,0.987902789,1.186609065,82,163,400.0000004,184.0000004,166.0000004,116.2000003,124.677342,41.32265798,9.724686592,7.300508855,1.958013933,2.13052015,1.942886157,2.010473414,8.34,9.25,8.366,8.652,4.995,20.961,30.951,12.90704598,7.46646975,5.440576226,64.47069465,4.299314773,2.486400184,1.56,1.53,1.56,4.65,1.55,-1.448034753,-2.462429626,1.24794922,2.988128518,2.902861437,-2.243106661,-2.828841176,0.708569058,2.580565115,2.416939852,-1.456536769,-2.47729918,1.295403416,3.0203195,2.925769398,-3.200489064,-4.012838363,2.134741187,5.364293704,2.729331911,1.74407811,3.790850228,3.314883385,4.546825609,3.652052396,3.869157458,3.261597185,7.88101,51,55,59,7.639878,46,49,52,7.88101,51,55,59,7.800632667,2.48314856,2.02617786,2.48314856,2.330824993,0.397743434,0.521189141,0.401222222,0.440051599,-1.715892728,-2.589523327,1.083973898,2.863004378,2.748523562,1.484596337,1.423315036,-0.28,-0.257,-0.28,-0.272333333,-2.600123685,2.733827071,-2.611605857,2.717984731
192,Li1.00__P0Mn-P1Co-P2Mn-P3Co-P4Mn-P5Co__P6Co-P7Ni-P8Mn,Mn,3.857367355,0-2-4-7-8-Mn-Mn-Mn-Ni-Mn,-129.7608427,2.53355154,0,2.53355154,2.53355154,1,7.671182145,3.419837701,1.438085865,79,160,382.000001,166.000001,148.000001,103.6000007,101.4386992,46.56130079,20.69641031,11.17482414,2.147715811,1.97122113,1.977332581,2.032089841,8.263,5.586,8.291,7.38,5.015,17.125,27.155,10.87414222,7.41539226,3.458749962,54.53382324,3.730593671,2.462834938,1.56,1.89,1.56,5.01,1.67,-1.157013663,-2.068625569,1.087656233,2.770704724,2.793635719,-0.907475544,-3.435595544,1.720420672,3.289663601,2.747955277,-1.577335622,-2.490403944,0.903088307,2.848629909,2.814301138,-3.659225184,-4.518064307,1.883456961,6.192776724,2.699134735,1.586897751,3.666517441,3.220262928,2.844181466,1.911724239,3.787672879,3.334329639,7.88101,51,55,59,7.434038,59,68,77,7.88101,51,55,59,7.732019333,2.48314856,3.28671184,2.48314856,2.751002987,0.299772292,0.337831486,0.352628967,0.330077582,-1.21394161,-2.664875019,1.237055071,2.969666078,2.785297378,2.445283574,1.853189288,-0.28,-1.185,-0.28,-0.581666667,-2.561871266,2.790466403,-2.685184427,2.785410313
193,Li1.00__P0Fe-P1Co-P2Fe-P3Co-P4Fe-P5Co__P6Co-P7Ni-P8Mn,Fe,3.967388165,0-2-4-7-8-Fe-Fe-Fe-Ni-Mn,-123.5421202,2.17437758,0,2.17437758,2.17437758,1,7.172044857,1.064087359,1.696145602,80,161,388.000003,172.000003,154.000003,107.8000021,111.1161098,42.88389017,10.97850158,9.545559576,1.96855861,1.996161016,1.954383732,1.973034453,8.348,7.273,8.361,7.994,5.015,18.967,28.997,12.16223478,7.625897898,4.536336884,60.99360744,4.080060566,2.543876383,1.56,1.61,1.56,4.73,1.576666667,-1.618599566,-2.549181247,1.032582417,2.962985835,2.905624871,-1.210581778,-2.65982228,1.238176675,3.169901588,3.177735926,-1.523331208,-2.47014998,1.1501086,2.974401185,2.910887904,-3.705759628,-4.591573043,1.99176289,5.880137208,2.819540166,1.71731605,3.873200502,3.35656645,3.606489268,2.477523262,3.915623745,3.295383991,7.88101,51,55,59,7.9024681,58,62,66,7.88101,51,55,59,7.8881627,2.48314856,3.778409415,2.48314856,2.914902178,0.370316837,0.399215816,0.367960714,0.379164456,-1.450837517,-2.559717836,1.14028923,3.035762869,2.998082901,2.25492211,2.031855207,-0.28,-0.447,-0.28,-0.335666667,-2.553251692,2.986609179,-2.562446598,3.002827747
194,Li1.00__P0Al-P1Co-P2Al-P3Co-P4Al-P5Co__P6Co-P7Ni-P8Mn,Al,4.704228275,0-2-4-7-8-Al-Al-Al-Ni-Mn,-151.2767901,2.47396777,0.0111,2.4715,2.4826,1,6.830423143,0.002703255,0.903054596,67,148,357.9999989,141.9999989,123.9999989,86.79999923,81.44629676,42.55370324,1.757533077,5.563250259,1.979166282,1.94384333,1.955097699,1.959369104,8.326,0.693,8.336,5.785,5.048,12.307,22.403,8.827057627,7.729454181,1.097603446,44.5589869,4.058887427,2.5677127,1.56,1.83,1.56,4.95,1.65,-1.499860851,-2.448292705,1.165723353,2.949256816,2.829213336,-2.155698757,-6.978981295,7.578643646,8.043505197,5.076783818,-1.375842223,-2.331803762,1.312547654,2.960980243,2.838326104,-3.501490843,-4.640017646,3.597368858,5.984090843,3.442113831,1.69253972,3.808282072,3.409861633,0,0,3.824514489,3.393126627,7.88101,51,55,59,5.985769,56.8,57.8,58.8,7.88101,51,55,59,7.249263,2.48314856,6.91638435,2.48314856,3.960893823,0.392879515,0.038453036,0.391802965,0.274378505,-1.677133943,-3.919692587,3.352304884,4.651247418,3.581441086,1.824356899,0.720325059,-0.28,-1.676,-0.28,-0.745333333,-2.596657249,2.934889583,-2.604497871,2.938546875
195,Li1.00__P0Co-P1Ni-P2Co-P3Ni-P4Co-P5Ni__P6Co-P7Ni-P8Mn,Ni,2.845577445,1-3-5-7-8-Ni-Ni-Ni-Ni-Mn,-117.4360623,2.11204485,0,2.11204485,2.11204485,1,6.505563669,1.638388654,1.057847808,83,164,400.0000029,184.0000029,166.0000029,116.200002,124.5182072,41.48179278,10.99082014,7.403511556,2.083244878,1.974088796,1.943015984,2.000116553,9.18,8.28,9.291,8.917,4.994,21.757,31.745,13.38266871,7.497227581,5.885441133,66.83304756,4.472327726,2.497773058,1.53,1.56,1.53,4.62,1.54,-1.7511591,-2.3484141,1.007747148,2.48140354,2.327749398,-1.413110322,-2.366566891,1.19785195,2.910973756,2.847223307,-2.417626976,-3.021578657,0.83749132,2.677774526,2.473808051,-3.275492919,-4.006743985,1.775858386,5.387537769,2.605148727,1.769035579,4.503450085,3.536371954,3.833695723,3.324972785,4.639308625,3.666706319,7.639878,46,49,52,7.88101,51,55,59,7.639878,46,49,52,7.720255333,2.02617786,2.48314856,2.02617786,2.178501427,0.417660644,0.391721782,0.674420792,0.494601073,-1.860632133,-2.578853216,1.014363472,2.690050607,2.549593585,1.414860787,1.42789077,-0.257,-0.28,-0.257,-0.264666667,-2.587895244,2.53693572,-2.659174322,2.531276547
196,Li1.00__P0Co-P1Mn-P2Co-P3Mn-P4Co-P5Mn__P6Co-P7Ni-P8Mn,Mn,3.57227278,1-3-5-7-8-Mn-Mn-Mn-Ni-Mn,-129.5683459,2.52660319,0,2.52660319,2.52660319,1,7.674934411,4.794551874,2.929411324,77,158,382.0000002,166.0000002,148.0000002,103.6000001,94.54081463,53.45918537,22.21842577,15.78507946,1.973621693,2.215049435,1.95259164,2.047087589,5.761,8.186,5.751,6.566,5.016,14.682,24.714,9.559944016,7.374923298,2.185020719,47.95267918,3.265547948,2.427526739,1.89,1.56,1.89,5.34,1.78,-1.990803175,-3.695475898,0.955782637,3.434063165,3.212534873,-1.298861088,-2.149443628,1.100756507,2.753904175,2.707313772,-1.785886609,-4.05983683,0.926784218,3.408488433,3.088440564,-4.033641076,-4.813484887,1.82247016,6.560244266,2.801900149,1.810572162,3.405825363,2.586816903,3.889675093,3.244508861,2.869063765,2.253661016,7.434038,59,68,77,7.88101,51,55,59,7.434038,59,68,77,7.583028667,3.28671184,2.48314856,3.28671184,3.018857413,0.593788402,0.300275773,0.472923196,0.455662457,-1.691850291,-3.301585452,0.994441121,3.198818591,3.00276307,2.341790786,1.511899435,-1.185,-0.28,-1.185,-0.883333333,-3.111955148,2.958190685,-3.48192506,3.058625087
197,Li1.00__P0Co-P1Fe-P2Co-P3Fe-P4Co-P5Fe__P6Co-P7Ni-P8Mn,Fe,4.00373719,1-3-5-7-8-Fe-Fe-Fe-Ni-Mn,-123.3433765,2.36942275,0,2.36942275,2.36942275,1,7.311629677,1.068211245,1.610393932,79,160,388.0000039,172.0000039,154.0000039,107.8000027,110.2476318,43.75236817,11.80910393,9.948123098,1.989370279,1.98076463,1.973862049,1.98133232,7.327,8.297,7.344,7.656,5.014,17.954,27.982,11.59248621,7.591939018,4.000547193,58.12472586,3.884715445,2.530733384,1.61,1.56,1.61,4.78,1.593333333,-0.884750197,-2.286048217,1.391244653,3.131918962,3.232990961,-1.585880249,-2.488753767,0.972751866,2.905613859,2.870281552,-1.277601891,-2.723112255,1.230913732,3.18877808,3.171755403,-3.756576065,-4.654918304,1.897882687,6.125998815,2.78694125,1.671458783,3.287579676,2.662886556,3.848346607,3.367661148,3.63435332,2.502736576,7.9024681,58,62,66,7.88101,51,55,59,7.9024681,58,62,66,7.8953154,3.778409415,2.48314856,3.778409415,3.346655797,0.31816075,0.359205,0.35935225,0.345572667,-1.249410779,-2.499304746,1.198303417,3.075436967,3.091675972,2.507165286,2.155613558,-0.447,-0.28,-0.447,-0.391333333,-2.49958517,3.077564512,-2.507779481,3.086092606
198,Li1.00__P0Co-P1Al-P2Co-P3Al-P4Co-P5Al__P6Co-P7Ni-P8Mn,Al,4.97935363,1-3-5-7-8-Al-Al-Al-Ni-Mn,-150.668397,2.58257626,0,2.58257626,2.58257626,1,6.960356627,0.002908278,0.45546948,53,134,357.9999994,141.9999994,123.9999994,86.79999958,82.51804002,41.48195998,3.602606382,4.748493751,1.961288756,2.002954066,1.949996055,1.971412959,0.713,8.269,0.725,3.235666667,5.076,4.631,14.783,4.863734313,7.725433182,-2.861698869,24.68831537,3.514192045,2.544303306,1.83,1.56,1.83,5.22,1.74,-2.314672122,-6.817038155,7.694392271,8.008241835,5.184114976,-1.380853333,-2.308392153,1.182281119,2.895739801,2.798451616,-2.62241987,-6.740646612,7.625225211,7.904722578,5.257476009,-3.212394933,-4.190476713,4.897768586,5.794971193,3.40389971,1.682361668,0,0,3.783781679,3.397761654,0,0,5.985769,56.8,57.8,58.8,7.88101,51,55,59,5.985769,56.8,57.8,58.8,6.617516,6.91638435,2.48314856,6.91638435,5.438639087,0.038134545,0.379976819,0.037882222,0.151997862,-2.105981775,-5.288692307,5.500632867,6.269568071,4.413347534,1.106413158,-1.098215594,-1.676,-0.28,-1.676,-1.210666667,-3.039910033,3.194905323,-3.053663192,3.20225005
199,Li1.00__P0Ni-P1Co-P2Co-P3Ni-P4Ni-P5Co__P6Co-P7Ni-P8Mn,Ni,3.28944958,0-3-4-7-8-Ni-Ni-Ni-Ni-Mn,-117.4727767,2.04939894,0,2.04939894,2.04939894,1,6.864434768,0.824335706,1.346242924,82,163,400,184,166,116.2,122.4761245,43.5238755,10.19154795,8.623283041,1.942512201,1.959870295,2.125633135,2.009338543,8.349,8.298,9.279,8.642,4.994,20.932,30.92,12.89728377,7.46844308,5.428840694,64.40903517,4.302855892,2.48319584,1.56,1.56,1.53,4.65,1.55,-1.442385311,-2.470102543,1.231029696,3.006092467,2.935645392,-1.594949622,-2.548615733,1.051515884,2.924432749,2.853267383,-2.402994426,-2.985521191,0.628517653,2.6040957,2.433025539,-3.357755267,-4.124993162,1.797295008,5.407154207,2.654763906,1.770039297,3.745431132,3.314320227,3.814732349,3.370518468,4.702532315,3.540737045,7.88101,51,55,59,7.88101,51,55,59,7.639878,46,49,52,7.800632667,2.48314856,2.48314856,2.02617786,2.330824993,0.394524627,0.402819652,0.695239552,0.497527944,-1.81344312,-2.668079822,0.970354411,2.844873638,2.740646105,1.544312147,1.45691334,-0.28,-0.28,-0.257,-0.272333333,-2.683498947,2.725692878,-2.731371677,2.679294845
200,Li1.00__P0Mn-P1Co-P2Co-P3Mn-P4Mn-P5Co__P6Co-P7Ni-P8Mn,Mn,3.92953524,0-3-4-7-8-Mn-Mn-Mn-Ni-Mn,-129.6015815,2.44505376,0,2.44505376,2.44505376,1,8.080556049,2.264504723,1.966791248,79,160,381.9999991,165.9999991,147.9999991,103.5999994,97.82476752,50.17523248,21.7587577,12.1014201,2.060533232,2.067949968,1.93432582,2.02093634,8.268,8.2,5.813,7.427,5.015,17.266,27.296,10.98301468,7.451577623,3.531437058,55.07981862,3.765500429,2.466569862,1.56,1.56,1.89,5.01,1.67,-1.845996088,-2.665686881,0.54546674,2.767286853,2.750268045,-1.332757222,-2.222964323,0.8482255,2.746240657,2.790341677,-1.536336955,-4.111804996,1.086368967,3.452719421,3.107007654,-4.057382425,-4.939462623,1.666238831,6.502436185,2.79145146,1.647628566,3.904891769,3.337931575,3.612517298,3.279482615,2.67242557,2.075820114,7.88101,51,55,59,7.88101,51,55,59,7.434038,59,68,77,7.732019333,2.48314856,2.48314856,3.28671184,2.751002987,0.337045153,0.292955357,0.386541582,0.338847364,-1.571696755,-3.000152067,0.826687069,2.988748977,2.882539125,2.48568567,1.939310556,-0.28,-0.28,-1.185,-0.581666667,-2.825144162,2.846584143,-3.087987976,2.897467535
201,Li1.00__P0Fe-P1Co-P2Co-P3Fe-P4Fe-P5Co__P6Co-P7Ni-P8Mn,Fe,3.564432795,0-3-4-7-8-Fe-Fe-Fe-Ni-Mn,-122.6984933,2.61909119,0,2.61909119,2.61909119,1,7.161004793,1.119672357,1.697018746,80,161,388.0000003,172.0000003,154.0000003,107.8000002,110.3226873,43.67731265,12.97918893,10.03338198,1.96956019,1.975211023,1.97903791,1.974603041,8.348,8.297,7.349,7.998,5.014,18.98,29.008,12.15249408,7.617763259,4.534730824,60.93260534,4.069757232,2.539589116,1.56,1.56,1.61,4.73,1.576666667,-1.553019877,-2.48059491,1.064533569,2.95301916,2.909714408,-1.547575091,-2.452366656,0.989367226,2.90733783,2.881241756,-1.327896436,-2.79153195,1.202270322,3.20201109,3.17335705,-3.796557201,-4.654951599,1.804102164,6.415648391,2.758936406,1.715968822,3.851507579,3.355828225,3.832535889,3.362578337,3.436869682,2.696604783,7.88101,51,55,59,7.88101,51,55,59,7.9024681,58,62,66,7.8881627,2.48314856,2.48314856,3.778409415,2.914902178,0.359527363,0.350791294,0.36286393,0.357727529,-1.476163802,-2.574831172,1.085390372,3.02078936,2.988104405,2.320393399,2.080120427,-0.28,-0.28,-0.447,-0.335666667,-2.562305981,2.977399729,-2.576501806,2.989550261
202,Li1.00__P0Al-P1Co-P2Co-P3Al-P4Al-P5Co__P6Co-P7Ni-P8Mn,Al,4.61432494,0-3-4-7-8-Al-Al-Al-Ni-Mn,-150.7355025,2.38672938,0,2.38672938,2.38672938,1,7.03963383,0.005011824,1.134711319,67,148,357.9999993,141.9999993,123.9999993,86.79999951,81.32111011,42.67888989,6.879221286,5.924234953,1.968424726,1.97346737,1.944600556,1.962164217,8.327,8.255,0.718,5.766666667,5.047,12.253,22.347,8.782506623,7.71679844,1.065708184,44.32531093,4.02529199,2.562334598,1.56,1.56,1.83,4.95,1.65,-1.732146571,-2.6890111,0.969030378,2.963661815,2.825827051,-1.685921013,-2.608126828,0.887596327,2.883498609,2.768727523,-2.250310291,-7.002779523,7.568755391,8.106365417,5.224926263,-3.560207753,-4.690819423,3.561509675,5.946937133,3.476757909,1.729457097,3.841928169,3.391357779,3.825756131,3.380676332,0,0,7.88101,51,55,59,7.88101,51,55,59,5.985769,56.8,57.8,58.8,7.249263,2.48314856,2.48314856,6.91638435,3.960893823,0.401477657,0.395592371,0.039815337,0.278961788,-1.889459292,-4.099972484,3.141794032,4.65117528,3.606493612,1.670748461,0.590846939,-0.28,-0.28,-1.676,-0.745333333,-2.85371857,2.911650107,-2.856007621,2.912974957
203,Li1.00__P0Co-P1Ni-P2Ni-P3Co-P4Co-P5Ni__P6Co-P7Ni-P8Mn,Ni,2.953414505,1-2-5-7-8-Ni-Ni-Ni-Ni-Mn,-117.5590749,2.24582509,0,2.24582509,2.24582509,1,6.588719897,1.629428056,1.197143189,83,164,400.0000023,184.0000023,166.0000023,116.2000016,125.6164292,40.38357082,8.794010557,6.163272691,2.133495151,1.944765558,1.92611061,2.001457106,9.232,9.167,8.349,8.916,5.002,21.746,31.75,13.37549251,7.513485328,5.862007181,66.90421353,4.461650842,2.500478468,1.53,1.53,1.56,4.62,1.54,-2.137393612,-2.690421193,0.64832984,2.527897292,2.398126585,-2.094208251,-2.658624533,0.713627388,2.508590237,2.368061766,-1.590365006,-2.547709689,1.175720904,2.967245888,2.866948508,-3.462235971,-4.206294997,1.704376814,5.708061061,2.639189902,1.771144475,4.658864498,3.521953761,4.634807785,3.53765916,3.899366626,3.364655486,7.639878,46,49,52,7.639878,46,49,52,7.88101,51,55,59,7.720255333,2.02617786,2.02617786,2.48314856,2.178501427,0.435632754,0.44253598,0.402522581,0.426897105,-1.940655623,-2.632251805,0.845892711,2.667911139,2.544378953,1.521580348,1.574043192,-0.257,-0.257,-0.28,-0.264666667,-2.635683543,2.53109983,-2.634579658,2.535089055
204,Li1.00__P0Co-P1Mn-P2Mn-P3Co-P4Co-P5Mn__P6Co-P7Ni-P8Mn,Mn,3.88748276,1-2-5-7-8-Mn-Mn-Mn-Ni-Mn,-129.7385023,2.10764591,0,2.10764591,2.10764591,1,9.254143187,5.164832221,2.394248505,77,158,382.0000026,166.0000026,148.0000026,103.6000018,95.96881743,52.03118257,19.90881822,14.44457541,1.985613823,2.020014705,1.96638315,1.990670559,5.809,5.777,8.313,6.633,5.02,14.879,24.919,10.01298247,7.566226288,2.446756179,50.26517198,3.513251793,2.528431297,1.89,1.89,1.56,5.34,1.78,-1.261054611,-4.307102404,1.727384245,3.694131423,2.894998804,-1.191277085,-4.401232655,2.031043501,3.859613619,2.844752959,-1.222222962,-2.234040842,1.127712656,2.88454635,2.893256304,-3.894852998,-4.811840723,2.078188364,6.002498908,2.891491938,1.695864631,2.704004544,1.946473337,2.697578215,1.988367798,3.652022046,3.149529281,7.434038,59,68,77,7.434038,59,68,77,7.88101,51,55,59,7.583028667,3.28671184,3.28671184,2.48314856,3.018857413,0.670648837,0.704820413,0.343817829,0.573095693,-1.224851553,-3.647458634,1.628713467,3.479430464,2.877669356,2.670001445,1.164382089,-1.185,-1.185,-0.28,-0.883333333,-3.367112028,2.881048836,-3.931126448,2.874052099
205,Li1.00__P0Co-P1Fe-P2Fe-P3Co-P4Co-P5Fe__P6Co-P7Ni-P8Mn,Fe,4.072013325,1-2-5-7-8-Fe-Fe-Fe-Ni-Mn,-123.5063733,2.5589161,0,2.5589161,2.5589161,1,7.246118408,1.992558111,1.693979039,79,160,387.9999998,171.9999998,153.9999998,107.7999999,110.2171947,43.78280529,13.03762132,9.962551997,1.987406065,1.987042076,1.964501116,1.979649752,7.313,7.269,8.361,7.647666667,5.013,17.93,27.956,11.59391449,7.597021686,3.996892807,58.12029335,3.889576868,2.534087551,1.61,1.61,1.56,4.78,1.593333333,-1.285663367,-2.696062515,1.155606244,3.132116131,3.13080654,-1.284508414,-2.684762436,1.116875298,3.105455693,3.118021983,-1.531429648,-2.470067834,1.120314585,2.966488053,2.913876221,-3.930221754,-4.80875129,1.685898575,6.489137854,2.755866112,1.6754397,3.539165028,2.593473385,3.431929898,2.680049347,3.866315965,3.341653497,7.9024681,58,62,66,7.9024681,58,62,66,7.88101,51,55,59,7.8953154,3.778409415,3.778409415,2.48314856,3.346655797,0.346941565,0.341826895,0.363238875,0.350669112,-1.367200476,-2.616964262,1.130932042,3.068019959,3.054234915,2.563021277,2.191787028,-0.447,-0.447,-0.28,-0.391333333,-2.607595104,3.045284472,-2.614358974,3.051750408
206,Li1.00__P0Co-P1Al-P2Al-P3Co-P4Co-P5Al__P6Co-P7Ni-P8Mn,Al,5.361457615,1-2-5-7-8-Al-Al-Al-Ni-Mn,-151.3335445,2.88611229,0.1614,2.8076,2.969,1,6.994236037,0.003751207,0.501221935,53,134,358.0000013,142.0000013,124.0000013,86.80000091,80.8438454,43.1561546,7.052690714,6.409931591,1.988214888,1.972601229,1.961203555,1.974006557,0.715,0.699,8.351,3.255,5.072,4.693,14.837,4.972073076,7.708423334,-2.736350258,25.21835464,3.624735738,2.582092689,1.83,1.83,1.56,5.22,1.74,-2.573473016,-7.143939908,7.374949091,8.03177835,5.190761044,-2.374475345,-7.253611212,7.341575366,8.087496491,5.109281438,-1.574466659,-2.54063045,1.131556429,2.9808873,2.860473751,-3.550465554,-4.637082014,4.60040475,6.519465554,3.523705209,1.656610212,0,0,0,0,3.855553048,3.353784669,5.985769,56.8,57.8,58.8,5.985769,56.8,57.8,58.8,7.88101,51,55,59,6.617516,6.91638435,6.91638435,2.48314856,5.438639087,0.038435282,0.03821371,0.383945161,0.153531384,-2.17413834,-5.646060523,5.282693629,6.366720713,4.386838744,1.376327214,-1.008978509,-1.676,-1.676,-0.28,-1.210666667,-3.295806323,3.231752035,-3.315781359,3.241504497
207,Li1.00__P0Ni-P1Mn-P2Mn-P3Mn-P4Ni-P5Ni__P6Co-P7Ni-P8Mn,Mn,3.91052351,0-1-2-3-4-5-7-8-Ni-Mn-Mn-Mn-Ni-Ni-Ni-Mn,-127.6487923,2.06155646,0,2.06155646,2.06155646,1,8.228771653,7.135491479,2.893842311,75,159,387.9999973,171.9999973,153.9999973,107.7999981,123.7268934,30.27310663,28.97201539,9.385545949,2.069446523,2.019574861,1.984543469,2.024521618,5.795,5.729,5.8,5.774666667,5.017,12.307,22.341,8.559587816,7.436543257,1.123044559,42.94345207,2.844998269,2.476178164,1.89,1.89,1.89,5.67,1.89,-1.391045655,-4.027834105,1.386178282,3.539663001,3.089029713,-1.750073852,-4.433878272,0.95776279,3.507639354,3.07860401,-1.405752362,-4.245959645,1.156744738,3.527030836,3.212081256,-3.908223033,-4.885919581,1.855034419,5.969779493,2.882439195,1.618635906,2.983272396,2.291170987,2.901656278,2.253767524,2.919271931,2.322940825,7.434038,59,68,77,7.434038,59,68,77,7.434038,59,68,77,7.434038,3.28671184,3.28671184,3.28671184,3.28671184,0.585054315,0.740211168,0.571156853,0.632140778,-1.515623956,-4.235890674,1.16689527,3.524777731,3.126571659,2.392599077,0.650028907,-1.185,-1.185,-1.185,-1.185,-4.225955376,3.127324441,-4.252015352,3.122020523
208,Li1.00__P0Mn-P1Ni-P2Ni-P3Ni-P4Mn-P5Mn__P6Co-P7Ni-P8Mn,Ni,3.5267349,0-1-2-3-4-5-7-8-Mn-Ni-Ni-Ni-Mn-Mn-Ni-Mn,-127.4653638,1.87218286,0,1.87218286,1.87218286,1,7.608534602,2.063526099,3.5989264,84,159,387.9999983,171.9999983,153.9999983,107.7999988,113.5648654,40.43513463,24.1710389,13.42281608,2.060619383,2.025467165,2.048500352,2.0448623,9.098,9.018,9.095,9.070333333,5.003,22.208,32.214,13.30731679,7.340232636,5.967084155,66.57650591,4.434189268,2.447349,1.53,1.53,1.53,4.59,1.53,-2.650878083,-3.547161259,2.04063783,3.0895902,2.491617265,-2.564291696,-3.03557034,0.427402916,2.323075139,2.130988369,-3.089554636,-3.846490188,1.26362072,2.795725636,2.270200095,-3.768980348,-4.513422405,3.698128993,5.641163208,2.986188892,1.77158915,4.855902095,3.722294204,4.924045594,3.672394841,4.97433783,3.842173883,7.639878,46,49,52,7.639878,46,49,52,7.639878,46,49,52,7.639878,2.02617786,2.02617786,2.02617786,2.02617786,0.975462532,0.929951646,1.176534937,1.027316371,-2.768241471,-3.476407262,1.243887155,2.736130325,2.29760191,1.000738876,1.037015143,-0.257,-0.257,-0.257,-0.257,-3.459066092,2.289081957,-3.507062001,2.29827453
209,Li1.00__P0Ni-P1Fe-P2Fe-P3Fe-P4Ni-P5Ni__P6Co-P7Ni-P8Mn,Fe,3.538024225,0-1-2-3-4-5-7-8-Ni-Fe-Fe-Fe-Ni-Ni-Ni-Mn,-118.9484068,1.88679334,0,1.88679334,1.88679334,1,6.19157635,4.040780987,1.918975726,78,162,394,178,160,112,127.8591127,32.14088731,20.80829334,8.983379015,1.991127007,1.992887724,1.986333639,1.990116124,7.338,7.279,7.376,7.331,5.015,16.978,27.008,11.05121295,7.559875014,3.491337937,55.42183295,3.674912786,2.518453833,1.61,1.61,1.61,4.83,1.61,-1.471341484,-3.289819148,1.196312776,3.405544112,3.325076057,-1.617198462,-3.127452549,1.026299968,3.232910222,3.145252483,-1.360961491,-3.08652883,1.055318638,3.261398462,3.259765782,-3.622628762,-4.609329836,1.806564182,5.509422102,2.873444888,1.730615735,3.548204105,2.873932257,3.761279111,2.932180552,3.394835108,3.207797849,7.9024681,58,62,66,7.9024681,58,62,66,7.9024681,58,62,66,7.9024681,3.778409415,3.778409415,3.778409415,3.778409415,0.522330534,0.588894911,0.503237405,0.538154283,-1.483167146,-3.167933509,1.092643794,3.299950932,3.243364774,2.139461616,1.441396327,-0.447,-0.447,-0.447,-0.447,-3.167311617,3.242882885,-3.167227194,3.239125636
210,Li1.00__P0Fe-P1Ni-P2Ni-P3Ni-P4Fe-P5Fe__P6Co-P7Ni-P8Mn,Ni,2.881691985,0-1-2-3-4-5-7-8-Fe-Ni-Ni-Ni-Fe-Fe-Ni-Mn,-118.6310137,1.99679965,0,1.99679965,1.99679965,1,4.367196637,1.148116758,1.287079429,84,162,394.0000008,178.0000008,160.0000008,112.0000006,125.4227037,34.57729627,17.40916796,9.017661583,2.124156008,1.998975203,1.951421588,2.024850933,9.135,9.086,9.23,9.150333333,4.998,22.453,32.449,13.57574576,7.414425412,6.161320344,67.85157729,4.525278755,2.471716799,1.53,1.53,1.53,4.59,1.53,-1.816427806,-2.341050773,0.573960796,2.387031631,2.317722712,-1.556626542,-2.093017759,0.741741023,2.342829237,2.276787634,-2.891899634,-3.2344934,0.417247837,2.476594049,2.338922839,-3.265161574,-3.971616665,1.399018781,5.261961224,2.577734388,1.819789205,5.038365001,3.814198788,4.879361217,3.746628624,5.602449914,3.842520284,7.639878,46,49,52,7.639878,46,49,52,7.639878,46,49,52,7.639878,2.02617786,2.02617786,2.02617786,2.02617786,0.431226716,0.381097549,1.197465686,0.669929984,-2.088317994,-2.556187311,0.577649885,2.402151639,2.311144395,1.176843579,1.415429354,-0.257,-0.257,-0.257,-0.257,-2.56607322,2.311646886,-2.826346321,2.32259196
211,Li1.00__P0Mn-P1Fe-P2Fe-P3Fe-P4Mn-P5Mn__P6Co-P7Ni-P8Mn,Fe,4.177549865,0-1-2-3-4-5-7-8-Mn-Fe-Fe-Fe-Mn-Mn-Ni-Mn,-130.5677447,2.16500045,0,2.16500045,2.16500045,1,9.398977875,3.099679979,1.399312362,78,153,376.0000018,160.0000018,142.0000018,99.40000126,98.37386155,43.62613845,23.97214222,13.46682603,1.976312846,1.983865201,1.974645394,1.97827448,7.318,7.255,7.338,7.303666667,5.023,16.888,26.934,11.0759678,7.617275576,3.458692228,55.63458628,3.691644765,2.53972989,1.61,1.61,1.61,4.83,1.61,-0.910326201,-2.125442752,1.419691651,3.01574345,3.060327775,-0.988278712,-3.3374274,1.25116026,3.270004967,3.228258387,-0.241732251,-2.920476289,1.458302658,3.152451518,3.567687539,-3.605836442,-4.596168766,2.195933355,5.770836892,2.855312868,1.556923101,4.036864139,3.31752937,2.724640756,2.379109282,2.381275001,1.710584627,7.9024681,58,62,66,7.9024681,58,62,66,7.9024681,58,62,66,7.9024681,3.778409415,3.778409415,3.778409415,3.778409415,0.335307379,0.457387023,0.293416539,0.36203698,-0.713445721,-2.794448814,1.376384857,3.146066645,3.285424567,2.892390721,1.801719952,-0.447,-0.447,-0.447,-0.447,-2.696594383,3.241528844,-2.850619167,3.268112284
212,Li1.00__P0Fe-P1Mn-P2Mn-P3Mn-P4Fe-P5Fe__P6Co-P7Ni-P8Mn,Mn,3.813197615,0-1-2-3-4-5-7-8-Fe-Mn-Mn-Mn-Fe-Fe-Ni-Mn,-130.3529861,2.16664215,0,2.16664215,2.16664215,1,8.109652297,7.138984854,1.407999057,75,153,376.0000005,160.0000005,142.0000005,99.40000035,96.43527749,45.56472251,24.76240871,16.96852618,2.036264453,2.03468149,2.011254529,2.027400158,5.789,5.766,5.722,5.759,5.018,12.259,22.295,8.521800232,7.425510325,1.096289907,42.76239356,2.840334521,2.476261382,1.89,1.89,1.89,5.67,1.89,-0.465121949,-3.157266149,1.66468049,3.360211373,3.41791443,-0.968062962,-3.501564486,1.071419637,3.152378316,3.149323007,-1.348181392,-3.842331869,1.060423167,3.23568849,2.925207749,-3.996152661,-5.001447016,1.742667375,6.162794811,2.858407578,1.581106394,2.415299433,1.981504091,2.718980875,2.115748641,2.840679558,2.202271059,7.434038,59,68,77,7.434038,59,68,77,7.434038,59,68,77,7.434038,3.28671184,3.28671184,3.28671184,3.28671184,0.307122081,0.444107107,0.527265736,0.426164975,-0.927122101,-3.500387502,1.265507765,3.24942606,3.164148395,3.06903056,1.501059514,-1.185,-1.185,-1.185,-1.185,-3.512293446,3.155687106,-3.559392908,3.121416803
213,Li1.00__P0Ni-P1Al-P2Al-P3Al-P4Ni-P5Ni__P6Co-P7Ni-P8Mn,Al,4.04400514,0-1-2-3-4-5-7-8-Ni-Al-Al-Al-Ni-Ni-Ni-Mn,-144.9834677,2.25008172,0,2.25008172,2.25008172,1,7.002116741,0.017193566,0,39,123,363.9999952,147.9999952,129.9999952,90.99999664,97.9266062,32.0733938,10.106133,5.710305817,1.977137614,1.965863677,1.965148517,1.969383269,0.707,0.685,0.715,0.702333333,5.113,-3.006,7.22,1.069875194,7.788793198,-6.718918003,5.470271869,0.356390004,2.596200495,1.83,1.83,1.83,5.49,1.83,-2.053247405,-6.513978292,7.7478318,7.911335601,5.155530425,-1.909198298,-6.588484253,7.77298386,7.941593214,5.062112082,-2.173663629,-6.471072565,7.768976755,7.876673557,5.184399454,-3.025951246,-3.923564953,7.045121665,5.276032966,3.470578303,1.674020162,0,0,0,0,0,0,5.985769,56.8,57.8,58.8,5.985769,56.8,57.8,58.8,5.985769,56.8,57.8,58.8,5.985769,6.91638435,6.91638435,6.91638435,6.91638435,0.039411609,0.038865377,0.039752138,0.039343041,-2.045369777,-6.524511703,7.763264138,7.909867457,5.134013987,0.980581468,-2.60094675,-1.676,-1.676,-1.676,-1.676,-6.523675473,5.134957361,-6.524061463,5.134492114
214,Li1.00__P0Al-P1Ni-P2Ni-P3Ni-P4Al-P5Al__P6Co-P7Ni-P8Mn,Ni,2.78064046,0-1-2-3-4-5-7-8-Al-Ni-Ni-Ni-Al-Al-Ni-Mn,-145.2776196,1.95674233,0,1.95674233,1.95674233,1,2.374200151,2.957049047,0.299462079,84,123,363.9999991,147.9999991,129.9999991,90.99999937,94.19997465,35.80002535,14.3251736,5.75864057,2.120559215,2.033828281,1.90923439,2.021207295,9.187,9.047,9.339,9.191,4.994,22.579,32.567,13.67209877,7.426215209,6.245883563,68.27846126,4.558145669,2.475860172,1.53,1.53,1.53,4.59,1.53,-1.615629608,-2.309395735,2.049709196,2.866626831,2.518989255,-2.092265645,-2.820621148,0.931438794,2.464757693,2.112065439,-2.286776415,-2.986084023,1.138058088,2.8713484,2.588914351,-2.298768831,-3.536960194,3.418082378,4.255511161,3.434689925,1.850481266,5.69237858,3.951593526,5.30564544,3.897985866,4.813946402,4.270164618,7.639878,46,49,52,7.639878,46,49,52,7.639878,46,49,52,7.639878,2.02617786,2.02617786,2.02617786,2.02617786,0.685392265,0.884383425,0.720458564,0.763411418,-1.998223889,-2.705366969,1.373068693,2.734244308,2.406656348,0.300544942,0.831593225,-0.257,-0.257,-0.257,-0.257,-2.705572851,2.408467966,-2.71967916,2.383850876
215,Li1.00__P0Mn-P1Al-P2Al-P3Al-P4Mn-P5Mn__P6Co-P7Ni-P8Mn,Al,6.026104045,0-1-2-3-4-5-7-8-Mn-Al-Al-Al-Mn-Mn-Ni-Mn,-156.9189512,3.08336396,0,3.08336396,3.08336396,1,7.026581042,0.011708422,0,39,114,345.9999968,129.9999968,111.9999968,78.39999776,70.46697982,41.53302018,23.06809796,9.188717154,1.975623703,1.989603145,1.964957054,1.976727967,0.707,0.681,0.711,0.699666667,5.11,-3.011,7.209,1.061980955,7.755442081,-6.693461127,5.426722678,0.353023012,2.585774861,1.83,1.83,1.83,5.49,1.83,-7.291981073,-7.707971746,2.498757493,5.474654622,5.18474933,-7.295093526,-7.610491568,2.464032568,5.305059869,5.080608368,-7.183314891,-7.574292907,2.399027719,5.432498966,5.167006663,-4.770064332,-4.952356654,2.674905614,7.853428292,2.019469326,1.652593196,0,0,0,0,0,0,5.985769,56.8,57.8,58.8,5.985769,56.8,57.8,58.8,5.985769,56.8,57.8,58.8,5.985769,6.91638435,6.91638435,6.91638435,6.91638435,0.041418312,0.040431418,0.0413,0.04104991,-7.256796497,-7.63091874,2.45393926,5.404071152,5.144121454,-2.486732165,-2.678562086,-1.676,-1.676,-1.676,-1.676,-7.631052852,5.14457473,-7.631136841,5.144608447
216,Li1.00__P0Al-P1Mn-P2Mn-P3Mn-P4Al-P5Al__P6Co-P7Ni-P8Mn,Mn,4.168193725,0-1-2-3-4-5-7-8-Al-Mn-Mn-Mn-Al-Al-Ni-Mn,-157.1994894,2.9943079,0,2.9943079,2.9943079,1,7.117491218,10.2990208,1.808048589,75,114,346.0000022,130.0000022,112.0000022,78.40000154,70.26284638,41.73715362,23.72360242,10.53253936,2.023851885,2.216895246,1.94666704,2.06247139,5.778,5.568,5.78,5.708666667,5.017,12.109,22.143,8.335750224,7.319236786,1.016513437,41.82045887,2.755200476,2.430654846,1.89,1.89,1.89,5.67,1.89,-1.517259599,-3.887587843,0.884693237,3.202372893,2.959212641,-1.543474901,-3.850683303,1.247033389,3.303598791,2.787813047,-0.866020733,-3.566386592,1.601262419,3.319717351,2.93095444,-4.038319014,-4.817852581,1.558546323,7.032626914,2.624453126,1.653247902,2.863698389,2.418361581,3.072222989,2.412936207,2.727406561,2.225317553,7.434038,59,68,77,7.434038,59,68,77,7.434038,59,68,77,7.434038,3.28671184,3.28671184,3.28671184,3.28671184,0.389345498,0.438803081,0.340404502,0.389517694,-1.308918411,-3.768219246,1.244329682,3.275229678,2.892660043,2.729400603,1.049633334,-1.185,-1.185,-1.185,-1.185,-3.778946434,2.887512806,-3.780162532,2.886618687
217,Li1.00__P0Al-P1Fe-P2Fe-P3Fe-P4Al-P5Al__P6Co-P7Ni-P8Mn,Fe,4.14234574,0-1-2-3-4-5-7-8-Al-Fe-Fe-Fe-Al-Al-Ni-Mn,-150.9437588,2.36911217,0,2.36911217,2.36911217,1,3.306033313,0.972910086,1.77948186,78,117,352.0000037,136.0000037,118.0000037,82.60000259,84.57138687,33.42861313,12.24492985,7.310959767,1.971428746,1.98698301,1.971072309,1.976494689,7.309,7.241,7.306,7.285333333,5.019,16.837,26.875,11.05829368,7.618139127,3.44015455,55.50157596,3.68251975,2.53639391,1.61,1.61,1.61,4.83,1.61,-1.333027712,-2.412707615,1.000292878,2.965909906,3.006005382,-1.243196801,-2.359107123,0.913877874,2.866167861,2.955524044,-1.179676593,-2.330710843,1.078318402,2.954017832,3.014049263,-4.251020005,-5.095121855,1.374263851,6.620132175,2.737570651,1.724639323,4.35045588,3.161099675,4.103678487,3.352777485,4.290444567,3.199909824,7.9024681,58,62,66,7.9024681,58,62,66,7.9024681,58,62,66,7.9024681,3.778409415,3.778409415,3.778409415,3.778409415,0.386939904,0.372802404,0.369207692,0.376316667,-1.251967035,-2.367508527,0.997496385,2.928698533,2.991859563,2.99905297,2.727613328,-0.447,-0.447,-0.447,-0.447,-2.367384897,2.992007489,-2.36819171,2.991966052
218,Li1.00__P0Fe-P1Al-P2Al-P3Al-P4Fe-P5Fe__P6Co-P7Ni-P8Mn,Al,5.866410265,0-1-2-3-4-5-7-8-Fe-Al-Al-Al-Fe-Fe-Ni-Mn,-150.85571,2.33318909,0,2.33318909,2.33318909,1,7.016429016,0.014506709,0,39,117,351.9999997,135.9999997,117.9999997,82.59999979,80.94804949,37.05195051,14.20311175,7.808928019,1.992370785,1.978098482,1.966397741,1.978955669,0.715,0.691,0.719,0.708333333,5.108,-2.983,7.233,1.073837541,7.74370106,-6.669863518,5.485162161,0.357526948,2.581737384,1.83,1.83,1.83,5.49,1.83,-6.92268729,-7.404573109,3.214806967,5.63884275,5.284348126,-6.942350643,-7.358427683,3.603223708,5.487987118,5.152510715,-6.810780552,-7.281355687,3.084294648,5.628313093,5.293946138,-4.32172425,-4.509327777,3.466533191,6.65491334,2.060058647,1.661934118,0,0,0,0,0,0,5.985769,56.8,57.8,58.8,5.985769,56.8,57.8,58.8,5.985769,56.8,57.8,58.8,5.985769,6.91638435,6.91638435,6.91638435,6.91638435,0.041352407,0.040211481,0.04180463,0.04112284,-6.891939495,-7.348118826,3.300775108,5.585047654,5.243601659,-2.570215245,-2.83879105,-1.676,-1.676,-1.676,-1.676,-7.347980015,5.244538856,-7.34777876,5.244628623
219,Li1.00__P0Co-P1Ni-P2Mn-P3Co-P4Co-P5Co__P6Co-P7Ni-P8Mn,NiMnCo,3.51669434,1-2-7-8-Ni-Mn-Ni-Mn,-124.3829232,2.27310434,0,2.27310434,2.27310434,1,7.974599432,3.205592158,2.0151604,80,161,392.0000035,176.0000035,158.0000035,110.6000025,110.6959238,47.30407618,10.56521184,11.87101976,2.135144688,1.966806197,1.961745374,2.021232086,9.137,5.718,8.345,7.733333333,5.008,18.192,28.208,11.44045166,7.444597275,3.995854381,57.29378189,3.991320659,2.462123758,1.53,1.89,1.56,4.98,1.66,-1.652209992,-2.223193029,1.098491858,2.403502673,2.234843693,-1.683828223,-4.251113302,0.946388726,3.404773421,3.000511328,-1.685851459,-2.641425119,0.967336187,2.967000199,2.904703347,-3.691569277,-4.574752598,2.019839428,5.964673617,2.846933439,1.713326389,4.563371854,3.5175706,2.698541515,2.076817597,3.834811216,3.349249772,7.639878,46,49,52,7.434038,59,68,77,7.88101,51,55,59,7.651642,2.02617786,3.28671184,2.48314856,2.59867942,0.353056122,0.543318112,0.383356888,0.426577041,-1.673963225,-3.03857715,1.004072257,2.925092098,2.713352789,2.017606052,1.536175448,-0.257,-1.185,-0.28,-0.574,-2.786165255,2.633747696,-3.209445488,2.760576321
220,Li1.00__P0Co-P1Ni-P2Mn-P3Co-P4Co-P5Co__P6Co-P7Mn-P8Ni,NiMnCo,3.465064395,1-2-7-8-Ni-Mn-Mn-Ni,-124.4907836,2.52088889,0,2.52088889,2.52088889,1,6.803936322,1.734629164,2.814975997,80,161,392.0000033,176.0000033,158.0000033,110.6000023,110.7220354,47.27796464,11.01889261,12.06978483,2.123278777,1.965144474,1.959229658,2.015884303,9.142,5.729,8.342,7.737666667,5.009,18.204,28.222,11.47870831,7.464626387,4.014081928,57.49684995,3.898014958,2.479856453,1.53,1.89,1.56,4.98,1.66,-1.433921809,-2.052077378,0.639854524,2.331311814,2.290872464,-2.51802423,-3.743780975,1.343993171,3.591428182,3.254440003,-1.841434024,-2.754655051,0.838519003,2.962819681,2.897199113,-4.004883206,-4.826253675,2.095684683,6.525772096,2.933160315,1.828383527,4.05347422,3.438008364,4.018349263,3.210832789,3.878545921,3.409015175,7.639878,46,49,52,7.434038,59,68,77,7.88101,51,55,59,7.651642,2.02617786,3.28671184,2.48314856,2.59867942,0.309241253,0.766076501,0.381277546,0.485531767,-1.931126688,-2.850171135,0.940788899,2.961853226,2.814170526,2.073756518,1.976082541,-0.257,-1.185,-0.28,-0.574,-2.763939862,2.767354373,-3.125712219,2.956359429
221,Li1.00__P0Co-P1Mn-P2Ni-P3Co-P4Co-P5Co__P6Co-P7Ni-P8Mn,NiMnCo,3.489325225,1-2-7-8-Mn-Ni-Ni-Mn,-124.4646799,2.21895235,0,2.21895235,2.21895235,1,8.035049941,2.00842431,2.039176254,80,161,392.0000003,176.0000003,158.0000003,110.6000002,113.5687387,44.43126134,9.235653416,10.50081166,1.945309786,2.111353912,1.976983102,2.0112156,5.776,9.105,8.334,7.738333333,5.014,18.201,28.229,11.49710569,7.4884486,4.008657091,57.64648793,4.013815984,2.473044409,1.89,1.53,1.56,4.98,1.66,-0.622333121,-4.215186721,2.443731892,4.071682142,3.118114902,-2.426998954,-2.922998605,0.510899994,2.355105802,2.171374565,-2.260853579,-3.163058724,0.510302482,2.924014471,2.817375073,-3.994200995,-4.898113535,2.041504417,6.213153345,2.931462381,1.721772065,2.369639527,1.888045647,4.763125223,3.605551535,3.979737112,3.397256851,7.434038,59,68,77,7.639878,46,49,52,7.88101,51,55,59,7.651642,3.28671184,2.02617786,2.48314856,2.59867942,0.462803571,0.730927041,0.433194388,0.542308333,-1.770061885,-3.433748017,1.154978123,3.116934138,2.70228818,2.224139111,1.464365519,-1.185,-0.257,-0.28,-0.574,-3.259889845,2.590740541,-3.354500962,2.612697062
222,Li1.00__P0Co-P1Mn-P2Ni-P3Co-P4Co-P5Co__P6Co-P7Mn-P8Ni,NiMnCo,3.46031793,1-2-7-8-Mn-Ni-Mn-Ni,-124.6517898,2.47518417,0,2.47518417,2.47518417,1,7.825178803,2.120678819,2.864448498,80,161,392.0000052,176.0000052,158.0000052,110.6000036,111.8526514,46.14734864,10.0259635,11.84442446,1.938653003,2.119403109,1.97628871,2.011448274,5.767,9.104,8.325,7.732,5.014,18.182,28.21,11.48273612,7.489170976,3.99356514,57.57443889,4.008634198,2.47101259,1.89,1.53,1.56,4.98,1.66,-1.691430654,-4.349478765,0.973656132,3.500888612,3.124003796,-3.130051676,-3.434091823,0.632422177,2.411211588,2.234908061,-2.023220756,-2.935843466,0.630065541,2.905998906,2.831412197,-4.150298289,-5.022169409,2.130311729,6.625482459,2.972556237,1.784729775,2.668690577,2.03677591,5.307915663,3.765134392,3.908980195,3.354244121,7.434038,59,68,77,7.639878,46,49,52,7.88101,51,55,59,7.651642,3.28671184,2.02617786,2.48314856,2.59867942,0.464520455,0.951276768,0.390835859,0.602211027,-2.281567695,-3.573138018,0.745381283,2.939366369,2.730108018,1.868730594,1.449031391,-1.185,-0.257,-0.28,-0.574,-3.429402312,2.622998334,-3.561667608,2.592555869
223,Li1.00__P0Co-P1Co-P2Mn-P3Ni-P4Co-P5Co__P6Co-P7Ni-P8Mn,NiMnCo,3.947225965,3-2-7-8-Ni-Mn-Ni-Mn,-124.2822026,2.27663606,0,2.27663606,2.27663606,1,7.754629212,2.89019848,2.188553602,80,161,392.0000015,176.0000015,158.0000015,110.6000011,108.5699846,49.43001541,14.3918293,13.61361145,1.999113802,1.972427188,2.07033448,2.01395849,8.331,5.722,9.141,7.731333333,5.005,18.189,28.199,11.48356943,7.458575882,4.024993546,57.47526499,4.026317105,2.473521917,1.56,1.89,1.53,4.98,1.66,-1.023539723,-2.047538901,1.407779416,2.957734919,2.963492008,-1.875031859,-4.381392516,0.930265467,3.456673069,2.958822456,-2.570673221,-3.045497252,0.781839056,2.431524566,2.205386427,-3.578775099,-4.44175858,2.216428198,5.855411159,2.877244644,1.747885161,3.663215142,3.186874264,2.860079503,2.134857306,4.915754446,3.67362694,7.88101,51,55,59,7.434038,59,68,77,7.639878,46,49,52,7.651642,2.48314856,3.28671184,2.02617786,2.59867942,0.338103906,0.661438281,0.76171224,0.587084809,-1.823081601,-3.15814289,1.039961313,2.948644184,2.70923363,1.755693498,1.283615691,-0.28,-1.185,-0.257,-0.574,-2.961266206,2.628458194,-3.355616359,2.633870738
224,Li1.00__P0Co-P1Co-P2Mn-P3Ni-P4Co-P5Co__P6Co-P7Mn-P8Ni,NiMnCo,3.858310695,3-2-7-8-Ni-Mn-Mn-Ni,-124.5183039,2.45340019,0,2.45340019,2.45340019,1,8.018828367,3.027045434,2.330051413,80,161,392.0000053,176.0000053,158.0000053,110.6000037,112.7481907,45.25180931,9.171468236,11.00319866,1.999717235,1.969598563,2.077167433,2.01549441,8.317,5.727,9.163,7.735666667,5.007,18.2,28.214,11.47808295,7.456490569,4.021592383,57.47076134,4.017402739,2.470888355,1.56,1.89,1.53,4.98,1.66,-1.735863543,-2.695156958,0.830385943,2.933525036,2.892367662,-1.872755567,-4.305840329,0.810639677,3.42458598,3.083935786,-2.197056796,-2.759285445,0.91098513,2.469662864,2.255142531,-3.982340205,-4.835570079,1.885919855,6.435740395,2.837890063,1.720487285,3.776245257,3.323590374,2.757975307,2.17299081,4.7015994,3.57404581,7.88101,51,55,59,7.434038,59,68,77,7.639878,46,49,52,7.651642,2.48314856,3.28671184,2.02617786,2.59867942,0.359996241,0.58476817,0.421504511,0.455422974,-1.935225302,-3.253427577,0.85067025,2.942591293,2.743815326,2.047114903,1.582142502,-0.28,-1.185,-0.257,-0.574,-3.046802019,2.653339429,-3.404319553,2.777770657
225,Li1.00__P0Co-P1Co-P2Ni-P3Mn-P4Co-P5Co__P6Co-P7Ni-P8Mn,NiMnCo,3.717493935,3-2-7-8-Mn-Ni-Ni-Mn,-124.3795548,2.26504912,0.0589,2.2411,2.3,1,9.372320777,3.996587976,1.417224391,80,161,392.0000007,176.0000007,158.0000007,110.6000005,111.0625116,46.93748843,13.7101135,11.42736513,1.998536539,2.119230914,1.949519986,2.022429146,8.316,9.09,5.78,7.728666667,5.013,18.173,28.199,11.41516906,7.445218417,3.969950639,57.22424248,3.963628553,2.466532845,1.56,1.53,1.89,4.98,1.66,-1.80638741,-2.691876244,0.903789744,2.891654004,2.801864136,-1.144765837,-2.457281007,1.591995108,2.865755963,2.474121407,-0.534823238,-3.718245834,2.475700601,3.928213378,3.250179742,-3.269758184,-4.021918907,2.406079069,5.569758184,2.668768087,1.656475456,3.974636014,3.390978384,3.725716172,2.848921381,2.279583875,1.82661448,7.88101,51,55,59,7.639878,46,49,52,7.434038,59,68,77,7.651642,2.48314856,2.02617786,3.28671184,2.59867942,0.411805385,0.415333846,0.43815359,0.421764274,-1.161992162,-2.955801028,1.657161818,3.228541115,2.842055095,2.107766022,1.066117879,-0.28,-0.257,-1.185,-0.574,-2.824703259,2.775704099,-2.970287828,2.849527762
226,Li1.00__P0Co-P1Co-P2Ni-P3Mn-P4Co-P5Co__P6Co-P7Mn-P8Ni,NiMnCo,3.44185032,3-2-7-8-Mn-Ni-Mn-Ni,-124.9234776,2.15447553,0,2.15447553,2.15447553,1,7.925993829,2.354598377,2.049188825,80,161,392.000004,176.000004,158.000004,110.6000028,114.2173688,43.78263116,7.786565228,9.12945557,1.99826078,2.091846221,1.958710965,2.016272655,8.305,9.092,5.778,7.725,5.014,18.161,28.189,11.45241325,7.465954527,3.986458719,57.42240002,3.993796643,2.470471784,1.56,1.53,1.89,4.98,1.66,-1.941721623,-2.87255345,0.665537443,2.919112012,2.859824722,-1.834323501,-2.378131874,1.088530006,2.434245788,2.230754382,-1.637224664,-4.544877556,1.263726617,3.621506826,2.952877461,-3.523922924,-4.439011797,2.30162743,5.678398454,2.916572889,1.713706768,3.852975842,3.341304695,4.690785236,3.536649998,2.696217842,2.006446153,7.88101,51,55,59,7.639878,46,49,52,7.434038,59,68,77,7.651642,2.48314856,2.02617786,3.28671184,2.59867942,0.381537949,0.387218462,0.696774872,0.488510427,-1.804423263,-3.265187627,1.005931355,2.991621542,2.681152188,1.719499662,1.17382417,-0.28,-0.257,-1.185,-0.574,-2.997433583,2.603994446,-3.537011633,2.73785473
228,Li1.00__P0Co-P1Ni-P2Co-P3Mn-P4Co-P5Co__P6Co-P7Mn-P8Ni,NiMnCo,3.49441782,1-3-7-8-Ni-Mn-Mn-Ni,-124.3481273,2.18237228,0,2.18237228,2.18237228,1,8.104321511,3.0820656,2.568181928,80,161,392.0000007,176.0000007,158.0000007,110.6000005,114.2895328,43.71046721,9.364526811,9.318300664,2.130152799,2.007362861,1.940232623,2.025916094,9.119,8.242,5.786,7.715666667,5.007,18.14,28.154,11.36891468,7.425471347,3.94344333,56.92415579,3.946240756,2.452010235,1.53,1.56,1.89,4.98,1.66,-2.339010807,-3.069107427,1.41088926,2.713316127,2.331198153,-1.956081645,-2.799698823,0.525090508,2.826923543,2.797204955,-1.844190167,-4.376731207,1.007595559,3.553448951,3.106943523,-3.747658847,-4.684991505,2.073634791,5.930031127,2.928747512,1.696476629,4.646820539,3.534384804,3.897972377,3.384103621,2.85620324,2.144492249,7.639878,46,49,52,7.88101,51,55,59,7.434038,59,68,77,7.651642,2.02617786,2.48314856,3.28671184,2.59867942,0.796897436,0.374483846,0.716736667,0.62937265,-2.046427539,-3.415179152,0.981191776,3.03122954,2.745115544,1.701231308,1.269812353,-0.257,-0.28,-1.185,-0.574,-3.246174719,2.666426802,-3.512052604,2.71810045
230,Li1.00__P0Co-P1Mn-P2Co-P3Ni-P4Co-P5Co__P6Co-P7Mn-P8Ni,NiMnCo,3.641819415,1-3-7-8-Mn-Ni-Mn-Ni,-124.0570668,2.38651336,0,2.38651336,2.38651336,1,9.03379277,2.607508447,2.173442779,80,161,392.0000069,176.0000069,158.0000069,110.6000048,108.2752548,49.7247452,11.03132287,11.22684448,1.936171092,2.018221861,2.098888459,2.017760471,5.78,8.267,9.162,7.736333333,5.008,18.201,28.217,11.44662101,7.453965324,3.992655683,57.324678,4.01189367,2.456623089,1.89,1.56,1.53,4.98,1.66,-2.018821358,-5.256668016,2.728413823,4.92045208,3.44279978,-2.072148612,-2.927847511,0.478959526,2.870664476,2.822773011,-1.63990712,-2.176906267,0.577570341,2.357389118,2.30196113,-4.17333123,-5.141504406,2.556886105,6.55984459,3.155797531,1.729983115,2.239340059,1.792412766,3.894672591,3.389137452,4.46161461,3.366138624,7.434038,59,68,77,7.88101,51,55,59,7.639878,46,49,52,7.651642,3.28671184,2.48314856,2.02617786,2.59867942,0.5668112,0.362489067,0.2884896,0.405929956,-1.910292363,-3.453807265,1.261647897,3.382835225,2.85584464,2.263038866,1.687697141,-1.185,-0.28,-0.257,-0.574,-3.006171449,2.700964835,-3.833884617,2.987981567
231,Li1.00__P0Co-P1Ni-P2Co-P3Mn-P4Co-P5Co__P6Co-P7Ni-P8Mn,NiMnCo,3.494003965,1-2-3-7-8-Ni-Co-Mn-Ni-Mn,-124.2278831,2.57918555,0.0284,2.5573,2.5857,1,7.779571603,3.441634354,1.926640846,80,161,392.0000022,176.0000022,158.0000022,110.6000015,113.4942663,44.50573374,12.86864581,10.07170706,2.141608184,2.009473883,1.939942618,2.030341562,9.151,8.247,5.797,7.731666667,5.007,18.188,28.202,11.36524918,7.41066383,3.954585347,56.90580263,3.946704928,2.443511041,1.53,1.56,1.89,4.98,1.66,-1.73807454,-2.276816227,1.091209034,2.412326884,2.252321606,-1.764553312,-2.656513262,0.728108042,2.834761019,2.797457038,-1.597482155,-4.330130777,1.183735861,3.541136362,3.028200974,-3.568758475,-4.416424424,1.916537839,6.154458475,2.745633783,1.694042681,4.660580345,3.53903788,3.815663448,3.372667498,2.700720745,2.057488741,7.639878,46,49,52,7.88101,51,55,59,7.434038,59,68,77,7.651642,2.02617786,2.48314856,3.28671184,2.59867942,0.357112531,0.368162907,0.442626817,0.389300752,-1.700036669,-3.087820089,1.001017646,2.929408088,2.692659873,1.868721806,1.328604336,-0.257,-0.28,-1.185,-0.574,-2.837451268,2.608852191,-3.174701682,2.718219893
232,Li1.00__P0Co-P1Ni-P2Co-P3Al-P4Co-P5Co__P6Co-P7Ni-P8Mn,NiCoAl,3.540283275,1-2-3-7-8-Ni-Co-Al-Ni-Mn,-130.3335007,2.22139236,0.0278,2.2019,2.2297,1,7.012152009,0.841611343,1.092408228,68,149,384.0000024,168.0000024,150.0000024,105.0000017,107.0531536,42.94684637,5.647617145,7.807925847,2.137994361,1.991246279,1.921916451,2.017052364,9.25,8.261,0.724,6.078333333,5.041,13.194,23.276,8.851850171,7.51230041,1.339549761,44.62217671,4.073595719,2.445432435,1.53,1.56,1.83,4.92,1.64,-2.846167208,-3.360661227,0.631223094,2.604185972,2.366141534,-0.952459306,-1.948469812,1.392307485,2.889476746,2.902101354,-4.836476494,-6.623937703,6.430727096,6.694766825,5.292297553,-3.134311895,-3.814760299,2.992814063,5.364011895,2.718056409,1.681997361,4.938119608,3.646460345,3.608889167,3.22235417,0,0,7.639878,46,49,52,7.88101,51,55,59,5.985769,56.8,57.8,58.8,7.168885667,2.02617786,2.48314856,6.91638435,3.808570257,0.895848312,0.340402078,0.038568616,0.424939669,-2.878367669,-3.977689581,2.818085892,4.062809848,3.520180147,0.255944226,-0.162929281,-0.257,-0.28,-1.676,-0.737666667,-2.89219612,2.728159009,-3.082305764,2.597781965
233,Li1.00__P0Co-P1Ni-P2Co-P3Fe-P4Co-P5Co__P6Co-P7Ni-P8Mn,NiCoFe,3.75976894,1-2-3-7-8-Ni-Co-Fe-Ni-Mn,-121.4823605,2.36570174,0,2.36570174,2.36570174,1,7.10563174,1.935894567,2.016102316,81,162,394.0000007,178.0000007,160.0000007,112.0000005,116.4441571,43.55584292,10.05306032,9.949777918,2.124898953,1.98995878,1.933567129,2.016141621,9.195,8.269,7.361,8.275,5.006,19.819,29.831,12.28958047,7.460503989,4.82907648,61.52163983,4.127073155,2.472744406,1.53,1.56,1.61,4.7,1.566666667,-2.080980638,-2.633809643,0.92888621,2.511023417,2.335464234,-1.551054578,-2.467397849,0.954619782,2.882436865,2.856282273,-1.928922941,-3.463574622,1.15949508,3.430717623,3.210402275,-3.507914073,-4.278096261,1.818536726,5.873615813,2.656125187,1.743464158,4.710954343,3.558806254,3.785361751,3.359919985,3.282835736,3.211583189,7.639878,46,49,52,7.88101,51,55,59,7.9024681,58,62,66,7.807785367,2.02617786,2.48314856,3.778409415,2.762578612,0.414258374,0.353539163,0.547739409,0.438512315,-1.853652719,-2.854927371,1.014333691,2.941392635,2.80071626,1.654261355,1.42316889,-0.257,-0.28,-0.447,-0.328,-2.806365859,2.748003799,-2.934570404,2.839720401
235,Li1.00__P0Co-P1Ni-P2Al-P3Co-P4Co-P5Co__P6Co-P7Ni-P8Mn,NiCoAl,3.580463415,1-2-3-7-8-Ni-Al-Co-Ni-Mn,-131.0477994,2.51779549,0,2.51779549,2.51779549,1,6.945956778,0.728304756,0.982688375,68,149,384.0000022,168.0000022,150.0000022,105.0000015,106.1433838,43.85661624,5.177802641,8.432829214,2.149014602,1.930066633,1.958580496,2.01255391,9.249,0.694,8.355,6.099333333,5.043,13.255,23.341,8.929250679,7.53434405,1.394906629,45.03021118,4.117334418,2.461260813,1.53,1.83,1.56,4.92,1.64,-2.170187646,-2.768239753,0.640149557,2.576282029,2.421799772,-4.715606215,-6.999378783,6.621415426,6.952396487,5.126719857,-1.694572853,-2.636030909,1.069962508,2.955249766,2.842159748,-3.343455016,-4.133755968,2.929521197,5.861250506,2.874132965,1.68303258,4.590006347,3.509042027,0,0,3.917178541,3.378467969,7.639878,46,49,52,5.985769,56.8,57.8,58.8,7.88101,51,55,59,7.168885667,2.02617786,6.91638435,2.48314856,3.808570257,0.443218667,0.036916,0.4077496,0.295961422,-2.860122238,-4.134549815,2.77717583,4.161309427,3.463559792,0.483332778,-0.000793847,-0.257,-1.676,-0.28,-0.737666667,-2.888091007,2.72595053,-2.883444661,2.727308555
236,Li1.00__P0Co-P1Ni-P2Fe-P3Co-P4Co-P5Co__P6Co-P7Ni-P8Mn,NiCoFe,3.771824655,1-2-3-7-8-Ni-Fe-Co-Ni-Mn,-121.6649324,2.4190854,0.0224,2.4156,2.438,1,7.498488567,2.494419878,1.552038494,81,162,394.0000032,178.0000032,160.0000032,112.0000022,114.8242253,45.17577466,11.61783009,10.62620642,2.129701569,1.964485656,1.953694971,2.015960732,9.209,7.274,8.351,8.278,5.006,19.828,29.84,12.301295,7.461138033,4.840156964,61.58028275,4.148365393,2.473268641,1.53,1.61,1.56,4.7,1.566666667,-2.090388256,-2.644105576,0.895903026,2.521435723,2.346837873,-1.392042184,-3.174067104,1.087546992,3.246627366,3.184583767,-1.471170606,-2.434862792,1.179704053,2.967518726,2.906709317,-3.417157194,-4.235163162,2.053994968,5.855157194,2.725060341,1.710618013,4.696026384,3.575701676,3.265277129,2.35820665,3.828165462,3.330682996,7.639878,46,49,52,7.9024681,58,62,66,7.88101,51,55,59,7.807785367,2.02617786,3.778409415,2.48314856,2.762578612,0.439236294,0.412011929,0.375700254,0.408982826,-1.651200349,-2.751011824,1.05438469,2.911860605,2.812710319,1.765956845,1.484151338,-0.257,-0.447,-0.28,-0.328,-2.707028974,2.751263173,-2.757996181,2.799591314
238,Li1.00__P0Co-P1Co-P2Ni-P3Al-P4Co-P5Co__P6Co-P7Ni-P8Mn,NiCoAl,4.34761387,1-2-3-7-8-Co-Ni-Al-Ni-Mn,-130.5297227,2.34232682,0,2.34232682,2.34232682,1,6.17563431,0.258988845,1.027453984,68,149,383.9999998,167.9999998,149.9999998,104.9999999,105.7367082,44.26329185,6.831836426,8.329820593,1.981079817,2.034804862,1.937309599,1.984398093,8.336,9.173,0.721,6.076666667,5.035,13.195,23.265,9.088020826,7.614947063,1.473073763,45.75818486,4.207449825,2.508179481,1.56,1.53,1.83,4.92,1.64,-1.344849065,-2.308953838,1.292977706,2.968214093,2.898931197,-2.563027918,-2.845772753,0.596272253,2.462519709,2.345621227,-4.326333345,-6.770369735,6.751676298,7.109197954,5.287395616,-3.4800136,-4.257409256,3.225280365,5.82234042,2.970657517,1.765257369,3.826311559,3.331482083,5.293161201,3.738669414,0,0,7.88101,51,55,59,7.639878,46,49,52,5.985769,56.8,57.8,58.8,7.168885667,2.48314856,2.02617786,6.91638435,3.808570257,0.369145789,0.573652105,0.037798619,0.326865505,-2.744736776,-3.975032109,2.880308752,4.179977252,3.510649347,0.735276824,0.282377147,-0.28,-0.257,-1.676,-0.737666667,-2.781799531,2.703976598,-2.794966846,2.66731017
239,Li1.00__P0Co-P1Co-P2Ni-P3Fe-P4Co-P5Co__P6Co-P7Ni-P8Mn,NiCoFe,3.84711508,1-2-3-7-8-Co-Ni-Fe-Ni-Mn,-121.7835222,2.30790938,0.0057,2.3035,2.3092,1,7.627781201,2.177783256,1.167476412,81,162,393.999999,177.999999,159.999999,111.9999993,117.5781884,42.42181162,8.295461552,8.574485507,1.97636718,2.088534246,1.961578598,2.008826674,8.329,9.106,7.334,8.256333333,5.007,19.762,29.776,12.31311887,7.483347228,4.829771644,61.65178619,4.136729466,2.484595328,1.56,1.53,1.61,4.7,1.566666667,-1.553267984,-2.48664547,1.074552092,2.917112092,2.853343125,-1.776271942,-2.269862201,0.300209539,2.200273762,2.162335748,-1.25205656,-3.148587609,1.220205605,3.289961893,3.231960075,-3.444180355,-4.318479282,1.898629481,5.753380355,2.731530529,1.653565844,3.859131833,3.344248749,4.34795062,3.535962442,3.050679563,2.402044684,7.88101,51,55,59,7.639878,46,49,52,7.9024681,58,62,66,7.807785367,2.48314856,2.02617786,3.778409415,2.762578612,0.377333915,0.355576808,0.388672569,0.373861097,-1.527198829,-2.63503176,0.864989079,2.802449249,2.749212983,1.916981526,1.683447521,-0.28,-0.257,-0.447,-0.328,-2.570826425,2.677538651,-2.647307322,2.765477894
241,Li1.00__P0Co-P1Co-P2Al-P3Ni-P4Co-P5Co__P6Co-P7Ni-P8Mn,NiCoAl,3.99393756,1-2-3-7-8-Co-Al-Ni-Ni-Mn,-130.915962,2.58664984,0,2.58664984,2.58664984,1,6.607955108,0.618779766,1.214583232,68,149,384.0000011,168.0000011,150.0000011,105.0000008,106.9311918,43.06880821,8.088894324,8.199926848,1.985451943,1.932831491,2.071656004,1.996646479,8.346,0.695,9.276,6.105666667,5.034,13.283,23.351,9.040730385,7.569852141,1.470878244,45.51103676,4.185677135,2.482483615,1.56,1.83,1.53,4.92,1.64,-1.755566648,-2.702125797,0.92371348,2.966257562,2.887061128,-4.333590823,-7.214822194,6.691822895,7.293857285,5.129940879,-2.621809101,-3.013991337,0.535451593,2.580441907,2.445250581,-3.732143801,-4.540860925,2.87044202,6.318793641,2.96687031,1.727801486,3.851722028,3.371608515,0,0,5.118752434,3.626152892,7.88101,51,55,59,5.985769,56.8,57.8,58.8,7.639878,46,49,52,7.168885667,2.48314856,6.91638435,2.02617786,3.808570257,0.375465707,0.036990963,0.499498168,0.303984946,-2.903655524,-4.310313109,2.716995989,4.280185584,3.487417529,0.828488278,0.230547816,-0.28,-1.676,-0.257,-0.737666667,-3.055018418,2.746617744,-3.055986796,2.736047863
242,Li1.00__P0Co-P1Co-P2Fe-P3Ni-P4Co-P5Co__P6Co-P7Ni-P8Mn,NiCoFe,3.980978615,1-2-3-7-8-Co-Fe-Ni-Ni-Mn,-121.4312296,2.41013203,0,2.41013203,2.41013203,1,7.218733193,1.68026889,1.62801445,81,162,394.0000023,178.0000023,160.0000023,112.0000016,116.7982451,43.20175487,9.794463717,9.196156303,1.963020996,1.975788985,2.128964692,2.022591557,8.346,7.285,9.222,8.284333333,5.002,19.851,29.855,12.27042772,7.429259023,4.841168692,61.37667943,4.134827435,2.465626955,1.56,1.61,1.53,4.7,1.566666667,-1.51515303,-2.471686139,1.135701687,2.96134603,2.899212394,-1.314775852,-2.813638852,1.200005443,3.174353523,3.136746193,-2.2829135,-2.880641037,0.682067598,2.617039977,2.453009647,-3.387005784,-4.217071007,2.092849579,5.797137814,2.758757473,1.723456777,3.843184803,3.333331699,3.486871788,2.571646866,4.645603106,3.527142044,7.88101,51,55,59,7.9024681,58,62,66,7.639878,46,49,52,7.807785367,2.48314856,3.778409415,2.02617786,2.762578612,0.371692893,0.370455076,0.464840863,0.402329611,-1.704280794,-2.721988676,1.005924909,2.917579843,2.829656078,1.68272499,1.495082331,-0.28,-0.447,-0.257,-0.328,-2.723918436,2.793364109,-2.734138498,2.800273891
243,Li1.00__P0Co-P1Mn-P2Co-P3Ni-P4Co-P5Co__P6Co-P7Ni-P8Mn,NiMnCo,3.41957472,1-2-3-7-8-Mn-Co-Ni-Ni-Mn,-123.9367259,2.04751562,0.0895,2.0014,2.0909,1,7.701359344,1.892867712,1.152424211,80,161,391.9999999,175.9999999,157.9999999,110.5999999,114.5543325,43.44566755,9.228673314,9.087270015,1.937318074,2.014139806,2.083152256,2.011536712,5.789,8.271,9.17,7.743333333,5.007,18.223,28.237,11.49660183,7.473994406,4.02260742,57.56348535,3.990690858,2.473464093,1.89,1.56,1.53,4.98,1.66,-0.688403923,-3.577042914,1.903581719,3.555481373,3.186065626,-1.461461493,-2.370675675,1.11124858,2.866769455,2.807135165,-1.404071577,-2.11225479,1.396439095,2.57030981,2.347141939,-3.397170025,-4.258651577,2.317876852,5.488070025,2.802218462,1.654598811,2.533983229,1.9053076,3.853703522,3.361674767,4.305720175,3.489015053,7.434038,59,68,77,7.88101,51,55,59,7.639878,46,49,52,7.651642,3.28671184,2.48314856,2.02617786,2.59867942,0.413239691,0.380308247,0.381415979,0.391654639,-1.184645664,-2.686657793,1.470423132,2.997520213,2.780114243,2.212524361,1.571993784,-1.185,-0.28,-0.257,-0.574,-2.52152051,2.698133949,-2.711071634,2.791083897
244,Li1.00__P0Co-P1Al-P2Co-P3Ni-P4Co-P5Co__P6Co-P7Ni-P8Mn,NiCoAl,3.6271418,1-2-3-7-8-Al-Co-Ni-Ni-Mn,-130.3446991,2.41882661,0,2.41882661,2.41882661,1,7.160263955,0.006001062,0.67662183,68,149,383.9999986,167.9999986,149.9999986,104.999999,107.321126,42.67887403,6.015715727,7.975126534,1.948554844,1.990301792,2.008411727,1.982422787,0.718,8.291,9.243,6.084,5.034,13.218,23.286,9.136322133,7.61917592,1.517146213,45.99224562,4.217904661,2.520209177,1.83,1.56,1.53,4.92,1.64,-4.857068281,-6.725754866,6.548747462,6.740204945,5.235486984,-1.342663647,-2.290031682,1.216050604,2.922533625,2.872816155,-1.853948217,-2.545137334,0.701161221,2.524009236,2.390341427,-3.297527694,-4.121580112,2.510618909,5.716354304,2.815194992,1.645166458,0,0,3.779303405,3.350426073,4.229709461,3.498863519,5.985769,56.8,57.8,58.8,7.88101,51,55,59,7.639878,46,49,52,7.168885667,6.91638435,2.48314856,2.02617786,3.808570257,0.037936292,0.367379211,0.435081842,0.280132448,-2.684560048,-3.853641294,2.821986429,4.062249269,3.499548189,0.612967646,0.267938818,-1.676,-0.28,-0.257,-0.737666667,-2.614129444,2.73499603,-2.622334882,2.729687403
245,Li1.00__P0Co-P1Fe-P2Co-P3Ni-P4Co-P5Co__P6Co-P7Ni-P8Mn,NiCoFe,3.535546315,1-2-3-7-8-Fe-Co-Ni-Ni-Mn,-121.2729139,2.47575074,0,2.47575074,2.47575074,1,6.939215006,1.99771351,1.401057719,81,162,393.9999996,177.9999996,159.9999996,111.9999997,117.1805836,42.81941638,9.744151965,9.005350779,1.952208565,1.984033083,2.086216637,2.007486095,7.352,8.282,9.239,8.291,5.001,19.872,29.874,12.36890751,7.479499646,4.889407859,61.85690644,4.158918857,2.483917687,1.61,1.56,1.53,4.7,1.566666667,-1.360310786,-2.873996315,1.229795056,3.250528141,3.197072051,-1.467269548,-2.385997314,1.072989402,2.886090035,2.847571181,-1.946322869,-2.52518495,0.956787331,2.541970597,2.383172518,-3.417063061,-4.197604486,1.851515613,5.892813801,2.644979432,1.727177709,3.634321209,2.488648511,3.796449542,3.371912668,4.654950962,3.515406112,7.9024681,58,62,66,7.88101,51,55,59,7.639878,46,49,52,7.807785367,3.778409415,2.48314856,2.02617786,2.762578612,0.385074201,0.362731695,0.42085258,0.389552826,-1.591301068,-2.595059526,1.086523929,2.892862924,2.809271917,1.825761993,1.602544959,-0.447,-0.28,-0.257,-0.328,-2.574794481,2.763284879,-2.59691719,2.795494712
247,Li1.00__P0Co-P1Al-P2Ni-P3Co-P4Co-P5Co__P6Co-P7Ni-P8Mn,NiCoAl,3.42298449,1-2-3-7-8-Al-Ni-Co-Ni-Mn,-130.5946409,2.39476452,0,2.39476452,2.39476452,1,6.577058491,0.899063169,0.701725752,68,149,383.9999965,167.9999965,149.9999965,104.9999976,106.5810883,43.4189117,11.09241591,7.713622826,1.948832028,2.052803398,1.963960213,1.98853188,0.715,9.171,8.345,6.077,5.039,13.192,23.27,9.083503278,7.606077485,1.477425793,45.77177302,4.197475174,2.509038012,1.83,1.53,1.56,4.92,1.64,-4.853268112,-6.648402288,6.54053574,6.665873104,5.214172833,-1.983613931,-2.553996531,0.954665822,2.534957826,2.357710203,-1.309205263,-2.248763585,1.384448033,2.951714638,2.86516769,-3.264218351,-4.048218531,2.945488386,5.658982871,2.849799151,1.694097386,0,0,4.632596055,3.583996689,3.928263059,3.316585119,5.985769,56.8,57.8,58.8,7.639878,46,49,52,7.88101,51,55,59,7.168885667,6.91638435,2.02617786,2.48314856,3.808570257,0.037806561,0.452676127,0.381900531,0.290794406,-2.715362435,-3.817054135,2.959883198,4.050848522,3.479016909,0.548855916,0.231164396,-1.676,-0.257,-0.28,-0.737666667,-2.591334102,2.706662506,-2.59781532,2.703649126
248,Li1.00__P0Co-P1Fe-P2Ni-P3Co-P4Co-P5Co__P6Co-P7Ni-P8Mn,NiCoFe,3.60655553,1-2-3-7-8-Fe-Ni-Co-Ni-Mn,-121.534732,2.3432546,0,2.3432546,2.3432546,1,7.313560539,1.605077886,1.562180867,81,162,393.9999995,177.9999995,159.9999995,111.9999997,116.9127714,43.08722861,10.28767436,9.043103072,1.954670813,2.071938274,1.956048706,1.994219264,7.324,9.109,8.35,8.261,5.008,19.775,29.791,12.41209882,7.539392103,4.872706721,62.15979091,4.188674889,2.502415049,1.61,1.53,1.56,4.7,1.566666667,-1.5898486,-3.364867055,1.015998443,3.29738193,3.178247503,-1.912166095,-2.374174861,0.650383704,2.351934524,2.253641771,-1.505289104,-2.456643192,1.166466024,2.965689872,2.898706086,-3.676293318,-4.5448905,1.866152339,6.019547918,2.791408016,1.7220206,3.353948333,2.407069488,4.695754579,3.58915195,3.883203681,3.31845896,7.9024681,58,62,66,7.639878,46,49,52,7.88101,51,55,59,7.807785367,3.778409415,2.02617786,2.48314856,2.762578612,0.4117935,0.372136,0.37350525,0.385811583,-1.669101266,-2.731895036,0.944282724,2.871668775,2.77686512,2.007192052,1.812995464,-0.447,-0.257,-0.28,-0.328,-2.653730061,2.709222001,-2.753257103,2.790761932
249,Li1.00__P0Co-P1Ni-P2Mn-P3Fe-P4Co-P5Co__P6Co-P7Ni-P8Mn,NiMnFe,3.63315297,1-2-3-7-8-Ni-Mn-Fe-Ni-Mn,-124.4187592,2.44126175,0,2.44126175,2.44126175,1,7.682642324,3.939307818,2.408187794,79,160,390.0000015,174.0000015,156.0000015,109.2000011,110.3947282,45.60527175,14.31888568,11.07020321,2.156502911,1.978182405,1.964644628,2.033109982,9.138,5.707,7.353,7.399333333,5.011,17.187,27.209,10.86504919,7.407391423,3.457657771,54.44476151,3.768309195,2.44485008,1.53,1.89,1.61,5.03,1.676666667,-1.606800486,-2.191102294,1.213780808,2.443337742,2.26759537,-1.969903212,-4.113413913,0.772823695,3.378184831,3.072312137,-1.67622219,-3.101635291,1.008893425,3.235215901,3.148679243,-3.830562082,-4.703267053,1.873794347,6.271823832,2.824051239,1.712486965,4.597234366,3.484688393,3.062209848,2.244565462,3.773222846,2.565495921,7.639878,46,49,52,7.434038,59,68,77,7.9024681,58,62,66,7.6587947,2.02617786,3.28671184,3.778409415,3.030433038,0.343228354,0.617162025,0.416368861,0.458919747,-1.750975296,-3.135383832,0.998499309,3.018912825,2.829528916,2.079586786,1.56788322,-0.257,-1.185,-0.447,-0.629666667,-2.923121965,2.734255211,-3.3281895,2.894790374
250,Li1.00__P0Co-P1Ni-P2Fe-P3Mn-P4Co-P5Co__P6Co-P7Ni-P8Mn,NiMnFe,3.73184636,1-2-3-7-8-Ni-Fe-Mn-Ni-Mn,-124.4252865,2.39845003,0,2.39845003,2.39845003,1,7.804694633,4.435018136,1.487449688,79,160,389.9999996,173.9999996,155.9999996,109.1999997,110.2300838,45.76991616,14.89086438,10.89713751,2.164243921,2.011080897,1.946985941,2.040770253,9.141,7.252,5.78,7.391,5.01,17.163,27.183,10.79835813,7.379301937,3.41905619,54.09977422,3.734733548,2.431308856,1.53,1.61,1.89,5.03,1.676666667,-1.320690165,-1.958261932,1.417583843,2.467574597,2.296951104,-1.169690411,-2.59657397,1.164420373,3.057415344,3.082653341,-1.355659543,-4.011629916,1.390993799,3.498830071,3.028406802,-3.428385804,-4.230648866,2.004463907,5.826835834,2.648790782,1.661762502,4.45854726,3.44419314,3.363309251,2.62235099,2.719290963,2.072537576,7.639878,46,49,52,7.9024681,58,62,66,7.434038,59,68,77,7.6587947,2.02617786,3.778409415,3.28671184,3.030433038,0.33936321,0.348256049,0.433717037,0.373778765,-1.282013373,-2.855488606,1.324332672,3.007940004,2.802670416,2.146372431,1.37516026,-0.257,-0.447,-1.185,-0.629666667,-2.639544017,2.718227493,-2.950717728,2.823885224
251,Li1.00__P0Co-P1Mn-P2Ni-P3Fe-P4Co-P5Co__P6Co-P7Ni-P8Mn,NiMnFe,3.94498222,1-2-3-7-8-Mn-Ni-Fe-Ni-Mn,-124.7080029,2.56588627,0.0465,2.5379,2.5844,1,7.682188888,4.510070543,1.758406757,79,160,389.9999966,173.9999966,155.9999966,109.1999976,111.9792826,44.02071741,14.81938609,9.642056195,1.956257675,2.112986131,1.99047642,2.019906742,5.755,9.078,7.342,7.391666667,5.016,17.159,27.191,10.9266951,7.457970693,3.468724407,54.80830262,3.804493269,2.463311766,1.89,1.53,1.61,5.03,1.676666667,-1.628013634,-4.296970358,1.10904594,3.472900194,2.968867778,-1.727846822,-2.290818018,1.197982588,2.389158386,2.191485005,-1.166820531,-2.63759448,1.363467387,3.198061954,3.170329595,-3.63316856,-4.473435576,2.016828423,6.21756856,2.752141016,1.698083712,2.719789498,2.055064766,4.627498046,3.560240332,3.356870353,2.757813909,7.434038,59,68,77,7.639878,46,49,52,7.9024681,58,62,66,7.6587947,3.28671184,2.02617786,3.778409415,3.030433038,0.450198284,0.358789461,0.364996078,0.391327941,-1.507560329,-3.075127618,1.223498638,3.020040178,2.776894126,2.12560823,1.398307957,-1.185,-0.257,-0.447,-0.629666667,-2.838266011,2.679782258,-3.167949686,2.793921609
252,Li1.00__P0Co-P1Mn-P2Fe-P3Ni-P4Co-P5Co__P6Co-P7Ni-P8Mn,NiMnFe,3.864526145,1-2-3-7-8-Mn-Fe-Ni-Ni-Mn,-124.3374985,2.58693199,0,2.58693199,2.58693199,1,7.521050302,2.770767722,1.952131231,79,160,390.0000011,174.0000011,156.0000011,109.2000008,111.4595066,44.54049345,11.79632482,10.3237901,1.946883324,2.012623515,2.093686468,2.017731102,5.789,7.275,9.169,7.411,5.01,17.223,27.243,10.96751218,7.45554038,3.511971805,54.94723605,3.818611902,2.464928177,1.89,1.61,1.53,5.03,1.676666667,-1.666348342,-4.275434054,1.021592342,3.475310787,3.064388482,-1.320325631,-2.514004975,1.184032183,3.098203222,3.102686576,-1.868643287,-2.383521582,0.605359758,2.374973631,2.283392095,-3.800811779,-4.681990237,2.027743589,6.387743769,2.86582103,1.741050032,2.704874209,2.08063306,3.497953699,3.062296924,4.59927673,3.487031291,7.434038,59,68,77,7.9024681,58,62,66,7.639878,46,49,52,7.6587947,3.28671184,3.778409415,2.02617786,3.030433038,0.416723919,0.334651399,0.350752417,0.367375912,-1.618439087,-3.057653537,0.936994761,2.982829213,2.816822384,2.182372692,1.6243367,-1.185,-0.447,-0.257,-0.629666667,-2.831382818,2.731039925,-3.138489997,2.827465073
253,Li1.00__P0Co-P1Fe-P2Ni-P3Mn-P4Co-P5Co__P6Co-P7Ni-P8Mn,NiMnFe,3.750807655,1-2-3-7-8-Fe-Ni-Mn-Ni-Mn,-124.7556545,2.21955276,0,2.21955276,2.21955276,1,7.942603594,4.783835806,1.788375271,79,160,389.9999995,173.9999995,155.9999995,109.1999997,111.5390422,44.4609578,15.01768794,10.05932744,1.999596788,2.090976935,1.974984143,2.021852622,7.301,9.072,5.778,7.383666667,5.015,17.136,27.166,10.91547105,7.445666962,3.469804091,54.74108733,3.792830319,2.466276229,1.61,1.53,1.89,5.03,1.676666667,-1.497601541,-3.279668686,1.860232451,3.598943548,3.160945566,-1.665413417,-2.277894358,1.184328457,2.478555075,2.271708589,-0.939884285,-3.465229292,1.413961266,3.38223866,3.260700144,-3.533379725,-4.423638257,2.408488133,5.752932485,2.873293069,1.685826849,3.981833322,2.309908383,4.551000571,3.473896208,2.522866452,2.007131971,7.9024681,58,62,66,7.639878,46,49,52,7.434038,59,68,77,7.6587947,3.778409415,2.02617786,3.28671184,3.030433038,0.530577078,0.393747355,0.339716121,0.421346851,-1.367633081,-3.007597445,1.486174058,3.153245761,2.897784766,2.165746644,1.416040812,-0.447,-0.257,-1.185,-0.629666667,-2.870413231,2.782505723,-3.017487175,2.910758601
254,Li1.00__P0Co-P1Fe-P2Mn-P3Ni-P4Co-P5Co__P6Co-P7Ni-P8Mn,NiMnFe,4.090489295,1-2-3-7-8-Fe-Mn-Ni-Ni-Mn,-124.4849899,2.35715493,0,2.35715493,2.35715493,1,7.80539271,3.95930159,2.182669988,79,160,390.0000011,174.0000011,156.0000011,109.2000008,110.051409,45.94859098,12.25453121,11.46838759,1.97841064,1.98417165,2.104090715,2.022224335,7.333,5.735,9.172,7.413333333,5.008,17.232,27.248,10.95601317,7.43542554,3.520587633,54.86771397,3.836527108,2.459222833,1.61,1.89,1.53,5.03,1.676666667,-1.220562421,-2.659170777,1.199860024,3.175532087,3.198970078,-1.600516652,-4.276234863,1.05451891,3.451837091,3.015299553,-2.735240088,-3.154743358,0.321577828,2.364109661,2.199691011,-3.851339488,-4.754896634,2.081728811,6.208494418,2.907529683,1.714235377,3.4625293,2.604546567,2.662504065,2.030664725,4.930956318,3.684945208,7.9024681,58,62,66,7.434038,59,68,77,7.639878,46,49,52,7.6587947,3.778409415,3.28671184,2.02617786,3.030433038,0.34434949,0.545584439,0.85760051,0.58251148,-1.852106387,-3.363382999,0.858652254,2.997159613,2.804653548,1.999233101,1.391513635,-0.447,-1.185,-0.257,-0.629666667,-3.233665303,2.693767003,-3.407223732,2.651232651
255,Li1.00__P0Co-P1Ni-P2Mn-P3Al-P4Co-P5Co__P6Co-P7Ni-P8Mn,NiMnAl,4.15668721,1-2-3-7-8-Ni-Mn-Al-Ni-Mn,-133.2509695,2.57599031,0.0488,2.5482,2.597,1,7.674113871,3.482864426,1.282956287,66,147,380.0000008,164.0000008,146.0000008,102.2000006,102.0742258,43.92577424,13.97431225,8.547517004,2.125738837,1.979080983,1.953050413,2.019290078,9.126,5.702,0.721,5.183,5.043,10.506,20.592,7.543396933,7.502618661,0.040778272,38.04135073,3.658488872,2.436976143,1.53,1.89,1.83,5.25,1.75,-1.61622054,-2.181433429,1.339365363,2.412928164,2.205868669,-1.669743931,-4.316045932,1.018974636,3.419610001,2.910185833,-5.299219549,-6.962827359,5.744623672,6.574129031,5.27370006,-3.499024481,-4.266262379,2.907883949,6.096024481,2.850152663,1.692530503,4.653335861,3.540770811,2.714319916,2.040843258,0,0,7.639878,46,49,52,7.434038,59,68,77,5.985769,56.8,57.8,58.8,7.019895,2.02617786,3.28671184,6.91638435,4.076424683,0.370250255,0.479746429,0.038270498,0.296089061,-2.861728007,-4.486768907,2.700987891,4.135555732,3.463251521,0.637296475,-0.220506528,-0.257,-1.185,-1.676,-1.039333333,-3.07957046,2.581787405,-3.540325299,2.718440887
256,Li1.00__P0Co-P1Ni-P2Al-P3Mn-P4Co-P5Co__P6Co-P7Ni-P8Mn,NiMnAl,4.48688495,1-2-3-7-8-Ni-Al-Mn-Ni-Mn,-133.7884305,2.40364447,0,2.40364447,2.40364447,1,7.92097656,2.038343032,1.314814217,66,147,379.9999999,163.9999999,145.9999999,102.1999999,98.27290215,47.72709785,13.02108343,11.55465342,2.155764752,1.955728093,1.961449201,2.024314015,9.13,0.686,5.782,5.199333333,5.043,10.555,20.641,7.533740911,7.488946537,0.044794374,37.99265542,3.620413244,2.427831228,1.53,1.83,1.89,5.25,1.75,-1.240054804,-1.879381466,1.304930598,2.44638294,2.296423577,-4.077251087,-7.432636269,6.36960505,7.449377044,5.091378893,-1.853895151,-4.342094439,0.967599201,3.533794363,3.102649761,-3.694187253,-4.61704663,3.156479926,6.097831723,3.095773649,1.673095932,4.384949591,3.393716518,0,0,2.780379779,2.203090299,7.639878,46,49,52,5.985769,56.8,57.8,58.8,7.434038,59,68,77,7.019895,2.02617786,6.91638435,3.28671184,4.076424683,0.290681039,0.037637037,0.586173247,0.304830441,-2.390400347,-4.551370725,2.880711616,4.476518116,3.49681741,1.303786906,0.065675906,-0.257,-1.676,-1.185,-1.039333333,-2.967536647,2.703828118,-3.68648939,2.928230618
257,Li1.00__P0Co-P1Mn-P2Ni-P3Al-P4Co-P5Co__P6Co-P7Ni-P8Mn,NiMnAl,4.22923306,1-2-3-7-8-Mn-Ni-Al-Ni-Mn,-133.4193712,2.27231984,0,2.27231984,2.27231984,1,7.852365806,2.67118585,0.668157151,66,147,379.9999989,163.9999989,145.9999989,102.1999992,101.5238413,44.47615872,10.45843466,8.164049722,1.956819268,2.100967816,1.9836475,2.013811528,5.755,9.081,0.716,5.184,5.044,10.508,20.596,7.624242155,7.521241269,0.103000886,38.45667743,3.75112715,2.455714562,1.89,1.53,1.83,5.25,1.75,0.107916076,-3.284722412,2.169328014,3.53318471,3.413873756,-2.387570461,-2.760601623,0.414793208,2.253836817,2.116388278,-4.722185884,-6.753124942,6.331699376,6.805404891,5.247808582,-3.39842725,-4.198901917,3.666579709,5.67074709,2.961340869,1.664609185,1.942778632,1.569151361,4.968081447,3.667782221,0,0,7.434038,59,68,77,7.639878,46,49,52,5.985769,56.8,57.8,58.8,7.019895,3.28671184,2.02617786,6.91638435,4.076424683,0.29787321,0.529997347,0.038174553,0.288681703,-2.333946756,-4.266149659,2.971940199,4.197475473,3.592690205,1.064480493,-0.067247742,-1.185,-0.257,-1.676,-1.039333333,-3.11586295,2.629185768,-3.116858277,2.700684324
258,Li1.00__P0Co-P1Mn-P2Al-P3Ni-P4Co-P5Co__P6Co-P7Ni-P8Mn,NiMnAl,4.27180189,1-2-3-7-8-Mn-Al-Ni-Ni-Mn,-133.4679286,2.69306224,0,2.69306224,2.69306224,1,7.859748659,3.365932604,1.517602042,66,147,380.0000024,164.0000024,146.0000024,102.2000017,101.9281974,44.07180255,12.1589177,8.725586688,1.967558041,1.995156524,2.062274565,2.00832971,5.786,0.694,9.177,5.219,5.036,10.621,20.693,7.738484367,7.525594508,0.21288986,38.97100727,3.790165409,2.480788771,1.89,1.83,1.53,5.25,1.75,-1.79456296,-4.498205185,0.972588878,3.52018176,3.008087009,-5.020847679,-7.149892739,6.08994434,6.795855057,5.109535984,-1.873572291,-2.432002669,1.153730954,2.463217176,2.258174312,-3.697133442,-4.541828382,2.919912795,6.390195682,2.976327855,1.711927183,2.718330052,2.052123602,0,0,4.712340534,3.536754571,7.434038,59,68,77,5.985769,56.8,57.8,58.8,7.639878,46,49,52,7.019895,3.28671184,6.91638435,2.02617786,4.076424683,0.458819744,0.0369225,0.392061026,0.295934423,-2.896327643,-4.693366864,2.738754724,4.259751331,3.458599102,0.800805799,-0.151538482,-1.185,-1.676,-0.257,-1.039333333,-3.286607903,2.628254349,-3.696033613,2.764315896
259,Li1.00__P0Co-P1Al-P2Ni-P3Mn-P4Co-P5Co__P6Co-P7Ni-P8Mn,NiMnAl,4.210943845,1-2-3-7-8-Al-Ni-Mn-Ni-Mn,-133.5210245,2.39995736,0,2.39995736,2.39995736,1,8.288181156,2.3207591,2.539839646,66,147,380.0000015,164.0000015,146.0000015,102.2000011,99.490109,46.509891,10.37315127,10.51689483,1.965767212,2.10894221,1.974623905,2.016444442,0.708,9.146,5.791,5.215,5.045,10.6,20.69,7.629646367,7.513539421,0.116106945,38.49156592,3.644399078,2.456176614,1.83,1.53,1.89,5.25,1.75,-4.937671759,-7.238555434,6.155187398,6.967320051,5.209746541,-2.789788215,-3.458519197,0.959473365,2.614044822,2.240070234,-2.035761502,-4.564291299,1.214582788,3.731116923,3.110904859,-3.862417898,-4.718972041,2.981171264,6.262375258,3.024129931,1.702466279,0,0,4.686099834,3.620850777,2.930738189,2.36137704,5.985769,56.8,57.8,58.8,7.639878,46,49,52,7.434038,59,68,77,7.019895,6.91638435,2.02617786,3.28671184,4.076424683,0.038528433,0.828697165,0.682581959,0.516602519,-3.254407159,-5.087121977,2.776414517,4.437493932,3.520240545,0.608010739,-0.368149936,-1.676,-0.257,-1.185,-1.039333333,-4.028404639,2.688470965,-4.039506789,2.697438619
260,Li1.00__P0Co-P1Al-P2Mn-P3Ni-P4Co-P5Co__P6Co-P7Ni-P8Mn,NiMnAl,4.21375772,1-2-3-7-8-Al-Mn-Ni-Ni-Mn,-133.3407007,2.73085136,0.0266,2.7201,2.7467,1,8.086308732,3.284764481,1.75209198,66,147,380.000002,164.000002,146.000002,102.2000014,100.5143435,45.48565646,13.53212594,10.03478329,1.972247645,2.000662091,2.067960419,2.013623385,0.715,5.735,9.17,5.206666667,5.039,10.581,20.659,7.663402427,7.510319597,0.15308283,38.61588483,3.765455074,2.46603005,1.83,1.89,1.53,5.25,1.75,-5.26724114,-7.269840422,5.957262035,6.798369944,5.219678316,-1.871948651,-4.63777594,0.882173421,3.51251487,2.962883123,-2.185106331,-2.743109473,0.949641881,2.472216764,2.248027969,-3.818978454,-4.646522764,2.836569209,6.565678454,2.965583842,1.704482307,0,0,2.684293935,2.024167819,4.731835006,3.574776031,5.985769,56.8,57.8,58.8,7.434038,59,68,77,7.639878,46,49,52,7.019895,6.91638435,3.28671184,2.02617786,4.076424683,0.038194197,0.474556848,0.411110853,0.307953966,-3.108098707,-4.883575278,2.596359112,4.261033859,3.476863136,0.710879747,-0.237052514,-1.676,-1.185,-0.257,-1.039333333,-3.530817639,2.61459194,-3.903479658,2.73807871
261,Li1.00__P0Co-P1Mn-P2Co-P3Fe-P4Co-P5Co__P6Co-P7Ni-P8Mn,MnCoFe,3.872696425,1-2-3-7-8-Mn-Co-Fe-Ni-Mn,-125.5794873,2.615304,0,2.615304,2.615304,1,7.634522556,2.448181258,2.052657616,78,159,387.9999981,171.9999981,153.9999981,107.7999987,107.3310819,46.66891809,11.5621572,12.49210637,1.968910055,2.02104052,1.985120441,1.991690339,5.802,8.279,7.376,7.152333333,5.015,16.442,26.472,10.75885638,7.554784671,3.204071705,53.95566472,3.696031785,2.513287366,1.89,1.56,1.61,5.06,1.686666667,-1.595990819,-4.245903345,1.036359832,3.453722038,3.054525408,-1.707507347,-2.589870222,0.806071267,2.874166972,2.846311249,-1.025920576,-2.259227757,1.501754019,3.161065921,3.178739823,-3.991046531,-4.915270676,1.85409601,6.606350531,2.863608731,1.689991266,2.649517373,2.046032075,3.850081364,3.372143923,3.557101041,2.941738081,7.434038,59,68,77,7.88101,51,55,59,7.9024681,58,62,66,7.739172033,3.28671184,2.48314856,3.778409415,3.182756605,0.398648731,0.350107107,0.318882995,0.355879611,-1.443139581,-3.031667108,1.114728373,3.162984977,3.026525493,2.54790695,1.883603568,-1.185,-0.28,-0.447,-0.637333333,-2.843190096,3.015734765,-3.109464702,3.023346894
262,Li1.00__P0Co-P1Mn-P2Fe-P3Co-P4Co-P5Co__P6Co-P7Ni-P8Mn,MnCoFe,4.123030865,1-2-3-7-8-Mn-Fe-Co-Ni-Mn,-125.7197179,2.70163215,0,2.70163215,2.70163215,1,7.433512128,1.340777306,1.790808047,78,159,388.0000006,172.0000006,154.0000006,107.8000004,109.5152326,44.48476736,11.26806848,10.48679755,1.966891071,2.013013433,1.978122146,1.986008883,5.796,7.304,8.355,7.151666667,5.019,16.436,26.474,10.79887627,7.582274533,3.216601735,54.19955999,3.695777404,2.526047108,1.89,1.61,1.56,5.06,1.686666667,-0.800128854,-2.942035983,1.345258611,3.251316518,3.350302083,-1.433579537,-2.678534194,1.058934812,3.084725598,3.07800361,-1.674156161,-2.605560822,0.96590854,2.956421976,2.904982743,-4.039239975,-4.961592802,1.836333286,6.740872125,2.857505613,1.675841412,2.628088348,2.058871307,3.558547433,2.890999499,3.876397911,3.337771106,7.434038,59,68,77,7.9024681,58,62,66,7.88101,51,55,59,7.739172033,3.28671184,3.778409415,2.48314856,3.182756605,0.308353133,0.342166416,0.365146115,0.338555221,-1.302621517,-2.742043666,1.123367321,3.097488031,3.111096146,2.736618458,2.219549135,-1.185,-0.447,-0.28,-0.637333333,-2.715556434,3.077241947,-2.732297613,3.098469193
263,Li1.00__P0Co-P1Co-P2Mn-P3Fe-P4Co-P5Co__P6Co-P7Ni-P8Mn,MnCoFe,4.117538215,1-2-3-7-8-Co-Mn-Fe-Ni-Mn,-125.7750219,2.44937133,0.0141,2.4488,2.4629,1,6.78365816,1.780645586,2.745321169,78,159,387.9999972,171.9999972,153.9999972,107.799998,102.474595,51.52540505,9.455626376,14.08218669,2.000473835,1.992388396,1.984709518,1.992523916,8.336,5.758,7.368,7.154,5.015,16.447,26.477,10.76939358,7.550803711,3.218589871,54.00850881,3.640530581,2.516940782,1.56,1.89,1.61,5.06,1.686666667,-1.690189268,-2.630107528,0.836208722,2.962354172,2.951961437,-2.074230476,-3.449982251,0.983839822,3.417151413,3.2506698,-1.384999766,-2.706826929,1.111713937,3.189500936,3.211951086,-4.400951013,-5.250328384,1.687686877,6.863851013,2.871163246,1.768172501,3.768488398,3.335400958,3.293575644,3.247970088,3.554771769,2.762872919,7.88101,51,55,59,7.434038,59,68,77,7.9024681,58,62,66,7.739172033,2.48314856,3.28671184,3.778409415,3.182756605,0.341180203,0.608307868,0.329080203,0.426189425,-1.71647317,-2.928972236,0.977254161,3.18966884,3.138194108,2.684477843,2.321356148,-0.28,-1.185,-0.447,-0.637333333,-2.896320847,3.125191571,-3.039927709,3.160995322
264,Li1.00__P0Co-P1Co-P2Fe-P3Mn-P4Co-P5Co__P6Co-P7Ni-P8Mn,MnCoFe,3.895770765,1-2-3-7-8-Co-Fe-Mn-Ni-Mn,-125.7777424,2.85474708,0,2.85474708,2.85474708,1,7.561288128,2.488621795,1.957625295,78,159,388.0000033,172.0000033,154.0000033,107.8000023,108.2212731,45.77872686,11.97756986,11.76627473,1.9964223,2.019216044,1.974614321,1.996750888,8.339,7.292,5.803,7.144666667,5.015,16.419,26.449,10.72707624,7.535367207,3.191709034,53.79628735,3.675053647,2.508635649,1.56,1.61,1.89,5.06,1.686666667,-1.775771004,-2.698045783,0.830218927,2.937381688,2.892158838,-0.934902257,-2.147401642,1.366755281,3.046615517,3.126166025,-1.583397096,-4.098835991,1.099069047,3.454472503,3.082388454,-4.009661805,-4.918211316,1.812850359,6.864408885,2.828722449,1.669218328,3.855807652,3.353054971,3.38094036,2.949502849,2.765323468,2.099058878,7.88101,51,55,59,7.9024681,58,62,66,7.434038,59,68,77,7.739172033,2.48314856,3.778409415,3.28671184,3.182756605,0.359736816,0.290476368,0.398685821,0.349633002,-1.431356786,-2.981427806,1.098681085,3.146156569,3.033571106,2.578305019,1.93678351,-0.28,-0.447,-1.185,-0.637333333,-2.842094379,3.021619274,-3.077992834,3.029269663
265,Li1.00__P0Co-P1Fe-P2Co-P3Mn-P4Co-P5Co__P6Co-P7Ni-P8Mn,MnCoFe,3.77449724,1-2-3-7-8-Fe-Co-Mn-Ni-Mn,-125.5517346,2.75003205,0,2.75003205,2.75003205,1,7.938461828,2.633974149,1.930095075,78,159,388.000004,172.000004,154.000004,107.8000028,109.4148731,44.58512689,11.77248977,10.38165065,2.025960204,2.013515184,1.95385024,1.99777521,7.359,8.267,5.8,7.142,5.012,16.414,26.438,10.70660441,7.5282593,3.178345114,53.66150132,3.66682317,2.503027219,1.61,1.56,1.89,5.06,1.686666667,-0.819527173,-2.209763172,1.480862991,3.129147594,3.229096588,-1.67069304,-2.548497108,0.81666814,2.858646255,2.834692056,-1.4601749,-4.031554859,1.218302069,3.471954499,3.090748748,-3.931425094,-4.862645692,1.88427707,6.681457144,2.852518042,1.667211086,3.313050965,2.66367452,3.852724581,3.35760793,2.696730926,2.111386121,7.9024681,58,62,66,7.88101,51,55,59,7.434038,59,68,77,7.739172033,3.778409415,2.48314856,3.28671184,3.182756605,0.30383443,0.349781519,0.397401013,0.350338987,-1.316798371,-2.92993838,1.1719444,3.153249449,3.051512464,2.614626723,1.932707313,-0.447,-0.28,-1.185,-0.637333333,-2.795036448,3.033115629,-3.011334186,3.045526774
266,Li1.00__P0Co-P1Fe-P2Mn-P3Co-P4Co-P5Co__P6Co-P7Ni-P8Mn,MnCoFe,4.07073112,1-2-3-7-8-Fe-Mn-Co-Ni-Mn,-125.7504208,2.62685992,0,2.62685992,2.62685992,1,8.105660351,3.14032251,1.957290981,78,159,388.0000002,172.0000002,154.0000002,107.8000001,109.3951539,44.60484612,11.21357425,10.32049889,2.016933734,1.979118824,1.968703471,1.98825201,7.356,5.751,8.354,7.153666667,5.017,16.444,26.478,10.79636086,7.570783413,3.225577444,54.16534242,3.714518767,2.524378768,1.61,1.89,1.56,5.06,1.686666667,-0.912381619,-2.365151679,1.361499058,3.112101481,3.197824895,-1.458492963,-3.962984766,1.127602597,3.382587084,3.042231631,-1.649197158,-2.590617122,0.995779657,2.955424638,2.89819359,-3.963817335,-4.885868589,1.837587715,6.590677255,2.83785554,1.668834279,3.206839766,2.660570714,2.726004439,2.062568758,3.846820048,3.353069434,7.9024681,58,62,66,7.434038,59,68,77,7.88101,51,55,59,7.739172033,3.778409415,3.28671184,2.48314856,3.182756605,0.311861616,0.389324242,0.371058333,0.357414731,-1.340023913,-2.972917856,1.161627104,3.150037735,3.046083372,2.623793421,1.912950734,-0.447,-1.185,-0.28,-0.637333333,-2.847135765,3.035159652,-3.023337559,3.037640374
267,Li1.00__P0Co-P1Mn-P2Co-P3Al-P4Co-P5Co__P6Co-P7Ni-P8Mn,MnCoAl,4.29203124,1-2-3-7-8-Mn-Co-Al-Ni-Mn,-134.1890082,2.83964583,0,2.83964583,2.83964583,1,8.198173018,2.717558072,1.91932533,65,146,377.9999973,161.9999973,143.9999973,100.7999981,93.66590682,50.33409318,19.18137026,12.56237955,1.989046908,2.015308649,1.974134745,1.9928301,5.813,8.264,0.724,4.933666667,5.045,9.756,19.846,7.389860766,7.595279271,-0.205418505,37.28184757,3.513586197,2.517177049,1.89,1.56,1.83,5.28,1.76,-0.913751637,-4.289639369,3.006020549,4.589230402,3.427333712,-2.318492624,-3.103375917,0.368597597,2.823741601,2.730826404,-5.171770576,-7.341913792,6.274540772,7.005728394,5.309155513,-4.286435015,-5.058313659,3.032358589,7.126080845,2.984494359,1.697485387,2.508104542,2.00556872,4.050404505,3.512298008,0,0,7.434038,59,68,77,7.88101,51,55,59,5.985769,56.8,57.8,58.8,7.100272333,3.28671184,2.48314856,6.91638435,4.22874825,0.535198118,0.411930108,0.037527419,0.328218548,-2.801338279,-4.911643026,3.216386306,4.806233466,3.822438543,1.485096736,0.146670632,-1.185,-0.28,-1.676,-1.047,-3.723547768,3.100320387,-3.90969573,3.207670711
268,Li1.00__P0Co-P1Mn-P2Al-P3Co-P4Co-P5Co__P6Co-P7Ni-P8Mn,MnCoAl,4.67855987,1-2-3-7-8-Mn-Al-Co-Ni-Mn,-134.7821059,3.14145427,0,3.14145427,3.14145427,1,8.023207866,1.889555817,1.638957514,65,146,378.0000009,162.0000009,144.0000009,100.8000006,97.57508157,46.42491843,10.88880951,11.10339667,2.000795589,1.9950885,1.975073385,1.990319158,5.822,0.699,8.347,4.956,5.043,9.825,19.911,7.48637496,7.601527626,-0.115152665,37.75378893,3.546391504,2.540566638,1.89,1.83,1.56,5.28,1.76,-1.621076193,-4.061326643,0.947887675,3.423854845,3.167455381,-5.997749175,-7.644158941,5.390772649,6.51680704,5.146195568,-1.986160705,-2.921684652,0.658048544,2.939130267,2.869856791,-4.331602107,-5.194833813,2.147199672,7.473056377,2.921389419,1.642571516,2.714955783,2.081234089,0,0,3.821804709,3.357458704,7.434038,59,68,77,5.985769,56.8,57.8,58.8,7.88101,51,55,59,7.100272333,3.28671184,6.91638435,2.48314856,4.22874825,0.368675959,0.037653359,0.374251151,0.26019349,-3.201662024,-4.875723412,2.332236289,4.293264051,3.727835913,1.129940083,0.319110401,-1.185,-1.676,-0.28,-1.047,-3.588846101,3.105112218,-3.687749968,3.120220788
269,Li1.00__P0Co-P1Co-P2Mn-P3Al-P4Co-P5Co__P6Co-P7Ni-P8Mn,MnCoAl,4.433378305,1-2-3-7-8-Co-Mn-Al-Ni-Mn,-134.3484433,2.79674461,0,2.79674461,2.79674461,1,6.52164803,0.900137384,1.146136361,65,146,377.9999991,161.9999991,143.9999991,100.7999994,99.3657985,44.6342015,8.672816744,9.802559855,2.016641258,1.983882153,1.969415201,1.989979538,8.326,5.756,0.721,4.934333333,5.047,9.756,19.85,7.3961276,7.609367751,-0.213240151,37.32825599,3.42091377,2.522949207,1.56,1.89,1.83,5.28,1.76,-1.674689447,-2.592816918,0.942297331,2.9255052,2.863369452,-0.953191152,-2.51605873,1.469483376,3.200268356,3.209970616,-5.447068885,-7.266894879,5.75578255,6.704295974,5.273898037,-3.981495225,-4.767326564,2.674738858,6.778239835,2.897186777,1.712129311,3.866227776,3.363279937,3.234001772,2.499079827,0,0,7.88101,51,55,59,7.434038,59,68,77,5.985769,56.8,57.8,58.8,7.100272333,2.48314856,3.28671184,6.91638435,4.22874825,0.36752772,0.32013342,0.038919844,0.242193661,-2.691649828,-4.125256842,2.722521085,4.276689843,3.782412702,1.289845396,0.642069722,-0.28,-1.185,-1.676,-1.047,-2.809292499,3.13467961,-2.809367487,3.145204537
270,Li1.00__P0Co-P1Co-P2Al-P3Mn-P4Co-P5Co__P6Co-P7Ni-P8Mn,MnCoAl,4.49100215,1-2-3-7-8-Co-Al-Mn-Ni-Mn,-134.3725519,3.05474121,0,3.05474121,3.05474121,1,7.676472122,1.441169502,1.913542725,65,146,378.0000034,162.0000034,144.0000034,100.8000024,97.10124676,46.89875324,10.00184129,11.49430203,2.017544817,1.970301622,1.974824458,1.987556966,8.327,0.694,5.82,4.947,5.046,9.795,19.887,7.426621415,7.617252706,-0.190631291,37.47473166,3.473743565,2.524603668,1.56,1.83,1.89,5.28,1.76,-2.179053443,-3.059093374,0.453438572,2.917462676,2.85774332,-5.758283423,-7.861806933,5.505991493,6.818347279,5.127740646,-1.795100956,-3.861012431,0.959392771,3.460320373,3.250104834,-4.528412557,-5.396784708,2.170098711,7.583153767,2.984360461,1.678819131,3.895056782,3.394151878,0,0,3.132661561,2.175756907,7.88101,51,55,59,5.985769,56.8,57.8,58.8,7.434038,59,68,77,7.100272333,2.48314856,6.91638435,3.28671184,4.22874825,0.366756923,0.037651154,0.388606923,0.264338333,-3.24414594,-4.927304246,2.306274279,4.398710109,3.745196267,1.284266617,0.469480462,-0.28,-1.676,-1.185,-1.047,-3.628082381,3.131647426,-3.680089199,3.157791136
271,Li1.00__P0Co-P1Al-P2Co-P3Mn-P4Co-P5Co__P6Co-P7Ni-P8Mn,MnCoAl,4.466548435,1-2-3-7-8-Al-Co-Mn-Ni-Mn,-134.4526391,3.11024851,0,3.11024851,3.11024851,1,8.001643846,2.168929958,1.661639527,65,146,378.0000006,162.0000006,144.0000006,100.8000004,97.69737139,46.30262861,11.12965424,11.01726087,1.978961854,2.010524966,1.970355172,1.986613997,0.716,8.273,5.822,4.937,5.045,9.766,19.856,7.431448785,7.619063406,-0.187614621,37.49165912,3.492616781,2.529347865,1.83,1.56,1.89,5.28,1.76,-5.977500166,-7.531858507,5.337181207,6.501596943,5.236397039,-1.848288284,-2.711448787,0.618185358,2.84904391,2.826360878,-1.660245852,-4.169157158,0.981179746,3.468014021,3.148677356,-4.28114334,-5.133980872,2.157201099,7.39139185,2.907048838,1.65538131,0,0,3.845278081,3.360780314,2.734275611,2.067570272,5.985769,56.8,57.8,58.8,7.88101,51,55,59,7.434038,59,68,77,7.100272333,6.91638435,2.48314856,3.28671184,4.22874825,0.038310728,0.339373657,0.386267008,0.254650464,-3.162011434,-4.804154817,2.312182104,4.272884958,3.737145091,1.119131906,0.329826054,-1.676,-0.28,-1.185,-1.047,-3.501246365,3.080766641,-3.690225791,3.11018844
272,Li1.00__P0Co-P1Al-P2Mn-P3Co-P4Co-P5Co__P6Co-P7Ni-P8Mn,MnCoAl,4.45306587,1-2-3-7-8-Al-Mn-Co-Ni-Mn,-134.4952205,2.9504959,0,2.9504959,2.9504959,1,8.203473726,2.112877491,1.869913942,65,146,377.9999982,161.9999982,143.9999982,100.7999987,97.84221686,46.15778314,11.01251076,11.04564332,1.98993199,2.004316129,1.963785681,1.986011267,0.717,5.78,8.358,4.951666667,5.044,9.811,19.899,7.500155697,7.619837467,-0.11968177,37.83078534,3.567303442,2.549341399,1.83,1.89,1.56,5.28,1.76,-5.857061358,-7.502753904,5.499428333,6.57676804,5.239974947,-1.761232266,-4.345839574,0.921319048,3.479969924,3.081083331,-1.955359035,-2.871984497,0.708747286,2.953259364,2.88791009,-4.232539832,-5.093294732,2.110424854,7.183035732,2.910764535,1.663082159,0,0,2.710010655,2.054258836,3.920000616,3.328168772,5.985769,56.8,57.8,58.8,7.434038,59,68,77,7.88101,51,55,59,7.100272333,6.91638435,3.28671184,2.48314856,4.22874825,0.038442967,0.401781491,0.369413368,0.269879275,-3.191217553,-4.906859325,2.376498222,4.336665776,3.736322789,1.041322279,0.186435407,-1.676,-1.185,-0.28,-1.047,-3.638584308,3.094196209,-3.823259477,3.095452006
273,Li1.00__P0Co-P1Fe-P2Al-P3Co-P4Co-P5Co__P6Co-P7Ni-P8Mn,FeCoAl,4.73052906,1-2-3-7-8-Fe-Al-Co-Ni-Mn,-132.7061199,2.38390897,0.007,2.3822,2.3892,1,7.296856971,1.240784713,0.995260276,66,147,379.999999,163.999999,145.999999,102.1999993,104.3256864,41.67431358,9.195645295,6.953188367,2.003827057,1.964048885,1.967130334,1.978335426,7.335,0.699,8.352,5.462,5.044,11.342,21.43,8.262171655,7.649488713,0.612682942,41.67439383,3.800051262,2.545098236,1.61,1.83,1.56,5,1.666666667,-1.156497958,-2.689061016,1.231066263,3.175488987,3.190306018,-5.36462525,-7.083886715,6.141289291,6.588378115,5.150453609,-1.438031221,-2.39356672,1.209669339,2.954846275,2.884325714,-3.743245328,-4.589101693,2.714577606,6.132445328,2.909894105,1.653380623,3.393500632,2.486046813,0,0,3.837590329,3.33467024,7.9024681,58,62,66,5.985769,56.8,57.8,58.8,7.88101,51,55,59,7.2564157,3.778409415,6.91638435,2.48314856,4.392647442,0.35501366,0.037837645,0.377956701,0.256936002,-2.653051476,-4.055504817,2.860674964,4.239571126,3.741695114,1.090193852,0.533596876,-0.447,-1.676,-0.28,-0.801,-2.756072956,3.12812213,-2.759903306,3.136492438
274,Li1.00__P0Co-P1Fe-P2Co-P3Al-P4Co-P5Co__P6Co-P7Ni-P8Mn,FeCoAl,4.327961415,1-2-3-7-8-Fe-Co-Al-Ni-Mn,-132.0633776,2.6044955,0,2.6044955,2.6044955,1,7.02260666,0.88709177,1.111790749,66,147,379.9999978,163.9999978,145.9999978,102.1999985,102.7698343,43.23016572,7.761145256,8.600564019,1.994044737,1.996164371,1.957406535,1.982538548,7.335,8.274,0.724,5.444333333,5.043,11.29,21.376,8.193279497,7.631743807,0.56153569,41.3187085,3.74938317,2.530570319,1.61,1.56,1.83,5,1.666666667,-1.253469917,-2.66894845,1.279880683,3.202121791,3.173375531,-1.556467841,-2.455601806,0.972030866,2.871102819,2.82704536,-5.419058531,-6.941754753,5.865954104,6.514900544,5.295353066,-3.681542845,-4.442085984,2.565606859,6.286038345,2.799489271,1.690457229,3.732587378,2.490991679,3.811276644,3.388758205,0,0,7.9024681,58,62,66,7.88101,51,55,59,5.985769,56.8,57.8,58.8,7.2564157,3.778409415,2.48314856,6.91638435,4.392647442,0.363555243,0.370786445,0.0384881,0.257609929,-2.742998763,-4.02210167,2.705955217,4.196041718,3.765257986,0.938544082,0.419984314,-0.447,-0.28,-1.676,-0.801,-2.777583224,3.103751414,-2.779381761,3.112891773
275,Li1.00__P0Co-P1Co-P2Fe-P3Al-P4Co-P5Co__P6Co-P7Ni-P8Mn,FeCoAl,4.3652084,1-2-3-7-8-Co-Fe-Al-Ni-Mn,-132.1868554,2.66210823,0,2.66210823,2.66210823,1,7.046010971,0.90706078,1.143396779,66,147,380.0000028,164.0000028,146.0000028,102.200002,102.9152347,43.08476529,8.994484005,8.415322615,1.988377475,1.999459062,1.957033151,1.981623229,8.342,7.261,0.721,5.441333333,5.044,11.28,21.368,8.195277473,7.636794729,0.558482743,41.33697957,3.754748685,2.532686026,1.56,1.61,1.83,5,1.666666667,-1.564390763,-2.501794272,1.070627998,2.947355092,2.884228373,-1.359894376,-2.716088304,1.096551329,3.128000471,3.11894545,-5.185188705,-7.068690574,5.917713765,6.744105062,5.278050484,-3.762791372,-4.555173196,2.562092328,6.424899602,2.853096213,1.687030703,3.856273286,3.348712948,3.024306262,3.212817415,0,0,7.88101,51,55,59,7.9024681,58,62,66,5.985769,56.8,57.8,58.8,7.2564157,2.48314856,3.778409415,6.91638435,4.392647442,0.369462371,0.371502062,0.038459073,0.259807835,-2.703157948,-4.095524383,2.694964364,4.273153542,3.760408102,1.059633424,0.459648813,-0.28,-0.447,-1.676,-0.801,-2.827158278,3.108052971,-2.829278974,3.114221511
276,Li1.00__P0Co-P1Co-P2Al-P3Fe-P4Co-P5Co__P6Co-P7Ni-P8Mn,FeCoAl,4.721587305,1-2-3-7-8-Co-Al-Fe-Ni-Mn,-132.6622467,2.43775413,0,2.43775413,2.43775413,1,6.737889485,0.655221813,1.050486198,66,147,379.9999989,163.9999989,145.9999989,102.1999992,101.5522239,44.44777607,7.565073768,9.855240594,1.9963937,1.961197709,1.976861042,1.978150817,8.34,0.696,7.346,5.460666667,5.043,11.339,21.425,8.24840999,7.648456629,0.599953362,41.59673158,3.784374942,2.539935472,1.56,1.83,1.61,5,1.666666667,-1.593029021,-2.52112228,1.045369415,2.940895505,2.872485943,-4.92903669,-7.213924883,6.224235264,6.931631649,5.13012884,-1.188909895,-2.488032289,1.41276551,3.184391087,3.144760961,-3.77563002,-4.638870188,2.811317726,6.21338415,2.960657541,1.665048182,3.850391785,3.375912377,0,0,3.621232424,2.827840238,7.88101,51,55,59,5.985769,56.8,57.8,58.8,7.9024681,58,62,66,7.2564157,2.48314856,6.91638435,3.778409415,4.392647442,0.371461198,0.037733008,0.362148177,0.257114128,-2.570325202,-4.074359817,2.894123396,4.35230608,3.715791915,1.205304818,0.56451037,-0.28,-1.676,-0.447,-0.801,-2.732521612,3.103412946,-2.735151849,3.110760881
277,Li1.00__P0Co-P1Al-P2Co-P3Fe-P4Co-P5Co__P6Co-P7Ni-P8Mn,FeCoAl,4.46780658,1-2-3-7-8-Al-Co-Fe-Ni-Mn,-132.3147772,2.69271905,0,2.69271905,2.69271905,1,7.151903839,1.09526949,1.063636055,66,147,380.0000004,164.0000004,146.0000004,102.2000003,102.9375661,43.06243394,9.066448056,8.388889018,1.96036362,1.999623192,1.970274723,1.976753845,0.717,8.287,7.363,5.455666667,5.044,11.323,21.411,8.247071581,7.655516374,0.591555207,41.59822905,3.775863685,2.541273053,1.83,1.56,1.61,5,1.666666667,-5.597613652,-7.017424494,5.788163815,6.409497059,5.238194307,-1.490538098,-2.400301336,1.035201171,2.894418956,2.859291863,-1.217748671,-2.729856554,1.346431213,3.240872941,3.200427172,-3.751016508,-4.565774756,2.555123707,6.443735558,2.850756754,1.670979504,0,0,3.812001835,3.363646487,3.630753242,2.4517791,5.985769,56.8,57.8,58.8,7.88101,51,55,59,7.9024681,58,62,66,7.2564157,6.91638435,2.48314856,3.778409415,4.392647442,0.038077203,0.356314322,0.369394118,0.254595214,-2.768633474,-4.049194128,2.7232654,4.181596319,3.765971114,0.982383034,0.516580628,-1.676,-0.28,-0.447,-0.801,-2.778090191,3.127909594,-2.789864688,3.142873166
278,Li1.00__P0Co-P1Al-P2Fe-P3Co-P4Co-P5Co__P6Co-P7Ni-P8Mn,FeCoAl,4.52747759,1-2-3-7-8-Al-Fe-Co-Ni-Mn,-132.4404548,2.68274857,0.0619,2.648,2.7099,1,7.046342201,0.908954722,1.063943889,66,147,379.9999998,163.9999998,145.9999998,102.1999999,103.0922778,42.90772216,8.717467826,8.365563746,1.961608781,2.003995763,1.960886034,1.975496859,0.718,7.284,8.358,5.453333333,5.045,11.315,21.405,8.263123197,7.662155506,0.600967691,41.68745653,3.794682845,2.54889813,1.83,1.61,1.56,5,1.666666667,-5.437353125,-7.031843071,6.006447706,6.549148521,5.24190104,-1.17149351,-2.570918841,1.266205149,3.145015321,3.14955875,-1.496988227,-2.445832386,1.175010546,2.970349239,2.899700911,-3.774778938,-4.599852599,2.585938543,6.484678938,2.875805279,1.672692514,0,0,3.677812352,2.476768966,3.872466564,3.336225204,5.985769,56.8,57.8,58.8,7.9024681,58,62,66,7.88101,51,55,59,7.2564157,6.91638435,3.778409415,2.48314856,4.392647442,0.038314012,0.345664706,0.372141432,0.25204005,-2.701944954,-4.016198099,2.8158878,4.22150436,3.763720234,1.072833984,0.5836545,-1.676,-0.447,-0.28,-0.801,-2.732251994,3.126191756,-2.735398057,3.132608498
279,Li1.00__P0Co-P1Fe-P2Al-P3Ni-P4Co-P5Co__P6Co-P7Ni-P8Mn,FeNiAl,4.321107285,1-2-3-7-8-Fe-Al-Ni-Ni-Mn,-130.9126163,2.37619372,0,2.37619372,2.37619372,1,7.07146851,2.178469358,0.937236228,67,148,381.9999966,165.9999966,147.9999966,103.5999976,105.2350043,42.76499566,9.921428661,8.176681287,1.993731737,1.950970196,2.031891432,1.992197789,7.345,0.695,9.219,5.753,5.035,12.224,22.294,8.577431167,7.584168966,0.993262202,43.18736593,4.011357437,2.501170757,1.61,1.83,1.53,4.97,1.656666667,-1.368771282,-2.964484272,1.203948642,3.261314336,3.186454151,-4.929195832,-6.865632782,6.428287676,6.700272158,5.121775229,-1.904778248,-2.492020058,1.062291971,2.531816341,2.340240927,-3.466116612,-4.28525002,2.908955268,5.842310332,2.904224661,1.67967037,3.455164097,2.528192688,0,0,4.658849399,3.519058274,7.9024681,58,62,66,5.985769,56.8,57.8,58.8,7.639878,46,49,52,7.176038367,3.778409415,6.91638435,2.02617786,4.240323875,0.402190078,0.037045988,0.442255352,0.293830473,-2.734248454,-4.107379037,2.898176097,4.164467612,3.549490102,0.731868158,0.177870983,-0.447,-1.676,-0.257,-0.793333333,-2.876728054,2.797391132,-2.891394592,2.843233061
280,Li1.00__P0Co-P1Fe-P2Ni-P3Al-P4Co-P5Co__P6Co-P7Ni-P8Mn,FeNiAl,3.940965505,1-2-3-7-8-Fe-Ni-Al-Ni-Mn,-130.5144576,2.42217519,0.0614,2.3884,2.4498,1,6.964379926,2.191924634,0.893823644,67,148,381.9999989,165.9999989,147.9999989,103.5999992,106.0131036,41.98689638,11.73295982,7.093036005,1.966786173,2.075442752,1.956800632,1.999676519,7.316,9.11,0.721,5.715666667,5.038,12.109,22.185,8.477657408,7.563583895,0.914073513,42.71043802,3.945890075,2.487029024,1.61,1.53,1.83,4.97,1.656666667,-1.437521629,-2.97746618,1.17848591,3.252123931,3.168983423,-1.819156083,-2.383045377,1.010737802,2.443438226,2.270299684,-5.176066705,-6.631279902,6.017323321,6.432825978,5.271172194,-3.386420884,-4.118289274,2.703660147,5.836220884,2.76446022,1.692841297,3.487928624,2.616959521,4.578439435,3.586834603,0,0,7.9024681,58,62,66,7.639878,46,49,52,5.985769,56.8,57.8,58.8,7.176038367,3.778409415,2.02617786,6.91638435,4.240323875,0.411926718,0.424026463,0.037551718,0.291168299,-2.810914806,-3.99726382,2.735515678,4.042796045,3.570151767,0.575506078,0.121025454,-0.447,-0.257,-1.676,-0.793333333,-2.816027821,2.764251974,-2.845992195,2.823106841
281,Li1.00__P0Co-P1Al-P2Fe-P3Ni-P4Co-P5Co__P6Co-P7Ni-P8Mn,FeNiAl,4.010407135,1-2-3-7-8-Al-Fe-Ni-Ni-Mn,-130.5011581,2.45224253,0,2.45224253,2.45224253,1,7.22714622,2.51159409,0.782344219,67,148,381.9999999,165.9999999,147.9999999,103.5999999,105.5509543,42.44904567,11.75916073,7.258116215,1.962731347,1.999481561,2.002646681,1.98828653,0.717,7.281,9.221,5.739666667,5.036,12.183,22.255,8.61115799,7.599137299,1.012020692,43.36579164,4.037919163,2.518122678,1.83,1.61,1.53,4.97,1.656666667,-4.835184475,-6.729336182,6.554622773,6.750495271,5.233700629,-1.242885256,-2.919817822,1.204962173,3.188529459,3.146535011,-1.848318784,-2.48352973,1.373044211,2.620936238,2.376803966,-3.343686907,-4.162305501,3.015422292,5.795929437,2.909821213,1.694436203,0,0,3.292202386,2.418246843,4.653026101,3.535748734,5.985769,56.8,57.8,58.8,7.9024681,58,62,66,7.639878,46,49,52,7.176038367,6.91638435,3.778409415,2.02617786,4.240323875,0.037725341,0.386861818,0.450811169,0.291799443,-2.642129505,-4.044227911,3.044209719,4.186653656,3.585679869,0.701557403,0.11807759,-1.676,-0.447,-0.257,-0.793333333,-2.851787068,2.805823787,-2.859310321,2.840086725
282,Li1.00__P0Co-P1Al-P2Ni-P3Fe-P4Co-P5Co__P6Co-P7Ni-P8Mn,FeNiAl,4.104902825,1-2-3-7-8-Al-Ni-Fe-Ni-Mn,-130.8595864,2.07785932,0,2.07785932,2.07785932,1,7.54987521,1.777931137,0.720262592,67,148,381.9999955,165.9999955,147.9999955,103.5999969,106.2645357,41.73546433,8.259567112,7.176922877,1.946051566,2.109150644,1.98188267,2.012361627,0.712,9.109,7.338,5.719666667,5.044,12.115,22.203,8.387209195,7.528453664,0.858755531,42.30508318,3.910034081,2.455684053,1.83,1.53,1.61,4.97,1.656666667,-4.167005839,-6.54823184,6.821686308,7.001888847,5.193922592,-1.759143352,-2.345708411,1.395813892,2.478059242,2.23266386,-1.406957132,-3.544813406,1.139096012,3.352551329,3.151049192,-3.059092268,-3.886567292,3.516019332,5.136951588,2.9377921,1.657382865,0,0,4.649407535,3.607714672,3.019591576,2.248284443,5.985769,56.8,57.8,58.8,7.639878,46,49,52,7.9024681,58,62,66,7.176038367,6.91638435,2.02617786,3.778409415,4.240323875,0.037898239,0.449655875,0.458692689,0.315415601,-2.444368774,-4.146251219,3.118865404,4.277499806,3.525878548,0.614723494,-0.259683927,-1.676,-0.257,-0.447,-0.793333333,-2.974011754,2.701479551,-3.095289735,2.796452426
283,Li1.00__P0Co-P1Ni-P2Fe-P3Al-P4Co-P5Co__P6Co-P7Ni-P8Mn,FeNiAl,3.9120041,1-2-3-7-8-Ni-Fe-Al-Ni-Mn,-130.2309771,2.28620903,0,2.28620903,2.28620903,1,7.593911859,1.11026869,0.934156201,67,148,382.0000017,166.0000017,148.0000017,103.6000012,105.1951053,42.80489465,9.192105839,7.726449214,2.145422383,1.992259043,1.931214537,2.022965321,9.253,7.242,0.719,5.738,5.044,12.17,22.258,8.320277665,7.494679363,0.825598302,41.96748054,3.869869136,2.431129768,1.53,1.61,1.83,4.97,1.656666667,-2.080037623,-2.697163368,1.131760099,2.663974513,2.439124528,-0.976607259,-2.905614722,1.521368894,3.2732181,3.150546186,-4.620190667,-6.733167441,6.395496797,6.876164707,5.268666899,-3.196734748,-3.962378956,3.322471686,5.482943778,2.850895624,1.651338176,4.685032497,3.559065469,2.787078495,2.651627689,0,0,7.639878,46,49,52,7.9024681,58,62,66,5.985769,56.8,57.8,58.8,7.176038367,2.02617786,3.778409415,6.91638435,4.240323875,0.475106283,0.389464398,0.038398824,0.300989835,-2.558945183,-4.111981844,3.016208597,4.271119106,3.619445871,0.637789564,-0.149602888,-0.257,-0.447,-1.676,-0.793333333,-2.972645251,2.841084747,-2.958702865,2.866297875
284,Li1.00__P0Co-P1Ni-P2Al-P3Fe-P4Co-P5Co__P6Co-P7Ni-P8Mn,FeNiAl,4.39745398,1-2-3-7-8-Ni-Al-Fe-Ni-Mn,-130.9512779,2.43416886,0.0397,2.412,2.4517,1,7.249794533,2.516392474,0.868199034,67,148,381.9999995,165.9999995,147.9999995,103.5999997,105.2106503,42.7893497,11.07107227,7.923284027,2.155024202,1.945797768,1.960147143,2.020323037,9.197,0.689,7.343,5.743,5.043,12.186,22.272,8.367945237,7.50461799,0.863327247,42.19954783,3.885421863,2.440373956,1.53,1.83,1.61,4.97,1.656666667,-1.822992628,-2.402676,1.140546155,2.521266036,2.329274335,-4.886492702,-6.990869065,6.153736053,6.768403499,5.097729119,-1.335586318,-3.044471161,1.20868217,3.276814149,3.194879704,-3.343919694,-4.139512586,3.056321779,5.795619694,2.857924996,1.653639951,4.648095756,3.547410439,0,0,3.464819748,2.323819268,7.639878,46,49,52,5.985769,56.8,57.8,58.8,7.9024681,58,62,66,7.176038367,2.02617786,6.91638435,3.778409415,4.240323875,0.411330491,0.037166667,0.40750646,0.285334539,-2.681690549,-4.146005409,2.834321459,4.188827895,3.540627719,0.662229145,-0.006492823,-0.257,-1.676,-0.447,-0.793333333,-2.859115813,2.786933035,-2.907420966,2.861554814
285,Li1.00__P0Co-P1Fe-P2Al-P3Mn-P4Co-P5Co__P6Co-P7Ni-P8Mn,FeMnAl,4.81648719,1-2-3-7-8-Fe-Al-Mn-Ni-Mn,-134.8584019,2.77256071,0.0451,2.7542,2.7993,1,7.51619504,2.354194231,1.348543318,64,145,376.0000009,160.0000009,142.0000009,99.40000063,97.4579466,44.5420534,11.67902535,9.458200216,2.03552152,1.975476623,1.974885738,1.995294627,7.362,0.694,5.8,4.618666667,5.044,8.812,18.9,6.904949927,7.585368711,-0.680418784,34.82856743,3.15134781,2.511646699,1.61,1.83,1.89,5.33,1.776666667,-0.798509857,-2.050530792,1.513699362,3.082939787,3.146635226,-4.531605053,-7.548822579,6.348330072,7.366129352,5.125633218,-1.740378894,-4.17280646,0.956628891,3.449951453,3.080662616,-4.045643132,-5.018360925,2.865960816,6.844943132,3.134206784,1.650723822,3.383449014,2.878964617,0,0,2.765386858,2.165032215,7.9024681,58,62,66,5.985769,56.8,57.8,58.8,7.434038,59,68,77,7.107425033,3.778409415,6.91638435,3.28671184,4.660501868,0.294905789,0.037860158,0.425087632,0.25261786,-2.356831268,-4.590719943,2.939552775,4.633006864,3.784310353,1.688811864,0.427640981,-0.447,-1.676,-1.185,-1.102666667,-3.196188336,3.241890399,-3.515615028,3.208495508
286,Li1.00__P0Co-P1Fe-P2Mn-P3Al-P4Co-P5Co__P6Co-P7Ni-P8Mn,FeMnAl,4.692650235,1-2-3-7-8-Fe-Mn-Al-Ni-Mn,-134.7007277,2.54626577,0.0206,2.5285,2.5491,1,7.579317648,2.674670479,1.154266346,64,145,376.0000017,160.0000017,142.0000017,99.40000119,97.78013676,44.21986324,11.14755839,9.390159636,2.030800509,1.989822571,1.969181742,1.996601607,7.344,5.739,0.724,4.602333333,5.049,8.758,18.856,6.868150093,7.587633021,-0.719482928,34.67728982,3.138267315,2.510090585,1.61,1.89,1.83,5.33,1.776666667,-0.81128527,-2.059790283,1.587642786,3.099047526,3.141168889,-1.072860629,-3.795533273,1.513555309,3.471162344,3.081687384,-5.152875677,-7.163410167,6.040946448,6.836493483,5.272377629,-3.83373671,-4.676162561,2.865523576,6.38283671,2.939146138,1.6538302,3.395685951,2.946133278,2.564361063,2.008604209,0,0,7.9024681,58,62,66,7.434038,59,68,77,5.985769,56.8,57.8,58.8,7.107425033,3.778409415,3.28671184,6.91638435,4.660501868,0.311832984,0.393078796,0.039107059,0.24800628,-2.345673859,-4.339577908,3.047381515,4.468901118,3.831744634,1.488062851,0.336584653,-0.447,-1.185,-1.676,-1.102666667,-3.025671781,3.254283304,-3.245071194,3.221764143
287,Li1.00__P0Co-P1Al-P2Fe-P3Mn-P4Co-P5Co__P6Co-P7Ni-P8Mn,FeMnAl,4.74465688,1-2-3-7-8-Al-Fe-Mn-Ni-Mn,-134.8502337,2.85504124,0,2.85504124,2.85504124,1,7.583664808,2.228939273,1.488828283,64,145,376.0000026,160.0000026,142.0000026,99.40000182,96.62306515,45.37693485,12.18805607,10.1627617,1.983307622,2.027466779,1.985069138,1.998614513,0.715,7.287,5.8,4.600666667,5.046,8.756,18.848,6.876461737,7.575031681,-0.698569944,34.69862593,3.152169857,2.510781471,1.83,1.61,1.89,5.33,1.776666667,-5.221627137,-7.49473619,5.946557933,6.988407069,5.23737559,-1.204869808,-2.317114201,1.17957324,3.024290642,3.060139326,-1.643039857,-4.313631303,0.983071849,3.463749551,3.056444544,-4.129936632,-5.02046148,2.507474633,6.984977872,2.976082401,1.640046972,0,0,3.451311101,3.143663982,2.654178644,2.002097712,5.985769,56.8,57.8,58.8,7.9024681,58,62,66,7.434038,59,68,77,7.107425033,6.91638435,3.778409415,3.28671184,4.660501868,0.038532495,0.301013918,0.397777062,0.245774492,-2.689845601,-4.708493898,2.703067674,4.492149087,3.784653154,1.440091032,0.311967581,-1.676,-0.447,-1.185,-1.102666667,-3.35479895,3.195337126,-3.664793253,3.171928316
288,Li1.00__P0Co-P1Al-P2Mn-P3Fe-P4Co-P5Co__P6Co-P7Ni-P8Mn,FeMnAl,4.628085705,1-2-3-7-8-Al-Mn-Fe-Ni-Mn,-134.7990544,2.75097212,0,2.75097212,2.75097212,1,7.99090566,2.693073998,1.683647255,64,145,375.9999991,159.9999991,141.9999991,99.39999937,97.03503857,44.96496143,11.20738957,9.70096903,1.998390157,2.007529082,1.992636786,1.999518675,0.716,5.754,7.361,4.610333333,5.043,8.788,18.874,6.918598654,7.56639203,-0.647793376,34.89049301,3.177859887,2.523102571,1.83,1.89,1.61,5.33,1.776666667,-5.41161557,-7.240731938,5.864839835,6.696738309,5.238060683,-1.741090472,-4.364546666,0.961083089,3.455034837,2.986536763,-0.993575059,-2.298717056,1.423362376,3.128922157,3.168610675,-3.956875591,-4.838420071,2.594106159,6.707847711,2.953865082,1.64581772,0,0,2.745605445,2.041578137,3.490858421,2.762291286,5.985769,56.8,57.8,58.8,7.434038,59,68,77,7.9024681,58,62,66,7.107425033,6.91638435,3.28671184,3.778409415,4.660501868,0.038377756,0.439888918,0.318268814,0.265511829,-2.715427034,-4.63466522,2.749761767,4.426898434,3.797736041,1.241448557,0.203754851,-1.676,-1.185,-0.447,-1.102666667,-3.363357395,3.238614959,-3.677687623,3.167767715
289,Li1.00__P0Co-P1Mn-P2Fe-P3Al-P4Co-P5Co__P6Co-P7Ni-P8Mn,FeMnAl,4.65519419,1-2-3-7-8-Mn-Fe-Al-Ni-Mn,-134.591851,2.88955326,0,2.88955326,2.88955326,1,7.764238496,2.756760546,1.420665469,64,145,376.0000011,160.0000011,142.0000011,99.40000077,96.90697386,45.09302614,12.35936182,10.0059154,1.980329998,2.017977516,1.985549947,1.994619154,5.788,7.274,0.722,4.594666667,5.048,8.736,18.832,6.890971549,7.59295328,-0.701981731,34.78562438,3.138258727,2.522663516,1.89,1.61,1.83,5.33,1.776666667,-1.56910022,-4.053156405,1.038908145,3.411601928,3.075867937,-1.064703628,-2.348282108,1.218883373,3.021964404,3.082772213,-5.445120438,-7.295274839,5.67650681,6.717167384,5.278581496,-4.038567513,-4.874238385,2.501754795,6.928120773,2.910448156,1.665448948,2.764129825,2.064797897,3.280126408,2.885854281,0,0,7.434038,59,68,77,7.9024681,58,62,66,5.985769,56.8,57.8,58.8,7.107425033,3.28671184,3.778409415,6.91638435,4.660501868,0.392932905,0.309618766,0.03861079,0.247054154,-2.692974762,-4.565571117,2.644766109,4.383577905,3.812407215,1.345592751,0.308667267,-1.185,-0.447,-1.676,-1.102666667,-3.313044142,3.221702154,-3.509847288,3.193502341
290,Li1.00__P0Co-P1Mn-P2Al-P3Fe-P4Co-P5Co__P6Co-P7Ni-P8Mn,FeMnAl,4.73162473,1-2-3-7-8-Mn-Al-Fe-Ni-Mn,-134.9574447,2.78895679,0,2.78895679,2.78895679,1,7.658443788,2.310907787,1.331753771,64,145,376.0000019,160.0000019,142.0000019,99.40000133,97.79574083,44.20425917,11.61772303,9.120704563,1.993965619,2.001609238,1.995407672,1.996994176,5.795,0.698,7.365,4.619333333,5.042,8.816,18.9,6.945963265,7.574404495,-0.62844123,35.02154678,3.187270572,2.527002203,1.89,1.83,1.61,5.33,1.776666667,-1.544406783,-4.067229251,1.099310522,3.439045837,3.073094524,-5.443547941,-7.326852603,5.806225942,6.6611124,5.133862359,-0.769650103,-2.068969063,1.593890259,3.115065896,3.173568949,-3.887458203,-4.785589867,2.746956304,6.676414993,2.980770602,1.640441765,2.692733798,2.132058368,0,0,3.368632444,2.83876227,7.434038,59,68,77,5.985769,56.8,57.8,58.8,7.9024681,58,62,66,7.107425033,3.28671184,6.91638435,3.778409415,4.660501868,0.404727692,0.037811346,0.310464872,0.251001303,-2.585868276,-4.487683639,2.833142241,4.405074711,3.793508611,1.301589927,0.297906228,-1.185,-1.676,-0.447,-1.102666667,-3.145530845,3.25750193,-3.407021728,3.217999728
291,Li1.00__P0Mn-P1Ni-P2Mn-P3Ni-P4Fe-P5Al__P6Co-P7Ni-P8Mn,Ni,3.67616193,0-1-2-3-4-5-7-8-Mn-Ni-Mn-Ni-Fe-Al-Ni-Mn,-135.0066144,2.2477811,0,2.2477811,2.2477811,1,7.427276072,4.804071576,1.665618646,81,145,375.9999966,159.9999966,141.9999966,99.39999762,97.20522963,44.79477037,20.75029148,8.318097437,2.111795467,1.966338826,2.000154387,2.026096227,9.102,5.702,9.108,7.970666667,5.006,18.906,28.918,11.76353041,7.419149636,4.344380772,58.88823322,4.1574551,2.458120192,1.53,1.89,1.53,4.95,1.65,-1.916732005,-2.481642006,1.087117143,2.40329782,2.174826685,-1.641784372,-4.284734652,1.05875535,3.438618411,2.92405165,-1.829497986,-2.421914441,1.305990142,2.540493036,2.310505109,-3.175693076,-4.181218923,3.07477625,5.423474176,3.128964407,1.736752383,4.665939682,3.55756727,2.738415239,2.036650047,4.673156358,3.561987855,7.639878,46,49,52,7.434038,59,68,77,7.639878,46,49,52,7.571264667,2.02617786,3.28671184,2.02617786,2.446355853,0.452673958,0.586002344,0.432551042,0.490409115,-1.796004787,-3.0627637,1.150620878,2.794136422,2.469794481,1.379688289,1.118455223,-0.257,-1.185,-0.257,-0.566333333,-2.803066387,2.373313156,-3.1822688,2.513139748
292,Li1.00__P0Mn-P1Ni-P2Fe-P3Ni-P4Fe-P5Al__P6Co-P7Ni-P8Mn,Ni,3.555855325,0-1-2-3-4-5-7-8-Mn-Ni-Fe-Ni-Fe-Al-Ni-Mn,-132.0208603,2.25449271,0,2.25449271,2.25449271,1,6.311524968,1.394384765,1.770029431,82,146,378.0000018,162.0000018,144.0000018,100.8000013,97.46185471,46.53814529,17.5225351,10.35475173,2.070510493,1.924862471,1.996050861,1.997141275,9.119,7.248,9.263,8.543333333,5.006,20.624,30.636,12.810355,7.526418642,5.283936355,64.12863712,4.305232009,2.501495477,1.53,1.61,1.53,4.67,1.556666667,-2.584704906,-3.158125567,0.733333159,2.498373773,2.226273918,-1.645059974,-2.784229617,1.034001071,3.160496166,3.099969669,-2.009869916,-2.512722172,0.770336579,2.492075834,2.354967457,-3.681190197,-4.609770516,2.817671732,5.935682907,3.126767063,1.828429152,4.744804867,3.610847144,3.707633058,3.106394077,4.680646267,3.611090085,7.639878,46,49,52,7.9024681,58,62,66,7.639878,46,49,52,7.727408033,2.02617786,3.778409415,2.02617786,2.610255045,0.822172656,0.394078125,0.391502604,0.535917795,-2.079878265,-2.818359119,0.84589027,2.716981924,2.560403681,1.601311931,1.791411397,-0.257,-0.447,-0.257,-0.320333333,-2.818626857,2.518933117,-2.909317928,2.471764453
293,Li1.00__P0Mn-P1Ni-P2Al-P3Ni-P4Fe-P5Al__P6Co-P7Ni-P8Mn,Ni,4.01809177,0-1-2-3-4-5-7-8-Mn-Ni-Al-Ni-Fe-Al-Ni-Mn,-141.7606664,2.23369145,0,2.23369145,2.23369145,1,6.405935994,1.436930097,0.506870394,69,133,368.000001,152.000001,134.000001,93.8000007,89.33598104,44.66401896,15.54417698,7.511393257,2.094529259,1.926518276,1.989178514,2.003408683,9.118,0.684,9.182,6.328,5.042,13.942,24.026,9.324265972,7.559094753,1.765171218,47.01294903,4.328172898,2.477099509,1.53,1.83,1.53,4.89,1.63,-1.792107692,-2.26863058,0.709580916,2.316995737,2.193183463,-3.373494565,-6.836596306,6.838874677,7.411243612,5.026962131,-1.781189602,-2.34464887,1.256917868,2.480275473,2.260423394,-3.138814257,-4.022487283,3.796281595,5.372505707,3.109533849,1.695983302,4.618209346,3.594980966,0,0,4.658986591,3.600671991,7.639878,46,49,52,5.985769,56.8,57.8,58.8,7.639878,46,49,52,7.088508333,2.02617786,6.91638435,2.02617786,3.65624669,0.40010288,0.037199412,0.429141885,0.288814725,-2.315597286,-3.816625252,2.935124487,4.069504941,3.160189663,0.823216971,0.205862031,-0.257,-1.676,-0.257,-0.73,-2.478333372,2.332950514,-2.502400136,2.348150596
294,Li1.00__P0Al-P1Ni-P2Mn-P3Ni-P4Mn-P5Fe__P6Co-P7Ni-P8Mn,Ni,3.68945719,0-1-2-3-4-5-7-8-Al-Ni-Mn-Ni-Mn-Fe-Ni-Mn,-135.1781465,2.0055411,0,2.0055411,2.0055411,1,7.883533848,1.494182631,1.189931091,81,145,375.9999979,159.9999979,141.9999979,99.39999853,95.81565256,46.18434744,14.64635978,9.606580854,2.127111452,1.946475476,2.079662756,2.051083228,9.109,5.701,9.131,7.980333333,5.007,18.934,28.948,11.60183248,7.333839986,4.267992493,58.09037522,4.018194146,2.426661663,1.53,1.89,1.53,4.95,1.65,-1.095541936,-1.851209612,0.830997972,2.308430661,2.286586377,-0.93710884,-3.534061159,2.356957218,3.794820734,3.063601314,-1.405859202,-1.996196933,1.434795197,2.399480376,2.200544812,-2.522356621,-3.468928012,2.699657944,4.527897721,2.794588576,1.583094781,3.717591443,3.26305376,3.019703662,2.223683916,4.572600553,3.510347517,7.639878,46,49,52,7.434038,59,68,77,7.639878,46,49,52,7.571264667,2.02617786,3.28671184,2.02617786,2.446355853,0.32656366,0.510075258,0.386854639,0.407831186,-1.146169993,-2.460489235,1.540916796,2.834243924,2.516910834,1.376186628,1.008438777,-0.257,-1.185,-0.257,-0.566333333,-2.296756198,2.428955669,-2.598634843,2.583319052
295,Li1.00__P0Al-P1Ni-P2Fe-P3Ni-P4Mn-P5Fe__P6Co-P7Ni-P8Mn,Ni,3.61611565,0-1-2-3-4-5-7-8-Al-Ni-Fe-Ni-Mn-Fe-Ni-Mn,-132.4242339,2.26340192,0,2.26340192,2.26340192,1,6.806896753,3.719118608,1.324133988,82,146,377.9999996,161.9999996,143.9999996,100.7999997,99.51341616,44.48658384,19.146885,8.558812578,2.095462918,1.93778177,2.055403819,2.029549502,9.139,7.222,9.168,8.509666667,5.004,20.525,30.533,12.54870671,7.40490871,5.143797997,62.79372836,4.237095393,2.45509226,1.53,1.61,1.53,4.67,1.556666667,-2.063884517,-2.640649585,1.090977641,2.469167037,2.224046149,-1.696811708,-3.23953006,0.910108329,3.165943539,3.036778663,-1.753681703,-2.35358941,1.265039002,2.525171244,2.313469902,-3.090943225,-3.999763059,2.729713262,5.354345145,2.959022126,1.75391328,4.681625152,3.592135338,3.350855722,2.723004005,4.617013519,3.551248378,7.639878,46,49,52,7.9024681,58,62,66,7.639878,46,49,52,7.727408033,2.02617786,3.778409415,2.02617786,2.610255045,0.474508786,0.46745969,0.416687339,0.452885271,-1.838125976,-2.744589685,1.088708324,2.72009394,2.524764905,1.252817249,1.255173374,-0.257,-0.447,-0.257,-0.320333333,-2.687771465,2.465574945,-2.758661917,2.531100688
296,Li1.00__P0Al-P1Ni-P2Al-P3Ni-P4Mn-P5Fe__P6Co-P7Ni-P8Mn,Ni,3.88990255,0-1-2-3-4-5-7-8-Al-Ni-Al-Ni-Mn-Fe-Ni-Mn,-141.5840722,2.25057746,0,2.25057746,2.25057746,1,6.680241867,2.13620649,0.632785605,69,133,368.000003,152.000003,134.000003,93.8000021,90.28384189,43.71615811,15.3887151,6.969487765,2.131254678,1.902056012,2.019277651,2.017529447,9.164,0.683,9.165,6.337333333,5.042,13.97,24.054,9.197651488,7.513490844,1.684160645,46.3745588,4.266252259,2.441517109,1.53,1.83,1.53,4.89,1.63,-1.961639906,-2.540010781,1.028430273,2.504677755,2.269657856,-2.415676641,-6.808906189,7.146767459,7.749650068,5.020237631,-1.672534251,-2.303299496,1.334008474,2.544940007,2.301065285,-2.869071133,-3.846314796,4.473171648,5.119648593,3.28493226,1.681115598,4.63773982,3.582827664,0,0,4.561678277,3.54186343,7.639878,46,49,52,5.985769,56.8,57.8,58.8,7.639878,46,49,52,7.088508333,2.02617786,6.91638435,2.02617786,3.65624669,0.471330504,0.03729741,0.432574271,0.313734062,-2.016616933,-3.884072155,3.169735402,4.26642261,3.196986924,0.8524542,-0.037757359,-0.257,-1.676,-0.257,-0.73,-2.590271206,2.390232477,-2.600384135,2.393091004
297,Li1.00__P0Fe-P1Ni-P2Mn-P3Ni-P4Al-P5Mn__P6Co-P7Ni-P8Mn,Ni,3.470418585,0-1-2-3-4-5-7-8-Fe-Ni-Mn-Ni-Al-Mn-Ni-Mn,-135.1582524,2.46562733,0,2.46562733,2.46562733,1,7.32938661,4.740131033,1.57597993,81,145,376.0000036,160.0000036,142.0000036,99.40000252,96.43399465,45.56600535,22.55331819,9.210687508,2.094757736,1.938785223,2.071443302,2.03499542,9.097,5.714,9.149,7.986666667,5.007,18.953,28.967,11.70667913,7.389952721,4.316726406,58.61534239,4.106616508,2.438117351,1.53,1.89,1.53,4.95,1.65,-1.845407869,-2.420149199,1.258123105,2.467621424,2.23619622,-1.660646808,-4.289352638,1.044612444,3.435475037,2.929332429,-1.840738504,-2.417631012,1.183540885,2.446962426,2.224544335,-3.202315626,-4.202833733,2.936235499,5.667942956,3.097538922,1.735325031,4.681551113,3.564585939,2.737086048,2.051651542,4.644563891,3.568676852,7.639878,46,49,52,7.434038,59,68,77,7.639878,46,49,52,7.571264667,2.02617786,3.28671184,2.02617786,2.446355853,0.411424416,0.518838701,0.399301818,0.443188312,-1.782264394,-3.042377616,1.162092145,2.783352962,2.463357662,1.420051233,1.160456116,-0.257,-1.185,-0.257,-0.566333333,-2.78403718,2.366824837,-3.148815805,2.503180752
298,Li1.00__P0Fe-P1Ni-P2Fe-P3Ni-P4Al-P5Mn__P6Co-P7Ni-P8Mn,Ni,3.36111347,0-1-2-3-4-5-7-8-Fe-Ni-Fe-Ni-Al-Mn-Ni-Mn,-132.4282652,2.1973798,0,2.1973798,2.1973798,1,6.504960769,3.663515268,1.062411183,82,146,377.9999985,161.9999985,143.9999985,100.799999,100.0222683,43.97773166,20.97670124,7.963333632,2.047626144,1.963264786,2.014923255,2.008604728,9.14,7.247,9.177,8.521333333,5.003,20.561,30.567,12.70952171,7.474596383,5.234925331,63.58573714,4.294637758,2.485310243,1.53,1.61,1.53,4.67,1.556666667,-1.813062766,-2.372032689,1.260686128,2.450718183,2.229978207,-1.305866348,-2.778215084,1.17827008,3.129757122,3.072176323,-1.818298993,-2.410878921,1.239838243,2.519912041,2.301432977,-3.129819378,-4.053633403,2.883127211,5.327199178,3.005766604,1.757766023,4.69698892,3.57727604,3.34774284,2.73075712,4.64750156,3.5585134,7.639878,46,49,52,7.9024681,58,62,66,7.639878,46,49,52,7.727408033,2.02617786,3.778409415,2.02617786,2.610255045,0.412537922,0.404167273,0.442076883,0.419594026,-1.645742703,-2.520375565,1.226264817,2.700129116,2.534529169,1.484076675,1.533257838,-0.257,-0.447,-0.257,-0.320333333,-2.492410969,2.476237116,-2.516091502,2.525484017
299,Li1.00__P0Fe-P1Ni-P2Al-P3Ni-P4Al-P5Mn__P6Co-P7Ni-P8Mn,Ni,3.79872079,0-1-2-3-4-5-7-8-Fe-Ni-Al-Ni-Al-Mn-Ni-Mn,-141.4770638,2.16247526,0,2.16247526,2.16247526,1,6.358762908,2.401219906,0.400409787,69,133,368.0000039,152.0000039,134.0000039,93.80000273,90.05853441,43.94146559,16.69167754,6.976627488,2.087467535,1.919992065,2.001330894,2.002930165,9.134,0.687,9.18,6.333666667,5.04,13.961,24.041,9.32039852,7.557743844,1.762654676,46.97480854,4.32204824,2.470337158,1.53,1.83,1.53,4.89,1.63,-1.635466416,-2.219379169,1.384856083,2.438627416,2.191659818,-2.736674275,-6.652286839,7.186381481,7.606056731,5.054219078,-1.876060749,-2.4523619,1.100556475,2.476954718,2.250633417,-2.831707127,-3.788467548,4.309716355,4.994182387,3.239703242,1.701685247,4.649883278,3.551642798,0,0,4.661664073,3.556395079,7.639878,46,49,52,5.985769,56.8,57.8,58.8,7.639878,46,49,52,7.088508333,2.02617786,6.91638435,2.02617786,3.65624669,0.439896286,0.03712012,0.487023607,0.321346671,-2.082733813,-3.77467597,3.223931346,4.173879622,3.165504104,0.748973314,0.013791578,-0.257,-1.676,-0.257,-0.73,-2.499091666,2.328341731,-2.507767772,2.331674833
300,Li1.00__P0Ni-P1Mn-P2Ni-P3Mn-P4Fe-P5Al__P6Co-P7Ni-P8Mn,Mn,3.73270626,0-1-2-3-4-5-7-8-Ni-Mn-Ni-Mn-Fe-Al-Ni-Mn,-135.6525501,2.23429753,0,2.23429753,2.23429753,1,9.11369403,5.055607636,2.014322405,78,145,375.9999979,159.9999979,141.9999979,99.39999853,96.34778145,45.65221855,19.62248421,9.083914913,2.001960017,2.101237331,1.979429655,2.027542334,5.739,9.062,5.777,6.859333333,5.016,15.562,25.594,10.09790511,7.426772722,2.671132385,50.65109201,3.576485861,2.455887998,1.89,1.53,1.89,5.31,1.77,-1.655593332,-4.279021539,1.036059283,3.419405092,2.907942167,-1.245448609,-1.891919063,0.775203925,2.276708232,2.23563214,-1.557728613,-4.265358344,1.191243519,3.51760361,3.008870701,-3.558041013,-4.585856676,2.396940019,5.792338543,3.030364976,1.65804054,2.755920914,2.024352047,3.917696594,3.454381397,2.720565026,2.030903417,7.434038,59,68,77,7.639878,46,49,52,7.434038,59,68,77,7.502651333,3.28671184,2.02617786,3.28671184,2.866533847,0.54069156,0.305460102,0.508158056,0.451436573,-1.486256852,-3.478766316,1.000835575,3.071238978,2.717481669,2.071784162,1.107090361,-1.185,-0.257,-1.185,-0.875666667,-3.125930164,2.610193835,-3.735491784,2.794174806
301,Li1.00__P0Ni-P1Mn-P2Fe-P3Mn-P4Fe-P5Al__P6Co-P7Ni-P8Mn,Mn,3.9287886,0-1-2-3-4-5-7-8-Ni-Mn-Fe-Mn-Fe-Al-Ni-Mn,-136.4967645,2.30885223,0,2.30885223,2.30885223,1,8.853350204,5.265438924,2.181151407,76,143,372.0000011,156.0000011,138.0000011,96.60000077,87.89104688,50.10895312,19.911858,12.66866231,2.010571731,2.046664939,1.981001872,2.01274618,5.755,7.252,5.761,6.256,5.013,13.755,23.781,9.313819826,7.473208985,1.840610841,46.69017879,3.150221026,2.48662884,1.89,1.61,1.89,5.39,1.796666667,-1.375740245,-4.120329673,1.396428795,3.525491477,2.978417546,-1.015021133,-2.473890937,1.223768161,3.044306644,3.095840969,-1.494967181,-4.036717531,1.10402706,3.430380269,3.083098555,-3.96288885,-5.030366856,2.375401346,6.27174108,3.114347307,1.624751828,2.733858149,2.000473221,3.139218836,2.691571267,2.700091857,2.065513024,7.434038,59,68,77,7.9024681,58,62,66,7.434038,59,68,77,7.590181367,3.28671184,3.778409415,3.28671184,3.450611032,0.439815445,0.304839529,0.433019634,0.392558202,-1.295242853,-3.543646047,1.241408005,3.333392796,3.052452357,2.667645997,1.486720809,-1.185,-0.447,-1.185,-0.939,-3.431159423,3.056879645,-3.663407783,3.047302646
302,Li1.00__P0Ni-P1Mn-P2Al-P3Mn-P4Fe-P5Al__P6Co-P7Ni-P8Mn,Mn,4.449325725,0-1-2-3-4-5-7-8-Ni-Mn-Al-Mn-Fe-Al-Ni-Mn,-145.5208396,2.78266904,0,2.78266904,2.78266904,1,8.422327545,3.907564378,1.956284385,63,130,361.9999996,145.9999996,127.9999996,89.59999972,81.84401375,46.15598625,18.69931824,8.680088467,2.069596238,1.989330032,1.991038585,2.016654951,5.766,0.691,5.759,4.072,5.04,7.176,17.256,6.025864069,7.500116089,-1.47425202,30.37035491,2.654253088,2.487711375,1.89,1.83,1.89,5.61,1.87,-1.670445857,-4.123482978,0.954390263,3.413322918,3.057061204,-3.256008655,-7.649472612,6.537798343,7.855876751,5.069561837,-1.883541359,-4.238786854,0.90868915,3.501144757,3.118992517,-4.051950724,-5.181896781,3.045941543,6.834619764,3.359525252,1.612960673,2.72182196,2.123809059,0,0,2.894801872,2.168233088,7.434038,59,68,77,5.985769,56.8,57.8,58.8,7.434038,59,68,77,6.951281667,3.28671184,6.91638435,3.28671184,4.496602677,0.409791489,0.037999002,0.445428457,0.29773965,-2.269998624,-5.337247481,2.800292585,4.923448142,3.748538519,1.7819521,-0.1553507,-1.185,-1.676,-1.185,-1.348666667,-4.437648679,3.234570096,-4.330983855,3.173560059
303,Li1.00__P0Al-P1Mn-P2Ni-P3Mn-P4Ni-P5Fe__P6Co-P7Ni-P8Mn,Mn,3.89127988,0-1-2-3-4-5-7-8-Al-Mn-Ni-Mn-Ni-Fe-Ni-Mn,-135.4067786,2.01212429,0,2.01212429,2.01212429,1,7.80415997,6.001851645,1.510782302,78,145,376.0000007,160.0000007,142.0000007,99.40000049,97.00601661,44.99398339,21.39055536,8.580265653,2.007520874,2.091020223,1.978908216,2.025816437,5.754,9.066,5.777,6.865666667,5.023,15.574,25.62,10.12119084,7.44253602,2.678654816,50.83874157,3.602768051,2.462533422,1.89,1.53,1.89,5.31,1.77,-1.526547503,-4.200080734,1.231559346,3.464059621,2.896350336,-1.453765284,-2.042526569,1.432590916,2.377329022,2.161652799,-1.208112229,-3.894789993,1.58493119,3.517508658,2.976988357,-3.241666955,-4.232718259,2.784844575,5.253791245,3.029264869,1.702698411,2.731233204,2.060282464,4.561578014,3.54346612,2.760259945,2.049302362,7.434038,59,68,77,7.639878,46,49,52,7.434038,59,68,77,7.502651333,3.28671184,2.02617786,3.28671184,2.866533847,0.645525521,0.4065625,0.478633073,0.510240365,-1.396141672,-3.379132432,1.416360484,3.119632434,2.678330497,1.845525283,0.853585827,-1.185,-0.257,-1.185,-0.875666667,-3.059996247,2.556695197,-3.531570406,2.726427517
304,Li1.00__P0Al-P1Mn-P2Fe-P3Mn-P4Ni-P5Fe__P6Co-P7Ni-P8Mn,Mn,3.80168267,0-1-2-3-4-5-7-8-Al-Mn-Fe-Mn-Ni-Fe-Ni-Mn,-136.2499183,2.49334495,0,2.49334495,2.49334495,1,8.938065151,5.206163912,2.348900078,76,143,371.9999987,155.9999987,137.9999987,96.59999909,92.06756634,45.93243366,20.74597876,9.686081607,2.00041714,2.016511092,2.006207314,2.007711849,5.747,7.273,5.799,6.273,5.022,13.797,23.841,9.370154109,7.504147277,1.866006831,47.05691393,3.181330922,2.499501838,1.89,1.61,1.89,5.39,1.796666667,-1.736000883,-4.522732162,1.144816187,3.587271878,2.953422353,-0.903279342,-2.334993721,1.256451684,3.019370083,3.115148126,-1.415594809,-3.921357391,1.216941981,3.427331849,3.06721972,-3.876484785,-4.965427288,2.375698848,6.369829735,3.128368578,1.647496613,2.766793243,2.026760216,3.249177684,2.542044094,2.74611179,2.082626663,7.434038,59,68,77,7.9024681,58,62,66,7.434038,59,68,77,7.590181367,3.28671184,3.778409415,3.28671184,3.450611032,0.563098429,0.304482461,0.405678272,0.424419721,-1.351625012,-3.593027758,1.20606995,3.344657936,3.0452634,2.524859774,1.372399531,-1.185,-0.447,-1.185,-0.939,-3.437486448,3.055096091,-3.807958069,3.028354294
305,Li1.00__P0Al-P1Mn-P2Al-P3Mn-P4Ni-P5Fe__P6Co-P7Ni-P8Mn,Mn,4.43615245,0-1-2-3-4-5-7-8-Al-Mn-Al-Mn-Ni-Fe-Ni-Mn,-145.0526724,2.53971165,0.0115,2.5356,2.5471,1,8.259734365,3.515313111,2.275690219,63,130,362.0000002,146.0000002,128.0000002,89.60000014,80.74227629,47.25772371,14.67819671,9.610370987,2.068586262,1.976889273,1.983294176,2.009589904,5.782,0.691,5.786,4.086333333,5.051,7.208,17.31,6.062053275,7.543561463,-1.481508188,30.61943109,2.676984279,2.501058542,1.89,1.83,1.89,5.61,1.87,-1.922355095,-4.376602029,0.839761847,3.497707478,3.070212909,-2.987004237,-7.641566136,6.786320894,7.987800885,5.083266527,-1.974657633,-4.080535727,0.904761379,3.533860917,3.214172268,-4.120221482,-5.251969178,3.200149004,6.667321482,3.442467494,1.668571503,2.746540641,2.211994819,0,0,2.917158089,2.505989768,7.434038,59,68,77,5.985769,56.8,57.8,58.8,7.434038,59,68,77,6.951281667,3.28671184,6.91638435,3.28671184,4.496602677,0.574095664,0.038673374,0.547921138,0.386896725,-2.294672322,-5.36623463,2.843614707,5.006456426,3.789217235,1.82554916,-0.114265453,-1.185,-1.676,-1.185,-1.348666667,-4.470415807,3.286775701,-4.345625798,3.205244595
306,Li1.00__P0Fe-P1Mn-P2Ni-P3Mn-P4Al-P5Ni__P6Co-P7Ni-P8Mn,Mn,3.80800597,0-1-2-3-4-5-7-8-Fe-Mn-Ni-Mn-Al-Ni-Ni-Mn,-135.5454987,2.09363642,0,2.09363642,2.09363642,1,8.226710218,4.489780215,2.834958618,78,145,376.0000011,160.0000011,142.0000011,99.40000077,92.33428568,49.66571432,19.56823547,12.16768089,1.984460155,2.108848691,1.99059651,2.027968452,5.75,9.041,5.79,6.860333333,5.023,15.558,25.604,10.0933627,7.436399559,2.656963142,50.69896085,3.611724997,2.452942454,1.89,1.53,1.89,5.31,1.77,-1.800719886,-4.215253472,0.939801764,3.457422644,3.062411579,-2.595929047,-2.982718309,0.469917095,2.304734147,2.133693913,-1.716594253,-4.274916311,1.04397591,3.542271837,3.138132528,-3.792398943,-4.843181891,2.470855783,5.886035363,3.142791349,1.712458739,2.836431312,2.185123503,4.997469904,3.687204348,2.791313924,2.109778376,7.434038,59,68,77,7.639878,46,49,52,7.434038,59,68,77,7.502651333,3.28671184,2.02617786,3.28671184,2.866533847,0.707189896,0.808854404,0.651155959,0.722400086,-2.037747729,-3.824296031,0.817898256,3.101476209,2.77807934,1.754651214,1.018885861,-1.185,-0.257,-1.185,-0.875666667,-3.599200591,2.605585966,-3.773166185,2.738541542
307,Li1.00__P0Fe-P1Mn-P2Fe-P3Mn-P4Al-P5Ni__P6Co-P7Ni-P8Mn,Mn,3.947508655,0-1-2-3-4-5-7-8-Fe-Mn-Fe-Mn-Al-Ni-Ni-Mn,-136.4200429,2.43363577,0,2.43363577,2.43363577,1,8.38555968,4.302090171,2.23619436,76,143,371.9999978,155.9999978,137.9999978,96.59999846,90.39042338,47.60957662,20.7859245,11.25002979,1.991130625,2.043017435,1.985199278,2.006449113,5.769,7.215,5.804,6.262666667,5.024,13.764,23.812,9.352525878,7.513025606,1.839500272,46.98709001,3.174128231,2.498142531,1.89,1.61,1.89,5.39,1.796666667,-1.332696295,-3.82757639,1.269101146,3.423735318,3.103485176,-0.894904012,-2.107575014,1.275714092,2.936258444,3.021121735,-1.601083079,-4.204814508,1.156016727,3.500384471,3.04380773,-3.906737053,-4.915015328,2.160880919,6.340372823,2.989394442,1.659856979,2.740302704,2.069387655,3.340618347,2.853206969,2.741674165,2.107783499,7.434038,59,68,77,7.9024681,58,62,66,7.434038,59,68,77,7.590181367,3.28671184,3.778409415,3.28671184,3.450611032,0.39477289,0.303421739,0.481283632,0.39315942,-1.276227795,-3.379988637,1.233610655,3.286792745,3.056138214,2.630509258,1.535026691,-1.185,-0.447,-1.185,-0.939,-3.20485635,3.051635871,-3.539035864,3.057945858
308,Li1.00__P0Fe-P1Mn-P2Al-P3Mn-P4Al-P5Ni__P6Co-P7Ni-P8Mn,Mn,4.401409995,0-1-2-3-4-5-7-8-Fe-Mn-Al-Mn-Al-Ni-Ni-Mn,-145.5624788,2.32143498,0,2.32143498,2.32143498,1,8.977077089,4.344584916,2.031059094,63,130,362.0000005,146.0000005,128.0000005,89.60000035,80.98930441,47.01069559,17.89698783,9.795224552,2.028694282,2.01164089,1.979477096,2.006604089,5.761,0.685,5.794,4.08,5.047,7.193,17.287,6.107311268,7.546367432,-1.439056164,30.82359997,2.683576546,2.518553712,1.89,1.83,1.89,5.61,1.87,-1.832879287,-4.514375144,0.952613159,3.50515527,2.942530212,-3.123909479,-7.333441562,6.735202008,7.756107285,5.044913313,-1.404272903,-4.221966891,1.312221348,3.534104042,2.995986526,-3.848584654,-4.901934667,3.057733931,6.170019634,3.239686879,1.637574325,2.737591845,2.068948865,0,0,2.605376148,2.012454464,7.434038,59,68,77,5.985769,56.8,57.8,58.8,7.434038,59,68,77,6.951281667,3.28671184,6.91638435,3.28671184,4.496602677,0.635743651,0.038315675,0.449149206,0.374402844,-2.12035389,-5.356594532,3.000012171,4.931788865,3.66114335,1.728230765,-0.454659865,-1.185,-1.676,-1.185,-1.348666667,-4.598030909,3.132621604,-4.493612745,3.035624312
309,Li1.00__P0Ni-P1Al-P2Ni-P3Al-P4Mn-P5Fe__P6Co-P7Ni-P8Mn,Al,4.294370465,0-1-2-3-4-5-7-8-Ni-Al-Ni-Al-Mn-Fe-Ni-Mn,-141.1641742,2.24902828,0,2.24902828,2.24902828,1,6.839397914,1.157867424,0.2497661,54,133,367.9999971,151.9999971,133.9999971,93.79999797,89.57848108,44.42151892,18.31042459,7.448640753,1.948825775,2.075815815,1.948224486,1.990955359,0.701,9.099,0.711,3.503666667,5.077,5.434,15.588,5.107988329,7.656906401,-2.548918072,25.93325674,3.815595245,2.468357191,1.83,1.53,1.83,5.19,1.73,-2.97238986,-6.804493302,7.081046554,7.632588283,5.119651139,-1.652275958,-2.240929632,1.209740649,2.436138918,2.218730023,-3.197057379,-6.667166889,6.997380993,7.50334833,5.197635749,-3.179869968,-3.944778312,4.756646898,5.428898248,3.061890125,1.667374818,0,0,4.545484257,3.570858803,0,0,5.985769,56.8,57.8,58.8,7.639878,46,49,52,5.985769,56.8,57.8,58.8,6.537138667,6.91638435,2.02617786,6.91638435,5.28631552,0.03795825,0.422037566,0.03808171,0.166025842,-2.607241065,-5.237529941,5.096056065,5.85735851,4.178672304,0.572628903,-1.29275163,-1.676,-0.257,-1.676,-1.203,-2.875867188,2.634084997,-2.927135207,2.667567206
310,Li1.00__P0Ni-P1Al-P2Fe-P3Al-P4Mn-P5Fe__P6Co-P7Ni-P8Mn,Al,5.16006934,0-1-2-3-4-5-7-8-Ni-Al-Fe-Al-Mn-Fe-Ni-Mn,-142.7290001,2.089653,0,2.089653,2.089653,1,8.032975685,1.472921928,0.729229074,52,131,363.9999997,147.9999997,129.9999997,90.99999979,82.81060703,47.18939297,18.19450031,9.528427094,1.950405989,2.050482129,1.959337462,1.98674186,0.704,7.249,0.717,2.89,5.076,3.594,13.746,4.262156636,7.668722075,-3.406565439,21.63470708,2.835929663,2.502614305,1.83,1.61,1.83,5.27,1.756666667,-2.800593713,-7.135136541,7.057553004,7.865034483,5.148635127,-0.926817832,-3.298787207,2.119263595,3.761628609,3.163399255,-2.966511908,-7.179511638,7.05906505,7.884890847,5.215025621,-3.581755552,-4.514035127,4.843548236,5.671408552,3.332426088,1.641603559,0,0,3.121365068,2.26293529,0,0,5.985769,56.8,57.8,58.8,7.9024681,58,62,66,5.985769,56.8,57.8,58.8,6.6246687,6.91638435,3.778409415,6.91638435,5.870392705,0.039570707,0.486462264,0.040743232,0.188925401,-2.231307818,-5.871145129,5.41196055,6.503851313,4.509020001,1.350447734,-1.357110002,-1.676,-0.447,-1.676,-1.266333333,-4.14707064,3.607190839,-3.845599707,3.449485854
311,Li1.00__P0Ni-P1Al-P2Mn-P3Al-P4Mn-P5Fe__P6Co-P7Ni-P8Mn,Al,5.080443915,0-1-2-3-4-5-7-8-Ni-Al-Mn-Al-Mn-Fe-Ni-Mn,-145.3115731,2.64751401,0,2.64751401,2.64751401,1,7.885715363,2.092824382,0.986279754,51,130,361.9999983,145.9999983,127.9999983,89.59999881,82.15809293,45.84190707,17.86322463,8.643733919,1.987781829,2.045910683,1.962205816,1.998632776,0.704,5.75,0.714,2.389333333,5.073,2.095,12.241,3.52852419,7.617027033,-4.088502843,17.90020322,2.18844584,2.502698656,1.83,1.89,1.83,5.55,1.85,-3.368051491,-7.078906453,6.785220105,7.605123863,5.148187581,-1.679912466,-4.216017194,0.946818939,3.405660751,2.977381614,-3.558756105,-7.295100437,6.667365077,7.683429732,5.210460422,-3.866081272,-4.689240113,3.752216138,6.513595282,3.085625882,1.639783666,0,0,2.727467864,2.07691709,0,0,5.985769,56.8,57.8,58.8,7.434038,59,68,77,5.985769,56.8,57.8,58.8,6.468525333,6.91638435,3.28671184,6.91638435,5.706493513,0.0380766,0.446754933,0.0391942,0.174675244,-2.868906687,-6.196674695,4.799801374,6.231404782,4.445343205,0.997174585,-1.507434581,-1.676,-1.185,-1.676,-1.512333333,-4.969381739,3.535660956,-4.654337832,3.302137894
312,Li1.00__P0Fe-P1Al-P2Ni-P3Al-P4Ni-P5Mn__P6Co-P7Ni-P8Mn,Al,4.3001089,0-1-2-3-4-5-7-8-Fe-Al-Ni-Al-Ni-Mn-Ni-Mn,-141.3682791,1.87489072,0,1.87489072,1.87489072,1,6.690164814,1.089476687,0.128892272,54,133,367.9999996,151.9999996,133.9999996,93.79999972,87.14180404,46.85819596,15.76484713,9.178691976,1.965315602,2.042983811,1.941100578,1.983133331,0.701,9.078,0.713,3.497333333,5.08,5.412,15.572,5.167503807,7.688457697,-2.52095389,26.25091934,3.885592912,2.502286047,1.83,1.53,1.83,5.19,1.73,-3.433200242,-6.133114332,6.794847389,7.001332508,5.092742897,-1.685506764,-2.238132761,1.106252818,2.345824679,2.134954697,-3.334301258,-6.390597447,7.022780514,7.302506192,5.19874398,-2.837708579,-3.540425173,4.390889638,4.712599299,2.912284333,1.674520379,0,0,4.598296081,3.563640106,0,0,5.985769,56.8,57.8,58.8,7.639878,46,49,52,5.985769,56.8,57.8,58.8,6.537138667,6.91638435,2.02617786,6.91638435,5.28631552,0.03661498,0.52430973,0.038280567,0.199735092,-2.817669421,-4.920614847,4.974626907,5.549887793,4.142147192,0.020039158,-1.380189674,-1.676,-0.257,-1.676,-1.203,-2.790165798,2.547903094,-2.741421676,2.511424923
313,Li1.00__P0Fe-P1Al-P2Fe-P3Al-P4Ni-P5Mn__P6Co-P7Ni-P8Mn,Al,4.895702715,0-1-2-3-4-5-7-8-Fe-Al-Fe-Al-Ni-Mn-Ni-Mn,-142.8635645,2.24868729,0.0187,2.2375,2.2562,1,7.618072762,1.121858364,0.427360671,52,131,363.9999991,147.9999991,129.9999991,90.99999937,83.75146511,46.24853489,16.23835357,9.129460703,1.969137225,2.010372397,1.957790943,1.979100188,0.705,7.229,0.719,2.884333333,5.079,3.574,13.732,4.321126674,7.699950245,-3.378823571,21.94700238,2.934427307,2.538755001,1.83,1.61,1.83,5.27,1.756666667,-2.74598017,-7.149857635,7.18453032,7.939400674,5.17096981,-0.869519671,-2.45643207,1.232204038,3.0684332,3.153625342,-2.97482603,-7.152602272,7.056125886,7.89171341,5.227577516,-3.56506517,-4.502441951,4.745580705,5.82126517,3.350732679,1.651202664,0,0,3.083695071,2.419084115,0,0,5.985769,56.8,57.8,58.8,7.9024681,58,62,66,5.985769,56.8,57.8,58.8,6.6246687,6.91638435,3.778409415,6.91638435,5.870392705,0.039273265,0.328081471,0.039999796,0.135784844,-2.19677529,-5.586297326,5.157620081,6.299849095,4.517390889,1.36828988,-1.083855374,-1.676,-0.447,-1.676,-1.266333333,-3.416786674,3.57210154,-3.370063728,3.551768373
314,Li1.00__P0Fe-P1Al-P2Mn-P3Al-P4Ni-P5Mn__P6Co-P7Ni-P8Mn,Al,5.212617635,0-1-2-3-4-5-7-8-Fe-Al-Mn-Al-Ni-Mn-Ni-Mn,-145.3246969,2.73325641,0,2.73325641,2.73325641,1,7.861607209,2.156877167,0.899404355,51,130,361.9999991,145.9999991,127.9999991,89.59999937,81.64694543,46.35305457,17.91154482,9.035291918,2.007643646,1.997428155,1.964874878,1.989982226,0.708,5.734,0.716,2.386,5.074,2.084,12.232,3.587743506,7.649960263,-4.062216757,18.20421055,2.234349615,2.543998608,1.83,1.89,1.83,5.55,1.85,-3.304628742,-7.499891177,6.686951084,7.847366477,5.167291398,-1.574952136,-4.097604047,0.982500588,3.407117475,3.062440168,-3.627681731,-7.456269868,6.564657966,7.72832605,5.214745376,-4.012156036,-4.894710193,3.82088322,6.745412446,3.201614493,1.670140977,0,0,2.611532153,2.123275483,0,0,5.985769,56.8,57.8,58.8,7.434038,59,68,77,5.985769,56.8,57.8,58.8,6.468525333,6.91638435,3.28671184,6.91638435,5.706493513,0.039016935,0.399364785,0.03933629,0.159239337,-2.835754203,-6.351255031,4.744703213,6.327603334,4.481492314,1.176401833,-1.456544838,-1.676,-1.185,-1.676,-1.512333333,-4.955127683,3.602440862,-4.652040483,3.41157615
315,Li1.00__P0Mn-P1Al-P2Ni-P3Al-P4Fe-P5Ni__P6Co-P7Ni-P8Mn,Al,4.29151969,0-1-2-3-4-5-7-8-Mn-Al-Ni-Al-Fe-Ni-Ni-Mn,-141.0395393,2.34083579,0,2.34083579,2.34083579,1,7.086492096,0.920512777,0.204320806,54,133,368.0000015,152.0000015,134.0000015,93.80000105,89.50007029,44.49992971,17.05712235,7.326171051,1.926507837,2.094921582,1.951876215,1.991101878,0.702,9.064,0.713,3.493,5.083,5.396,15.562,5.056333058,7.668957649,-2.612624591,25.70134093,3.752337946,2.458854527,1.83,1.53,1.83,5.19,1.73,-3.796580733,-7.045799496,6.677226673,7.415547241,5.132757994,-1.451651136,-1.971719529,0.670630386,2.238004295,2.162831253,-3.945546202,-6.891623419,6.620734857,7.2788661,5.19700171,-3.549434404,-4.316450853,4.141313807,5.890270194,3.033403764,1.638675973,0,0,4.407744072,3.421611256,0,0,5.985769,56.8,57.8,58.8,7.639878,46,49,52,5.985769,56.8,57.8,58.8,6.537138667,6.91638435,2.02617786,6.91638435,5.28631552,0.038667976,0.329065445,0.038641257,0.135458226,-3.06459269,-5.303047481,4.656197305,5.644139212,4.164196986,0.484841714,-0.986596628,-1.676,-0.257,-1.676,-1.203,-2.693843893,2.59671668,-2.922358673,2.733942671
316,Li1.00__P0Mn-P1Al-P2Fe-P3Al-P4Fe-P5Ni__P6Co-P7Ni-P8Mn,Al,4.961542705,0-1-2-3-4-5-7-8-Mn-Al-Fe-Al-Fe-Ni-Ni-Mn,-142.6635458,2.5490276,0.0614,2.5049,2.5663,1,7.051849026,0.936492072,0.483615044,52,131,364.0000027,148.0000027,130.0000027,91.00000189,85.66090435,44.33909565,17.99338819,7.563970124,1.951955922,2.009998633,1.967275525,1.976410027,0.711,7.216,0.717,2.881333333,5.084,3.56,13.728,4.318765659,7.718206644,-3.399440985,21.95660461,2.986572593,2.543085618,1.83,1.61,1.83,5.27,1.756666667,-3.948209951,-7.159586585,6.714503552,7.462898665,5.185731751,-1.209468212,-2.579504408,1.143594524,3.051363536,3.034422416,-3.967097387,-6.980499074,6.650070088,7.35703513,5.235470067,-3.74955404,-4.487609435,3.784419544,6.31585404,2.970914807,1.678109983,0,0,3.726122473,2.398119109,0,0,5.985769,56.8,57.8,58.8,7.9024681,58,62,66,5.985769,56.8,57.8,58.8,6.6246687,6.91638435,3.778409415,6.91638435,5.870392705,0.038987426,0.361822047,0.038964833,0.146591436,-3.04159185,-5.573196689,4.836056055,5.95709911,4.485208078,0.70796219,-1.085587255,-1.676,-0.447,-1.676,-1.266333333,-3.424102976,3.443787716,-3.375480056,3.420159977
317,Li1.00__P0Mn-P1Al-P2Mn-P3Al-P4Fe-P5Ni__P6Co-P7Ni-P8Mn,Al,5.058873835,0-1-2-3-4-5-7-8-Mn-Al-Mn-Al-Fe-Ni-Ni-Mn,-145.113704,2.57239382,0,2.57239382,2.57239382,1,7.560269428,2.761161203,0.959843972,51,130,362.0000008,146.0000008,128.0000008,89.60000056,80.35812178,47.64187822,21.0029853,9.604300059,1.954773617,2.152354588,1.948211538,2.018446581,0.707,5.62,0.717,2.348,5.088,1.956,12.132,3.34080249,7.578407757,-4.237605267,16.99800307,2.075387015,2.421700423,1.83,1.89,1.83,5.55,1.85,-3.246791892,-7.416361864,6.771397249,7.837430042,5.158601103,-1.723978029,-4.00514522,0.989946708,3.326061767,2.864885011,-3.597429298,-7.346715506,6.691476309,7.707767676,5.223493874,-3.826671558,-4.652733479,4.628477826,6.399065378,3.208864994,1.689653421,0,0,2.907703735,2.191112921,0,0,5.985769,56.8,57.8,58.8,7.434038,59,68,77,5.985769,56.8,57.8,58.8,6.468525333,6.91638435,3.28671184,6.91638435,5.706493513,0.03885587,0.562509704,0.039258907,0.213541494,-2.856066406,-6.256074197,4.817606755,6.290419828,4.415659996,0.970605152,-1.603340718,-1.676,-1.185,-1.676,-1.512333333,-4.813338157,3.421781218,-4.416825068,3.148546886
318,Li1.00__P0Ni-P1Fe-P2Ni-P3Fe-P4Al-P5Mn__P6Co-P7Ni-P8Mn,Fe,3.664322125,0-1-2-3-4-5-7-8-Ni-Fe-Ni-Fe-Al-Mn-Ni-Mn,-132.6359593,2.32928724,0,2.32928724,2.32928724,1,6.924366292,3.544866455,1.263855915,80,146,378.0000002,162.0000002,144.0000002,100.8000001,97.45920495,46.54079505,19.33940919,9.985523381,1.989704479,2.091381333,1.96065557,2.013913794,7.303,9.11,7.332,7.915,5.008,18.737,28.753,11.76593255,7.465794005,4.300138547,58.92379022,3.96928609,2.475219394,1.61,1.53,1.61,4.75,1.583333333,-1.368010668,-2.690792181,1.172759675,3.127144779,3.068734507,-1.907818855,-2.473018392,1.102176097,2.434591163,2.220394612,-1.413486019,-3.18833235,1.136791828,3.294555473,3.189354032,-3.30345698,-4.294799862,2.578112925,5.63274422,2.992858859,1.68945436,3.460822682,2.924413392,4.645605192,3.59299035,3.079131636,2.640451392,7.9024681,58,62,66,7.639878,46,49,52,7.9024681,58,62,66,7.814938067,3.778409415,2.02617786,3.778409415,3.19433223,0.384969171,0.419964767,0.418571503,0.407835147,-1.563105181,-2.784047641,1.137242534,2.952097138,2.826161051,1.740351799,1.510752221,-0.447,-0.257,-0.447,-0.383666667,-2.736171657,2.748526827,-2.786254623,2.818809202
319,Li1.00__P0Ni-P1Fe-P2Al-P3Fe-P4Al-P5Mn__P6Co-P7Ni-P8Mn,Fe,4.656758585,0-1-2-3-4-5-7-8-Ni-Fe-Al-Fe-Al-Mn-Ni-Mn,-143.3273325,2.16602777,0,2.16602777,2.16602777,1,7.843856094,1.354254897,1.120109729,65,131,364.0000017,148.0000017,130.0000017,91.00000119,85.30429235,44.69570765,16.33123347,7.660209479,2.02021918,1.941298419,1.998121351,1.986546317,7.292,0.697,7.316,5.101666667,5.046,10.259,20.351,7.62998667,7.62241218,0.00757449,38.50091274,3.445642936,2.517090139,1.61,1.83,1.61,5.05,1.683333333,-1.219715175,-3.106971922,1.839535955,3.570337935,3.213834939,-2.986764698,-7.290300381,7.026318094,7.865050114,5.084711976,-0.930314852,-2.571947856,1.440177553,3.190257869,3.189112024,-3.801015432,-4.83152437,3.462078552,5.967043202,3.266298187,1.62124632,3.67762913,2.273650802,0,0,3.324162716,2.360859332,7.9024681,58,62,66,5.985769,56.8,57.8,58.8,7.9024681,58,62,66,7.2635684,3.778409415,6.91638435,3.778409415,4.82440106,0.504409626,0.038929659,0.346760695,0.296699993,-1.712264908,-4.323073387,3.435343868,4.875215306,3.829219646,2.088750524,0.508450983,-0.447,-1.676,-0.447,-0.856666667,-3.094396372,3.309373188,-3.081503137,3.286028706
320,Li1.00__P0Ni-P1Fe-P2Mn-P3Fe-P4Al-P5Mn__P6Co-P7Ni-P8Mn,Fe,4.167879295,0-1-2-3-4-5-7-8-Ni-Fe-Mn-Fe-Al-Mn-Ni-Mn,-136.5972436,1.89677668,0,1.89677668,1.89677668,1,8.214351171,4.420491126,1.817608453,77,143,372.0000034,156.0000034,138.0000034,96.60000238,93.0677785,44.9322215,15.66414579,9.123832129,2.017527575,1.970767266,2.004969062,1.997754634,7.303,5.756,7.322,6.793666667,5.014,15.367,25.395,10.19239359,7.530193545,2.662200049,51.10466148,3.442833364,2.507646952,1.61,1.89,1.61,5.11,1.703333333,-1.257924494,-2.947874781,1.052248105,3.119257131,3.102999524,-1.458465745,-3.9443706,1.167755723,3.391036936,3.013162086,-1.198053587,-2.556310325,1.234339913,3.100929537,3.09322236,-3.874702938,-4.929740982,2.120458003,5.771479618,3.030121048,1.636671935,3.179421544,2.393693029,2.764337382,2.07733639,3.339857162,2.853157696,7.9024681,58,62,66,7.434038,59,68,77,7.9024681,58,62,66,7.746324733,3.778409415,3.28671184,3.778409415,3.614510223,0.395867526,0.660813402,0.364498711,0.473726546,-1.304814609,-3.149518569,1.151447914,3.203741201,3.069794657,2.569888329,1.780222413,-0.447,-1.185,-0.447,-0.693,-3.065423252,3.074980478,-3.310793752,3.058719726
321,Li1.00__P0Mn-P1Fe-P2Ni-P3Fe-P4Ni-P5Al__P6Co-P7Ni-P8Mn,Fe,3.86665912,0-1-2-3-4-5-7-8-Mn-Fe-Ni-Fe-Ni-Al-Ni-Mn,-132.7054529,2.27212108,0.0094,2.2699,2.2793,1,7.041507485,3.580270832,1.313313291,80,146,377.999999,161.999999,143.999999,100.7999993,99.88542879,44.11457121,20.52664072,8.221449791,1.968678992,2.083484167,1.947899105,2.000020755,7.288,9.079,7.333,7.9,5.014,18.686,28.714,11.824148,7.527486568,4.29666143,59.28627806,3.981723755,2.494817136,1.61,1.53,1.61,4.75,1.583333333,-1.331721723,-2.760199744,1.089194467,3.07832007,3.040876808,-1.761980647,-2.323313322,1.121083258,2.357060749,2.151492434,-1.541368831,-3.128256553,1.058880795,3.208269741,3.088779299,-3.511135961,-4.504470164,2.399311986,5.790435961,3.011829218,1.713358974,3.409903245,2.675956857,4.587727428,3.583630868,3.414334222,2.602180637,7.9024681,58,62,66,7.639878,46,49,52,7.9024681,58,62,66,7.814938067,3.778409415,2.02617786,3.778409415,3.19433223,0.37796401,0.382312339,0.429019794,0.396432048,-1.545023734,-2.73725654,1.089719507,2.881216853,2.760382847,1.966112227,1.767213624,-0.447,-0.257,-0.447,-0.383666667,-2.684683543,2.684447575,-2.752528473,2.772254476
322,Li1.00__P0Mn-P1Fe-P2Al-P3Fe-P4Ni-P5Al__P6Co-P7Ni-P8Mn,Fe,4.90189666,0-1-2-3-4-5-7-8-Mn-Fe-Al-Fe-Ni-Al-Ni-Mn,-143.5126316,2.46340522,0,2.46340522,2.46340522,1,6.869099191,2.409579749,1.555699326,65,131,363.9999979,147.9999979,129.9999979,90.99999853,82.81782093,47.18217907,17.61483246,9.318831375,1.996889919,1.964190134,1.972381705,1.977820586,7.284,0.697,7.315,5.098666667,5.043,10.253,20.339,7.71124009,7.649704856,0.061535234,38.88778377,3.501971045,2.542116115,1.61,1.83,1.61,5.05,1.683333333,-1.726704324,-2.880096508,1.070024389,3.170171124,3.030003023,-2.68633146,-7.600812911,7.094521625,8.138559899,5.114182745,-1.759793138,-3.395176536,1.150924298,3.396558103,3.147389219,-3.977925071,-5.109910793,4.076200081,6.441330291,3.630691618,1.835544458,3.887348884,2.975379319,0,0,3.623719702,2.55639647,7.9024681,58,62,66,5.985769,56.8,57.8,58.8,7.9024681,58,62,66,7.2635684,3.778409415,6.91638435,3.778409415,4.82440106,0.407038187,0.039001649,0.480521978,0.308853938,-2.057609641,-4.625361985,3.105156771,4.901763042,3.763858329,1.92031543,0.484548808,-0.447,-1.676,-0.447,-0.856666667,-3.359937516,3.192938892,-3.345929433,3.178609508
323,Li1.00__P0Mn-P1Fe-P2Mn-P3Fe-P4Ni-P5Al__P6Co-P7Ni-P8Mn,Fe,4.216805815,0-1-2-3-4-5-7-8-Mn-Fe-Mn-Fe-Ni-Al-Ni-Mn,-136.7180103,2.20748648,0,2.20748648,2.20748648,1,8.756185769,4.474583495,1.653703174,77,143,371.9999956,155.9999956,137.9999956,96.59999692,88.59614185,49.40385815,20.84384956,12.03812625,1.993910459,1.976912135,1.984243332,1.985021975,7.279,5.756,7.323,6.786,5.017,15.341,25.375,10.25280232,7.582377016,2.670425303,51.43830924,3.403762472,2.527521073,1.61,1.89,1.61,5.11,1.703333333,-0.768871049,-2.508186072,1.281826928,3.056265607,3.191319036,-1.498561645,-3.165228787,1.117609439,3.245436537,3.122922878,-0.928251413,-3.053459496,1.288294379,3.173270119,3.148997849,-3.849941691,-4.883261322,2.24497075,6.057428171,3.033551378,1.642611051,3.027996379,2.177566753,3.097851894,2.685095243,2.754034938,2.1513841,7.9024681,58,62,66,7.434038,59,68,77,7.9024681,58,62,66,7.746324733,3.778409415,3.28671184,3.778409415,3.614510223,0.306410106,0.38727633,0.333276064,0.342320833,-1.065228036,-2.908958118,1.229243582,3.158324088,3.154413254,2.784713655,1.974303204,-0.447,-1.185,-0.447,-0.693,-2.907498089,3.154286016,-2.932917911,3.151791934
324,Li1.00__P0Al-P1Fe-P2Ni-P3Fe-P4Mn-P5Ni__P6Co-P7Ni-P8Mn,Fe,3.94594057,0-1-2-3-4-5-7-8-Al-Fe-Ni-Fe-Mn-Ni-Ni-Mn,-132.7277517,2.04680345,0,2.04680345,2.04680345,1,5.716168017,2.251959149,1.504918516,80,146,377.9999957,161.9999957,143.9999957,100.799997,99.92608368,44.07391632,21.72474814,7.890512204,1.96504187,2.081637688,1.941000444,1.995893334,7.287,9.04,7.29,7.872333333,5.019,18.598,28.636,11.80684765,7.551006388,4.255841259,59.25856834,3.977520715,2.50910175,1.61,1.53,1.61,4.75,1.583333333,-1.157933844,-2.503483634,1.299823239,3.121445826,3.111334315,-1.629010344,-2.195549686,1.267566955,2.385978849,2.181178948,-2.045547211,-3.096696849,1.210347612,3.257517061,3.050686005,-3.405916617,-4.389076485,2.70854463,5.452720067,3.079286809,1.778996677,3.078215582,3.152614554,4.641426449,3.526739867,4.004698566,3.379761103,7.9024681,58,62,66,7.639878,46,49,52,7.9024681,58,62,66,7.814938067,3.778409415,2.02617786,3.778409415,3.19433223,0.377022338,0.378198182,0.589777143,0.448332554,-1.610830466,-2.598576723,1.259245935,2.921647245,2.781066423,1.795086151,1.790499761,-0.447,-0.257,-0.447,-0.383666667,-2.575665523,2.728899993,-2.677018163,2.823191022
325,Li1.00__P0Al-P1Fe-P2Al-P3Fe-P4Mn-P5Ni__P6Co-P7Ni-P8Mn,Fe,4.664691305,0-1-2-3-4-5-7-8-Al-Fe-Al-Fe-Mn-Ni-Ni-Mn,-143.3205789,2.40293239,0,2.40293239,2.40293239,1,7.227946144,1.984782853,1.018893233,65,131,364.0000001,148.0000001,130.0000001,91.00000007,85.16617351,44.83382649,16.59177605,7.947379538,1.973748262,1.970163425,1.971676469,1.971862719,7.299,0.686,7.302,5.095666667,5.048,10.239,20.335,7.749681807,7.680052098,0.069629709,39.12039376,3.525048789,2.561099851,1.61,1.83,1.61,5.05,1.683333333,-1.35712907,-2.791249331,1.197872357,3.168413967,3.078529845,-2.87412739,-7.099523014,6.973234456,7.760069999,5.055990609,-1.123025258,-2.643845247,1.324626183,3.167056258,3.125607506,-3.7340716,-4.79585471,3.348872779,6.13700399,3.308827096,1.696419378,3.710273094,2.501099791,0,0,3.552844538,2.397070479,7.9024681,58,62,66,5.985769,56.8,57.8,58.8,7.9024681,58,62,66,7.2635684,3.778409415,6.91638435,3.778409415,4.82440106,0.398904255,0.037890637,0.370145479,0.268980124,-1.784760573,-4.178205864,3.165244332,4.698513408,3.753375987,1.949311027,0.617648846,-0.447,-1.676,-0.447,-0.856666667,-2.95421859,3.206763538,-2.925933732,3.192977995
326,Li1.00__P0Al-P1Fe-P2Mn-P3Fe-P4Mn-P5Ni__P6Co-P7Ni-P8Mn,Fe,3.98735565,0-1-2-3-4-5-7-8-Al-Fe-Mn-Fe-Mn-Ni-Ni-Mn,-136.5210853,2.50566821,0,2.50566821,2.50566821,1,7.690887367,4.412390297,1.776119151,77,143,372.000001,156.000001,138.000001,96.6000007,92.34476735,45.65523265,22.70462,9.317213031,1.971855895,2.082368959,1.95942169,2.004548848,7.291,5.617,7.315,6.741,5.019,15.204,25.242,10.12818487,7.517023606,2.611161259,50.83335984,3.453421605,2.516344749,1.61,1.89,1.61,5.11,1.703333333,-1.172410691,-2.532522947,1.197212626,3.059919358,3.060300647,-1.342624684,-3.910765181,1.309987922,3.347183217,2.830457274,-1.204631387,-2.576639489,1.209729475,3.102004079,3.097109619,-3.828704042,-4.840158656,2.185105052,6.334372252,2.994920631,1.661207154,3.459232917,2.678793569,2.75085452,2.020128931,3.497645874,2.675344543,7.9024681,58,62,66,7.434038,59,68,77,7.9024681,58,62,66,7.746324733,3.778409415,3.28671184,3.778409415,3.614510223,0.348192347,0.420776276,0.347322959,0.372097194,-1.239888921,-3.006642539,1.238976674,3.169702218,2.995955847,2.588815121,1.833516117,-0.447,-1.185,-0.447,-0.693,-2.905585512,3.014459979,-3.065765634,2.985115956
327,Li1.00__P0Ni-P1Ni-P2Ni-P3Ni-P4Ni-P5Ni__P6Co-P7Co-P8Co,Ni,2.001488095,0-1-2-3-4-5-6-7-8-Ni-Ni-Ni-Ni-Ni-Ni-Co-Co-Co,-109.6029583,2.07056296,0,2.07056296,2.07056296,1,6.927874252,1.031112945,1.049720948,84,168,407.9999975,191.9999975,173.9999975,121.7999983,132.2487685,41.75123155,6.18297162,7.362561327,2.111110302,2.093928959,1.876341918,2.027127059,9.238,9.243,9.28,9.253666667,4.986,22.775,32.747,13.73587997,7.400258188,6.335621778,68.48709751,4.58432576,2.469708343,1.53,1.53,1.53,4.59,1.53,-2.100834088,-2.760884188,0.484615116,2.577820575,2.477650355,-2.054907514,-2.725678531,0.844528697,2.673438389,2.517473282,-2.447402144,-2.98778814,0.507099258,2.601353263,2.464523879,-3.017152031,-3.738482753,1.358540074,5.087714991,2.506952085,1.772684446,4.307761514,3.509602825,4.388903682,3.594782736,4.630485022,3.686375467,7.639878,46,49,52,7.639878,46,49,52,7.639878,46,49,52,7.639878,2.02617786,2.02617786,2.02617786,2.02617786,0.484484461,0.517011028,0.648779699,0.550091729,-2.201047916,-2.82478362,0.612081024,2.617537409,2.486549172,0.816104115,0.913699134,-0.257,-0.257,-0.257,-0.257,-2.827102105,2.486378054,-2.839058401,2.484965923
328,Li1.00__P0Ni-P1Ni-P2Ni-P3Ni-P4Ni-P5Ni__P6Co-P7Ni-P8Mn,Ni,2.21102221,0-1-2-3-4-5-6-7-8-Ni-Ni-Ni-Ni-Ni-Ni-Co-Ni-Mn,-111.2213222,1.98071743,0,1.98071743,1.98071743,1,11.12612084,0.760376453,3.254384791,84,168,406.000001,190.000001,172.000001,120.4000007,125.2091872,46.79081281,13.52124871,10.35070596,2.12340781,2.068767545,1.911789794,2.03465505,9.235,9.051,9.351,9.212333333,4.99,22.647,32.627,13.61543777,7.372179795,6.243257977,67.94103448,4.566225639,2.467523273,1.53,1.53,1.53,4.59,1.53,-2.020032039,-2.710455884,0.537482307,2.591871309,2.490133333,-3.630731857,-4.911963564,1.959396134,3.950098635,3.129252724,-2.617016565,-3.37628665,0.552584078,2.783127725,2.558870949,-3.182402161,-3.921869075,1.596039611,5.163119591,2.567182855,1.692703154,4.246317333,3.475457901,3.250365349,3.176951645,4.422763722,3.554782877,7.639878,46,49,52,7.639878,46,49,52,7.639878,46,49,52,7.639878,2.02617786,2.02617786,2.02617786,2.02617786,0.494996947,0.76198117,0.755715267,0.670897795,-2.75592682,-3.666235366,1.016487506,3.10836589,2.726085669,0.42647534,0.255633709,-0.257,-0.257,-0.257,-0.257,-3.4370377,2.651494591,-3.793922393,2.75790537
329,Li1.00__P0Ni-P1Ni-P2Ni-P3Ni-P4Ni-P5Ni__P6Ni-P7Ni-P8Ni,Ni,2.227537915,0-1-2-3-4-5-6-7-8-Ni-Ni-Ni-Ni-Ni-Ni-Ni-Ni-Ni,-103.8188544,2.10727886,0.0244,2.0875,2.1119,1,6.592873543,2.157126928,0.875914098,84,168,414.0000025,198.0000025,180.0000025,126.0000018,140.2475981,39.75240192,12.02032734,5.527250488,2.116801264,2.077181452,1.906793734,2.03359215,9.215,9.035,9.353,9.201,4.989,22.614,32.592,13.60800325,7.375104344,6.232898905,67.89032821,4.528565951,2.45639853,1.53,1.53,1.53,4.59,1.53,-2.188706546,-2.807079957,0.724204123,2.561262346,2.390520249,-1.541603826,-2.114940341,1.280801308,2.340239354,2.141481966,-2.786894516,-3.521885996,0.449543716,2.769604663,2.538983035,-3.045986812,-3.726757317,1.503685316,5.157886812,2.500453044,1.771489252,4.576564295,3.527499714,4.610600861,3.509476179,4.490097065,3.569619863,7.639878,46,49,52,7.639878,46,49,52,7.639878,46,49,52,7.639878,2.02617786,2.02617786,2.02617786,2.02617786,0.554297805,0.418607561,0.804952439,0.592619268,-2.172401629,-2.814635431,0.818183049,2.557035454,2.356995083,0.873585183,0.912121886,-0.257,-0.257,-0.257,-0.257,-2.800538614,2.353123012,-2.967750842,2.39910146
330,Li1.00__P0Co-P1Co-P2Co-P3Co-P4Co-P5Co__P6Ni-P7Ni-P8Ni,Co,3.90428686,0-1-2-3-4-5-6-7-8-Co-Co-Co-Co-Co-Co-Ni-Ni-Ni,-115.7081107,2.50092683,0,2.50092683,2.50092683,1,6.480122174,0.011023331,1.059923453,81,162,402.0000016,186.0000016,168.0000016,117.6000011,128.1161337,39.88386634,3.833638065,6.814011071,1.971304216,1.976631963,1.949597367,1.965844515,8.342,8.293,8.362,8.332333333,5.008,19.989,30.005,12.71632748,7.64278828,5.073539199,63.68336802,4.239573065,2.547131277,1.56,1.56,1.56,4.68,1.56,-1.262511826,-2.197037865,1.359950347,2.939043171,2.886406317,-1.252119669,-2.167276206,1.294277767,2.900758222,2.866706597,-1.23166195,-2.186201508,1.453081755,2.974754183,2.909349016,-3.507467633,-4.37656389,1.986378104,6.008394463,2.759484846,1.72156341,3.854448332,3.342361062,3.827615456,3.353661482,3.869940932,3.333747942,7.88101,51,55,59,7.88101,51,55,59,7.88101,51,55,59,7.88101,2.48314856,2.48314856,2.48314856,2.48314856,0.361948622,0.353482456,0.367843108,0.361091395,-1.248764482,-2.183505193,1.36910329,2.938185192,2.88748731,2.258703152,2.193058697,-0.28,-0.28,-0.28,-0.28,-2.183532333,2.887542117,-2.1836467,2.887768676
331,Li1.00__P0Mn-P1Mn-P2Mn-P3Mn-P4Mn-P5Mn__P6Co-P7Co-P8Co,Mn,3.951641705,0-1-2-3-4-5-6-7-8-Mn-Mn-Mn-Mn-Mn-Mn-Co-Co-Co,-134.8787995,2.56837772,0,2.56837772,2.56837772,1,8.564043817,6.169772425,1.54795632,75,150,372.0000016,156.0000016,138.0000016,96.60000112,87.47570805,50.52429195,31.83934309,12.68736363,2.02830298,2.067904975,1.982006859,2.026071605,5.8,5.542,5.811,5.717666667,5.031,12.122,22.184,8.471417272,7.451632077,1.019785195,42.6197003,2.818837976,2.482254415,1.89,1.89,1.89,5.67,1.89,-1.19471907,-3.603703239,1.137970338,3.264289379,3.107389378,-0.804870694,-3.013417206,1.599319051,3.01146368,2.571498188,-0.610374381,-2.851197113,1.499414542,3.260450497,3.379833673,-3.944389999,-4.872474593,2.092802347,6.512767719,2.839989854,1.573028178,2.551675137,2.059652424,2.87628731,1.966537925,2.450080013,2.082204842,7.434038,59,68,77,7.434038,59,68,77,7.434038,59,68,77,7.434038,3.28671184,3.28671184,3.28671184,3.28671184,0.338599242,0.284416414,0.288414899,0.303810185,-0.869988049,-3.156105853,1.412234644,3.178734519,3.019573746,3.074401951,1.716368741,-1.185,-1.185,-1.185,-1.185,-3.147646957,3.004295517,-3.181377026,3.026374696
332,Li1.00__P0Mn-P1Mn-P2Mn-P3Mn-P4Mn-P5Mn__P6Co-P7Ni-P8Mn,Mn,3.803609495,0-1-2-3-4-5-6-7-8-Mn-Mn-Mn-Mn-Mn-Mn-Co-Ni-Mn,-136.1821644,1.86180468,0,1.86180468,1.86180468,1,9.14343099,6.555484271,1.9013715,75,150,369.9999976,153.9999976,135.9999976,95.19999832,90.7821563,45.2178437,25.99059639,8.745293847,2.202820587,2.018476527,1.964295585,2.061864233,5.67,5.575,5.674,5.639666667,5.025,11.894,21.944,8.224524043,7.328836555,0.895687488,41.32823332,2.774292847,2.440393088,1.89,1.89,1.89,5.67,1.89,-0.75083035,-2.805242447,0.989968041,2.769192756,2.871972442,-1.319831063,-3.463886267,1.001510871,3.179539422,3.060872739,-1.386592729,-3.94940978,1.081607278,3.355160087,3.073945104,-4.044777248,-5.010421966,1.791283916,5.906581928,2.836107084,1.534577492,2.353925678,1.90929906,2.773202042,2.114299523,2.587567431,2.020588217,7.434038,59,68,77,7.434038,59,68,77,7.434038,59,68,77,7.434038,3.28671184,3.28671184,3.28671184,3.28671184,0.272020655,0.538706045,0.677153401,0.495960034,-1.152418047,-3.406179498,1.024362063,3.101297422,3.002263428,2.892359201,1.604242468,-1.185,-1.185,-1.185,-1.185,-3.400361586,3.00242561,-3.564438169,3.032286574
333,Li1.00__P0Mn-P1Mn-P2Mn-P3Mn-P4Mn-P5Mn__P6Mn-P7Mn-P8Mn,Mn,3.924931975,0-1-2-3-4-5-6-7-8-Mn-Mn-Mn-Mn-Mn-Mn-Mn-Mn-Mn,-141.3921359,1.72074706,0,1.72074706,1.72074706,1,7.107501531,3.728990996,1.465767762,75,150,360.0000005,144.0000005,126.0000005,88.20000035,77.11047909,48.88952091,30.75041629,10.22696997,2.223362615,2.013940843,1.985387853,2.074230437,5.633,5.549,5.811,5.664333333,5.027,11.966,22.02,8.215728308,7.289089807,0.926638501,41.30046621,2.723323292,2.419185492,1.89,1.89,1.89,5.67,1.89,-1.288040202,-2.709845799,0.993251143,2.92890417,2.891340433,-0.677807986,-2.20928892,1.011921512,2.610352205,2.760532352,-0.932304925,-3.220425774,1.376937952,3.339951063,3.320059164,-3.784085467,-4.594657011,2.067803911,5.504832527,2.705185259,1.610154142,3.287957258,2.479257229,2.655033849,2.22894241,2.626319069,2.081378232,7.434038,59,68,77,7.434038,59,68,77,7.434038,59,68,77,7.434038,3.28671184,3.28671184,3.28671184,3.28671184,0.464784,0.26604375,0.4394805,0.39010275,-0.966051038,-2.713186831,1.127370202,2.959735813,2.990643983,2.818034429,1.881470179,-1.185,-1.185,-1.185,-1.185,-2.694341434,2.974248154,-2.787791002,3.022598885
334,Li1.00__P0Co-P1Co-P2Co-P3Co-P4Co-P5Co__P6Mn-P7Mn-P8Mn,Co,4.104086475,0-1-2-3-4-5-6-7-8-Co-Co-Co-Co-Co-Co-Mn-Mn-Mn,-128.4882396,2.61253421,0,2.61253421,2.61253421,1,7.296456025,0.001009875,1.883220359,81,162,384.0000021,168.0000021,150.0000021,105.0000015,104.9974719,45.0025281,6.849630711,10.94006026,1.965560751,1.976926827,1.950529058,1.964338879,8.338,8.29,8.362,8.33,5.009,19.981,29.999,12.72246571,7.650134,5.072331708,63.72683074,4.241523326,2.549601534,1.56,1.56,1.56,4.68,1.56,-1.783576534,-2.719520823,0.814602864,2.938462956,2.895474338,-1.877450948,-2.779251148,0.669344702,2.885238343,2.848856444,-1.791231326,-2.745794589,0.897905561,2.973067147,2.906271265,-4.09864292,-4.952018429,1.362702353,6.71117713,2.737287715,1.726722625,3.826233198,3.346714807,3.837417892,3.370903341,3.856602348,3.349254917,7.88101,51,55,59,7.88101,51,55,59,7.88101,51,55,59,7.88101,2.48314856,2.48314856,2.48314856,2.48314856,0.357499257,0.359112624,0.36874604,0.361785974,-1.817419602,-2.748188854,0.793951042,2.932256149,2.883534016,2.281223317,2.203829576,-0.28,-0.28,-0.28,-0.28,-2.748167324,2.883623654,-2.748210217,2.883718078
335,Li1.00__P0Fe-P1Fe-P2Fe-P3Fe-P4Fe-P5Fe__P6Co-P7Co-P8Co,Fe,3.995342415,0-1-2-3-4-5-6-7-8-Fe-Fe-Fe-Fe-Fe-Fe-Co-Co-Co,-122.5921715,2.68956102,0,2.68956102,2.68956102,1,7.235557891,2.118874774,1.729737442,78,156,384.0000051,168.0000051,150.0000051,105.0000036,106.1418737,43.85812632,10.89533094,10.8686541,1.987658902,1.990984606,1.983285402,1.987309637,7.329,7.297,7.331,7.319,5.021,16.936,26.978,11.04866503,7.579612984,3.469052044,55.4753471,3.682937894,2.526534016,1.61,1.61,1.61,4.83,1.61,-0.939339875,-2.2433822,1.392526535,3.125623531,3.211024384,-1.341276967,-2.709532555,1.045959686,3.103000679,3.132326987,-1.461522382,-2.901797408,1.057206828,3.168808565,3.135799436,-3.922780977,-4.812692729,1.814286007,6.612341997,2.775105126,1.650502387,3.339519089,2.841798988,3.389484681,2.758423818,3.431605937,2.730117616,7.9024681,58,62,66,7.9024681,58,62,66,7.9024681,58,62,66,7.9024681,3.778409415,3.778409415,3.778409415,3.778409415,0.309757673,0.334446535,0.357308663,0.333837624,-1.247379741,-2.618237388,1.165231016,3.132477591,3.159716936,2.675401236,2.194455341,-0.447,-0.447,-0.447,-0.447,-2.614306336,3.160258346,-2.633951148,3.157906148
336,Li1.00__P0Fe-P1Fe-P2Fe-P3Fe-P4Fe-P5Fe__P6Co-P7Ni-P8Mn,Fe,4.07005483,0-1-2-3-4-5-6-7-8-Fe-Fe-Fe-Fe-Fe-Fe-Co-Ni-Mn,-123.5233038,2.418854,0,2.418854,2.418854,1,7.374659463,3.150823055,1.793528598,78,156,381.9999992,165.9999992,147.9999992,103.5999994,102.9320174,45.06798263,19.13952623,10.89173586,1.984926296,1.974227507,1.987543594,1.982232465,7.308,7.283,7.344,7.311666667,5.02,16.915,26.955,11.06579994,7.597558643,3.468241298,55.5503157,3.68895739,2.532561104,1.61,1.61,1.61,4.83,1.61,-1.286295539,-2.710737342,1.124512076,3.131340819,3.14041791,-1.414951819,-2.78135403,1.067982956,3.145514572,3.137907416,-1.284345577,-2.733110973,1.176585188,3.173760455,3.174665818,-3.97705165,-4.910872302,1.965990195,6.39590565,2.886728954,1.678435891,3.361435264,2.717567244,3.440307332,2.805706636,3.382068701,2.703825003,7.9024681,58,62,66,7.9024681,58,62,66,7.9024681,58,62,66,7.9024681,3.778409415,3.778409415,3.778409415,3.778409415,0.339584788,0.347593017,0.345226683,0.34413483,-1.328530978,-2.741734115,1.12302674,3.150205282,3.150997048,2.648520672,2.169138187,-0.447,-0.447,-0.447,-0.447,-2.741910031,3.150956936,-2.741994318,3.151024859
337,Li1.00__P0Fe-P1Fe-P2Fe-P3Fe-P4Fe-P5Fe__P6Fe-P7Fe-P8Fe,Fe,3.70901714,0-1-2-3-4-5-6-7-8-Fe-Fe-Fe-Fe-Fe-Fe-Fe-Fe-Fe,-122.6797163,1.78892924,0,1.78892924,1.78892924,1,6.22843023,1.600979528,1.612415575,78,156,378.000001,162.000001,144.000001,100.8000007,100.6933807,43.30661926,15.01165113,10.05710499,1.992853114,1.997348882,1.95247475,1.980892249,7.324,7.324,7.346,7.331333333,5.021,16.973,27.015,11.10439813,7.604943695,3.499454433,55.755183,3.698482711,2.533864099,1.61,1.61,1.61,4.83,1.61,-1.224743371,-2.381739183,1.288660457,3.11301721,3.124602245,-1.169425009,-2.405728671,1.188081106,3.074867049,3.128994548,-1.128322326,-2.400802362,1.350444529,3.170270864,3.199010759,-3.918529086,-4.850150442,2.077285354,5.707458326,2.912306419,1.712022165,3.558379391,3.075997791,3.574006115,2.776149513,3.510934856,2.885218387,7.9024681,58,62,66,7.9024681,58,62,66,7.9024681,58,62,66,7.9024681,3.778409415,3.778409415,3.778409415,3.778409415,0.3349625,0.323491582,0.332022704,0.330158929,-1.174163569,-2.396090072,1.275728697,3.119385041,3.150869184,2.744365517,2.45406037,-0.447,-0.447,-0.447,-0.447,-2.395887132,3.150637356,-2.395964459,3.150979632
338,Li1.00__P0Co-P1Co-P2Co-P3Co-P4Co-P5Co__P6Fe-P7Fe-P8Fe,Co,3.817184105,0-1-2-3-4-5-6-7-8-Co-Co-Co-Co-Co-Co-Fe-Fe-Fe,-122.4146292,2.72091236,0,2.72091236,2.72091236,1,7.124422991,0.025903899,1.741205558,81,162,389.9999983,173.9999983,155.9999983,109.1999988,112.1724188,43.82758117,6.132828899,11.09443762,1.956452279,1.971719199,1.947498908,1.958556795,8.359,8.313,8.385,8.352333333,5.012,20.045,30.069,12.79416936,7.677281228,5.116888135,64.12437685,4.26489526,2.559093844,1.56,1.56,1.56,4.68,1.56,-1.565712239,-2.513097446,1.086676093,2.976551012,2.925239161,-1.726119397,-2.628076634,0.884339708,2.913890643,2.864415806,-1.485592205,-2.461204386,1.197668123,3.010860198,2.955723011,-3.885281089,-4.764229139,1.702553655,6.606193449,2.801759469,1.745623081,3.846701075,3.34763045,3.875495809,3.385673488,3.827581485,3.332762006,7.88101,51,55,59,7.88101,51,55,59,7.88101,51,55,59,7.88101,2.48314856,2.48314856,2.48314856,2.48314856,0.366023869,0.37341608,0.36531608,0.36825201,-1.592474614,-2.534126156,1.056227975,2.967100618,2.915125993,2.292806475,2.230102983,-0.28,-0.28,-0.28,-0.28,-2.534124576,2.915126645,-2.534801522,2.914760668
339,Li1.00__P0Al-P1Al-P2Al-P3Al-P4Al-P5Al__P6Co-P7Co-P8Co,Al,6.93335705,0-1-2-3-4-5-6-7-8-Al-Al-Al-Al-Al-Al-Co-Co-Co,-177.8282049,3.2018735,0.8134,2.9741,3.7875,1,7.054106449,1.21E-10,0,39,78,324.0000012,108.0000012,90.0000012,63.00000084,48.0283977,41.9716023,0.00000277,2.97567173,1.988754038,1.957608257,1.952172683,1.966178326,0.712,0.691,0.72,0.707666667,5.119,-2.996,7.242,1.079814688,7.811105583,-6.731290895,5.527571389,0.360028898,2.603662073,1.83,1.83,1.83,5.49,1.83,-3.391061196,-7.108573577,7.021503142,7.623884127,5.10085864,-3.161830523,-7.162049809,7.008380443,7.661340035,4.977664166,-3.60058755,-7.020772466,6.994702418,7.516068815,5.1465833,-3.873633807,-4.539216106,5.972058271,7.661133807,3.072136088,1.676574191,0,0,0,0,0,0,5.985769,56.8,57.8,58.8,5.985769,56.8,57.8,58.8,5.985769,56.8,57.8,58.8,5.985769,6.91638435,6.91638435,6.91638435,6.91638435,0.037863492,0.038145635,0.037288889,0.037766005,-3.38449309,-7.09713195,7.008195334,7.600430992,5.075035369,0.489140718,-2.557915845,-1.676,-1.676,-1.676,-1.676,-7.096306994,5.076133311,-7.097680879,5.074430025
340,Li1.00__P0Al-P1Al-P2Al-P3Al-P4Al-P5Al__P6Co-P7Ni-P8Mn,Al,6.93335705,0-1-2-3-4-5-6-7-8-Al-Al-Al-Al-Al-Al-Co-Ni-Mn,-178.7955801,2.96036269,0.1328,2.8961,3.0289,1,7.07,0.000036,0,39,78,322.0000003,106.0000003,88.0000003,61.60000021,44.60472402,43.4,6.756987612,3.485325097,2.003178597,1.959719582,1.956393541,1.97309724,0.708,0.686,0.716,0.703333333,5.115,-3.005,7.225,1.069467899,7.778013765,-6.708545866,5.470328302,0.356237101,2.592593786,1.83,1.83,1.83,5.49,1.83,-3.435285817,-7.00651719,6.976280204,7.521325501,5.072690116,-3.167798903,-7.038436952,6.989828834,7.570473652,4.955302787,-3.58320122,-6.904981582,6.968255665,7.429972974,5.120003081,-3.781667447,-4.425457618,5.943766907,6.810567447,3.015241941,1.662272769,0,0,0,0,0,0,5.985769,56.8,57.8,58.8,5.985769,56.8,57.8,58.8,5.985769,56.8,57.8,58.8,5.985769,6.91638435,6.91638435,6.91638435,6.91638435,0.038553254,0.038476529,0.03777574,0.038268508,-3.395428646,-6.983311908,6.978121568,7.507257376,5.049331994,0.386238801,-2.55785429,-1.676,-1.676,-1.676,-1.676,-6.982567516,5.05038887,-6.983805555,5.048916219
341,Li1.00__P0Al-P1Al-P2Al-P3Al-P4Al-P5Al__P6Al-P7Al-P8Al,Al,6.93815203,0-1-2-3-4-5-6-7-8-Al-Al-Al-Al-Al-Al-Al-Al-Al,-205.8134136,1.15445586,2.9217,0.9323,3.854,1,7.05,3.45E-08,0,39,78,288.000002,72.000002,54.000002,37.8000014,11.68959124,42.31040876,0.00000038,0,1.984560762,1.953911545,1.950330134,1.962934147,0.715,0.694,0.723,0.710666667,5.122,-2.99,7.254,1.086172667,7.828554126,-6.742381458,5.563376401,0.362145636,2.609468415,1.83,1.83,1.83,5.49,1.83,0.422737415,-5.001191953,9.883823002,8.27494199,5.117201496,0.794524619,-5.05415817,9.89374864,8.302032627,4.993758732,0.153623046,-4.911752465,9.873925644,8.200576767,5.162779813,-1.106984637,-2.4201439,9.474607937,4.960984637,4.111126239,1.684062067,0,0,0,0,0,0,5.985769,56.8,57.8,58.8,5.985769,56.8,57.8,58.8,5.985769,56.8,57.8,58.8,5.985769,6.91638435,6.91638435,6.91638435,6.91638435,0.037667364,0.038065272,0.037092887,0.037608508,0.456961694,-4.989034196,9.883832429,8.259183795,5.09124668,1.563946331,-2.568890296,-1.676,-1.676,-1.676,-1.676,-4.988214723,5.092330117,-4.98965737,5.090538637
342,Li1.00__P0Co-P1Co-P2Co-P3Co-P4Co-P5Co__P6Al-P7Al-P8Al,Co,3.91084172,0-1-2-3-4-5-6-7-8-Co-Co-Co-Co-Co-Co-Al-Al-Al,-150.3716488,2.90133397,1.0886,2.673,3.7616,1,6.87,0.000000242,1.483850755,81,162,360.0000016,144.0000016,126.0000016,88.20000112,84.37536069,41.6,0.00000305,5.926376688,1.954412525,1.969600751,1.944304726,1.956106001,8.371,8.326,8.394,8.363666667,5.014,20.077,30.105,12.82760566,7.689984264,5.137621396,64.31761478,4.276029884,2.563387395,1.56,1.56,1.56,4.68,1.56,-1.350253536,-2.325077296,1.366019661,3.029431498,2.940039361,-1.367172321,-2.319553964,1.267314783,2.986156185,2.915629682,-1.314350976,-2.307405031,1.453376232,3.058667959,2.958309567,-3.399198164,-4.559283068,2.819150677,7.160798164,3.288256076,1.746602009,3.836044429,3.374238993,3.812849511,3.382773162,3.851357203,3.360978354,7.88101,51,55,59,7.88101,51,55,59,7.88101,51,55,59,7.88101,2.48314856,2.48314856,2.48314856,2.48314856,0.35799782,0.351390191,0.363044142,0.357477384,-1.343925611,-2.31734543,1.362236892,3.024751881,2.93799287,2.055272553,2.241937638,-0.28,-0.28,-0.28,-0.28,-2.317324996,2.938069183,-2.317285048,2.938226257
343,Li0.89__P0Co-P1Ni-P2Co-P3Co-P4Co-P5Co__P6Co-P7Co-P8Co,Ni,3.107568985,1-2-3-Ni-Co-Co,-116.9369609,2.24213573,0.2725,2.1065,2.379,0.89,7.24,0.0000562,1.733288412,82,163,396.0000021,180.0000021,164.0000021,114.8000015,122.2886462,41.7,0.000260148,8.97297479,1.902094761,1.903664845,1.903671741,1.903143782,9.362,8.358,8.388,8.702666667,4.987,21.121,31.095,13.71864252,7.8612044,5.857438117,68.41487023,4.579731432,2.620429822,1.53,1.56,1.56,4.65,1.55,-2.808523276,-3.488279815,0.304527559,2.768998361,2.596709386,-1.337105559,-2.302535134,1.342482974,2.996082194,2.940253985,-1.332589562,-2.32404679,1.418937363,3.040890452,2.970197203,-3.615645971,-4.452727054,1.165556202,5.994645971,2.679967572,1.900488708,4.514649677,3.597484475,3.860406842,3.322195695,3.886779944,3.299262768,7.639878,46,49,52,7.88101,51,55,59,7.88101,51,55,59,7.800632667,2.02617786,2.48314856,2.48314856,2.330824993,0.598724299,0.378020794,0.385047664,0.453930919,-1.826072799,-2.704953913,1.021982632,2.935323669,2.835720192,1.789573172,1.747773141,-0.257,-0.28,-0.28,-0.272333333,-2.720327358,2.831029213,-2.829940763,2.797678008
344,Li0.89__P0Co-P1Co-P2Ni-P3Co-P4Co-P5Co__P6Co-P7Co-P8Co,Ni,3.1545607,1-2-3-Co-Ni-Co,-117.017094,2.22052637,0.2318,2.1109,2.3427,0.89,7.22,0.0000562,1.6902884,82,163,395.9999995,179.9999995,163.9999995,114.7999997,122.6213931,41.37860693,0.00040644,8.608371827,1.910038964,1.915439932,1.904988099,1.910155665,8.377,9.344,8.396,8.705666667,4.982,21.135,31.099,13.67140371,7.824532249,5.84687146,68.11093328,4.565349461,2.607983579,1.56,1.53,1.56,4.65,1.55,-1.336034247,-2.31218136,1.377244839,3.020524842,2.961158076,-2.738676883,-3.410980557,0.344124884,2.747051023,2.577477661,-1.462934985,-2.473822597,1.316798174,3.060084584,2.979855881,-3.589749224,-4.418361952,1.126756191,5.932449224,2.652519634,1.887885617,3.855000537,3.333139348,4.520765578,3.589899427,3.856218164,3.317330188,7.88101,51,55,59,7.639878,46,49,52,7.88101,51,55,59,7.800632667,2.48314856,2.02617786,2.48314856,2.330824993,0.377910563,0.592914319,0.398101408,0.456308764,-1.845882039,-2.732328171,1.012722633,2.942553483,2.839497206,1.743867185,1.68603378,-0.28,-0.257,-0.28,-0.272333333,-2.749541735,2.832747889,-2.835104608,2.800414586
345,Li0.89__P0Co-P1Co-P2Co-P3Ni-P4Co-P5Co__P6Co-P7Co-P8Co,Ni,3.184481495,1-2-3-Co-Co-Ni,-117.1217523,2.27878074,0.3669,2.0988,2.4657,0.89,7.39,0.0000257,1.853355575,82,163,396.0000009,180.0000009,164.0000009,114.8000006,121.8747454,42.12525463,0.000140263,9.351950117,1.90667416,1.902242439,1.917547452,1.90882135,8.376,8.364,9.374,8.704666667,4.983,21.131,31.097,13.67844174,7.831623095,5.846818649,68.15967521,4.567897669,2.610225173,1.56,1.56,1.53,4.65,1.55,-1.395907069,-2.370873667,1.315982613,3.019644821,2.961109759,-1.525064092,-2.509978656,1.188700116,3.01574488,2.950635095,-2.787958568,-3.479014054,0.373371452,2.785200088,2.602048897,-3.666171433,-4.498602782,1.063328532,6.131871433,2.654724769,1.884634221,3.870505321,3.318775707,3.846748313,3.32629945,4.513407861,3.598553612,7.88101,51,55,59,7.88101,51,55,59,7.639878,46,49,52,7.800632667,2.48314856,2.48314856,2.02617786,2.330824993,0.377658782,0.390651522,0.593329508,0.453879938,-1.902976576,-2.786622125,0.959351394,2.940196596,2.83793125,1.763194856,1.711980657,-0.28,-0.28,-0.257,-0.272333333,-2.80409739,2.831911294,-2.89365066,2.801645159
346,Li0.89__P0Co-P1Mn-P2Co-P3Co-P4Co-P5Co__P6Co-P7Co-P8Co,Mn,3.806269665,1-2-3-Mn-Co-Co,-122.1743496,2.32151578,0.6569,2.092,2.7489,0.89,7.75,2.205691595,1.928547548,79,160,390.0000011,174.0000011,158.0000011,110.6000008,114.9239296,43.07607043,4.511756999,9.821367817,1.894262191,1.928889477,1.931576981,1.918242883,5.796,8.352,8.386,7.511333333,5.009,17.525,27.543,11.73124941,7.834350218,3.896899187,58.76182827,4.055130218,2.605860618,1.89,1.56,1.56,5.01,1.67,-1.523857003,-4.235994285,1.265282887,3.549012624,3.061554629,-1.425096643,-2.374439051,1.233475901,2.982266097,2.933893122,-1.427316066,-2.403583711,1.306774251,3.026917424,2.962547615,-3.723594486,-4.603000036,1.480843724,6.472494486,2.743362052,1.836214564,2.719108946,2.064058459,3.851384206,3.345868736,3.876560292,3.32403552,7.434038,59,68,77,7.88101,51,55,59,7.88101,51,55,59,7.732019333,3.28671184,2.48314856,2.48314856,2.751002987,0.459584848,0.372401865,0.380303263,0.404096659,-1.458756571,-3.004672349,1.268511013,3.186065382,2.985998455,2.264837915,1.598327687,-1.185,-0.28,-0.28,-0.581666667,-2.795209116,2.973151821,-3.089306291,2.991279302
347,Li0.89__P0Co-P1Co-P2Mn-P3Co-P4Co-P5Co__P6Co-P7Co-P8Co,Mn,3.79541,1-2-3-Co-Mn-Co,-122.3042355,2.32703356,0.6911,2.1096,2.8007,0.89,7.692468091,2.216355463,1.873566118,79,160,389.9999989,173.9999989,157.9999989,110.5999992,115.1011151,42.89888488,4.571534985,9.639663794,1.937735337,1.914850048,1.92640604,1.926330475,8.36,5.78,8.377,7.505666667,5.001,17.516,27.518,11.68133991,7.788566479,3.892773432,58.41838089,4.03747142,2.593636797,1.56,1.89,1.56,5.01,1.67,-1.434242703,-2.388149316,1.239551827,2.988382547,2.937131925,-1.475486678,-4.169594846,1.296520288,3.52286041,3.034154958,-1.485346349,-2.458293222,1.236562408,3.015913743,2.951554616,-3.656536932,-4.532115464,1.480211958,6.457236932,2.726333582,1.831390843,3.8534832,3.3458236,2.727314802,2.054613868,3.843532,3.356159333,7.88101,51,55,59,7.434038,59,68,77,7.88101,51,55,59,7.732019333,2.48314856,3.28671184,2.48314856,2.751002987,0.371987383,0.45016285,0.384158879,0.402103037,-1.465025243,-3.005345795,1.257544841,3.1757189,2.9742805,2.191511689,1.526769669,-0.28,-1.185,-0.28,-0.581666667,-2.814162913,2.964443797,-3.075275852,2.977931393
348,Li0.89__P0Co-P1Co-P2Co-P3Mn-P4Co-P5Co__P6Co-P7Co-P8Co,Mn,3.80088785,1-2-3-Co-Co-Mn,-122.2672659,2.29795269,0.6727,2.0795,2.7522,0.89,7.640610909,2.241338207,1.817639136,79,160,390.0000006,174.0000006,158.0000006,110.6000004,115.3253368,42.6746632,4.567192571,9.434279998,1.935822553,1.922844362,1.9177507,1.925472538,8.364,8.345,5.805,7.504666667,5.002,17.512,27.516,11.68755243,7.793533047,3.89401938,58.46113724,4.035131042,2.596168145,1.56,1.56,1.89,5.01,1.67,-1.443135434,-2.400978905,1.23952362,2.99414889,2.940926715,-1.492206742,-2.440793733,1.159602764,2.971032617,2.920348916,-1.40754791,-4.131666455,1.399718296,3.561530461,3.059915403,-3.637105568,-4.513079145,1.506029383,6.389305568,2.730687467,1.835755503,3.870342451,3.328316171,3.83426073,3.360586928,2.727424364,2.058364573,7.88101,51,55,59,7.88101,51,55,59,7.434038,59,68,77,7.732019333,2.48314856,2.48314856,3.28671184,2.751002987,0.372699534,0.377535897,0.448045221,0.399426884,-1.447630029,-2.991146364,1.26628156,3.175570656,2.973730345,2.189475539,1.52193278,-0.28,-0.28,-1.185,-0.581666667,-2.808298043,2.959921065,-3.060638903,2.978934051
349,Li0.89__P0Co-P1Fe-P2Co-P3Co-P4Co-P5Co__P6Co-P7Co-P8Co,Fe,3.589126325,1-2-3-Fe-Co-Co,-119.1421343,2.18089614,0.1036,2.1308,2.2344,0.89,7.18137883,1.404366294,1.601009916,80,161,391.9999999,175.9999999,159.9999999,111.9999999,118.5517637,41.44823625,2.973493846,8.632113758,1.881593123,1.918154195,1.930260055,1.910002458,7.356,8.356,8.374,8.028666667,5.001,19.085,29.087,12.60399988,7.855890656,4.748109221,63.03260339,4.223982242,2.615593148,1.61,1.56,1.56,4.73,1.576666667,-1.63712584,-3.29083793,1.09548797,3.347408307,3.226669385,-1.350694571,-2.313859452,1.330281142,2.998398237,2.944059712,-1.406221996,-2.391704657,1.328099382,3.020180728,2.948374864,-3.632621686,-4.509291719,1.442842037,5.867021686,2.730047393,1.856005265,3.651948037,2.396847205,3.863777466,3.324360493,3.908535102,3.275626687,7.9024681,58,62,66,7.88101,51,55,59,7.88101,51,55,59,7.8881627,3.778409415,2.48314856,2.48314856,2.914902178,0.444184813,0.378541355,0.389918692,0.404214953,-1.464680802,-2.665467346,1.251289498,3.121995757,3.03970132,2.167940883,1.843824373,-0.447,-0.28,-0.28,-0.335666667,-2.616926877,3.025195737,-2.696751689,3.048965515
350,Li0.89__P0Co-P1Co-P2Fe-P3Co-P4Co-P5Co__P6Co-P7Co-P8Co,Fe,3.570257835,1-2-3-Co-Fe-Co,-119.2225673,2.16844724,0.0942,2.1227,2.2169,0.89,7.133661312,1.386375894,1.5415822,80,161,392.0000014,176.0000014,160.0000014,112.000001,118.7686201,41.23137985,3.085860732,8.339704015,1.908807047,1.907890311,1.916321032,1.91100613,8.376,7.334,8.386,8.032,4.997,19.099,29.093,12.60821103,7.844589423,4.763621607,63.00323052,4.23012964,2.614542352,1.56,1.61,1.56,4.73,1.576666667,-1.323237168,-2.29914563,1.392034944,3.02165213,2.962328849,-1.632629944,-3.294242795,1.091751883,3.333973246,3.20671959,-1.374975774,-2.363840287,1.373775867,3.040491101,2.97115074,-3.503312988,-4.380680111,1.547497525,5.720212988,2.724526608,1.852813056,3.869883595,3.319492142,3.637972978,2.390935084,3.871081712,3.318859893,7.88101,51,55,59,7.9024681,58,62,66,7.88101,51,55,59,7.8881627,2.48314856,3.778409415,2.48314856,2.914902178,0.377720657,0.453039671,0.387085681,0.40594867,-1.443614296,-2.652409571,1.285854231,3.132038826,3.04673306,2.059698693,1.728270541,-0.28,-0.447,-0.28,-0.335666667,-2.603376257,3.034513963,-2.689885399,3.056046386
351,Li0.89__P0Co-P1Co-P2Co-P3Fe-P4Co-P5Co__P6Co-P7Co-P8Co,Fe,3.763872135,1-2-3-Co-Co-Fe,-119.2372769,2.16941732,0.067,2.1405,2.2075,0.89,7.178497147,1.409769445,1.572167969,80,161,392.0000003,176.0000003,160.0000003,112.0000002,118.6289543,41.3710457,3.084411043,8.493837378,1.906847278,1.914060499,1.910912905,1.910606894,8.378,8.355,7.363,8.032,4.997,19.099,29.093,12.61183771,7.846216749,4.765620965,63.02135306,4.230714203,2.615439165,1.56,1.56,1.61,4.73,1.576666667,-1.353277727,-2.332003471,1.366465474,3.02565871,2.965738453,-1.382739485,-2.344586624,1.295253199,2.995048468,2.94092556,-1.642429364,-3.347868463,1.138240844,3.3746114,3.222562673,-3.513552089,-4.390799382,1.535642324,5.721052089,2.725092595,1.854507497,3.872486056,3.314278546,3.859396971,3.329073852,3.358622177,2.658949593,7.88101,51,55,59,7.88101,51,55,59,7.9024681,58,62,66,7.8881627,2.48314856,2.48314856,3.778409415,2.914902178,0.378782009,0.378621963,0.461351636,0.406251869,-1.459482192,-2.67481952,1.266653172,3.131772859,3.043075562,2.054069897,1.715979863,-0.28,-0.28,-0.447,-0.335666667,-2.623468488,3.029384674,-2.720461363,3.055249071
352,Li0.89__P0Co-P1Al-P2Co-P3Co-P4Co-P5Co__P6Co-P7Co-P8Co,Al,4.16422942,1-2-3-Al-Co-Co,-127.7002071,1.99805769,0,1.99805769,1.99805769,0.89,6.625423324,0.008370318,0.582560746,67,148,382.0000017,166.0000017,150.0000017,105.0000012,110.2296921,39.77030785,0.040509513,5.659456045,1.887550182,1.914382369,1.920427682,1.907453411,0.724,8.358,8.392,5.824666667,5.043,12.431,22.517,9.119324869,7.931964587,1.187360282,45.98875531,4.184300369,2.632038079,1.83,1.56,1.56,4.95,1.65,-5.924991152,-6.49679992,4.836550539,5.762829672,5.306154392,-1.225584398,-2.218478618,1.492507856,3.016780961,2.947012218,-1.222155895,-2.24526231,1.575188413,3.063959321,2.975859397,-3.18709756,-3.906500933,2.263277296,5.18515525,2.67247262,1.823663216,0,0,3.885574496,3.262347024,3.9356219,3.212749804,5.985769,56.8,57.8,58.8,7.88101,51,55,59,7.88101,51,55,59,7.249263,6.91638435,2.48314856,2.48314856,3.960893823,0.038458634,0.403707848,0.411847595,0.284671359,-2.790910482,-3.653513616,2.634748936,3.947856651,3.743008669,0.396187078,0.252987317,-1.676,-0.28,-0.28,-0.745333333,-2.428387032,3.069477813,-2.424059762,3.067162493
353,Li0.89__P0Co-P1Co-P2Al-P3Co-P4Co-P5Co__P6Co-P7Co-P8Co,Al,4.11993449,1-2-3-Co-Al-Co,-127.7441202,2.00318995,0,2.00318995,2.00318995,0.89,6.684460587,0.064480332,0.579079677,67,148,381.9999995,165.9999995,149.9999995,104.9999997,110.1025272,39.8974728,0.344406295,5.555574299,1.914113436,1.900263373,1.907396915,1.907257908,8.369,0.715,8.377,5.820333333,5.042,12.419,22.503,9.140372191,7.930827253,1.209544938,46.08575659,4.199079189,2.639416044,1.56,1.83,1.56,4.95,1.65,-1.19365898,-2.199346842,1.530687816,3.027726538,2.956460682,-5.782069736,-6.490615909,4.55370754,5.818012487,5.280502535,-1.199079663,-2.223881276,1.557182388,3.040087416,2.954045224,-3.119655236,-3.815167267,2.252626775,5.122845186,2.659114801,1.850010342,3.909249905,3.220677346,0,0,3.899569037,3.209508884,7.88101,51,55,59,5.985769,56.8,57.8,58.8,7.88101,51,55,59,7.249263,2.48314856,6.91638435,2.48314856,3.960893823,0.403259494,0.037811217,0.422472911,0.287847874,-2.724936127,-3.637948009,2.547192581,3.961942147,3.730336147,0.394719109,0.177219258,-0.28,-1.676,-0.28,-0.745333333,-2.407046968,3.061460582,-2.399247848,3.057039717
354,Li0.89__P0Co-P1Co-P2Co-P3Al-P4Co-P5Co__P6Co-P7Co-P8Co,Al,3.984550675,1-2-3-Co-Co-Al,-127.3840486,1.99825498,0,1.99825498,1.99825498,0.89,6.640784591,0.010762637,0.58624224,67,148,381.9999997,165.9999997,149.9999997,104.9999998,110.2737465,39.72625346,0.067218392,5.624782054,1.914099497,1.903550762,1.908413331,1.908687863,8.375,8.347,0.726,5.816,5.039,12.409,22.487,9.140809544,7.920141049,1.220668495,46.06053929,4.195535049,2.639879462,1.56,1.56,1.83,4.95,1.65,-1.208265739,-2.210467274,1.536607567,3.032685166,2.957760947,-1.218056184,-2.210705441,1.480968537,2.993366487,2.919994158,-5.78832885,-6.43133383,4.394648995,5.808598068,5.338257272,-3.110674375,-3.802230732,2.215903031,5.108929355,2.652428079,1.856393364,3.928083912,3.223812218,3.871267126,3.255599475,0,0,7.88101,51,55,59,7.88101,51,55,59,5.985769,56.8,57.8,58.8,7.249263,2.48314856,2.48314856,6.91638435,3.960893823,0.404263797,0.41979038,0.038163567,0.287405915,-2.738216924,-3.617502182,2.4707417,3.94488324,3.738670792,0.37245745,0.18472855,-0.28,-0.28,-1.676,-0.745333333,-2.405440615,3.049672247,-2.397407646,3.044739088
355,Li0.89__P0Co-P1Ni-P2Ni-P3Co-P4Co-P5Co__P6Co-P7Co-P8Co,Ni,2.643120015,1-2-3-Ni-Ni-Co,-114.9732018,2.14840055,0.1741,2.0641,2.2382,0.89,7.315071494,0.677926361,1.739483005,83,164,398.0000017,182.0000017,166.0000017,116.2000012,124.2046527,41.79534729,1.548703621,8.800475076,1.905709468,1.917330639,1.904531435,1.909190514,9.37,9.268,8.363,9.000333333,4.977,22.024,31.978,14.14171408,7.820663402,6.321050675,70.38331096,4.723017311,2.607006963,1.53,1.53,1.56,4.62,1.54,-2.776997082,-3.533950375,0.559566826,2.903232707,2.599565293,-2.035308344,-2.716738984,1.143262517,2.777338487,2.48742451,-1.281493731,-2.3215589,1.532389394,3.099411923,2.935784848,-2.827293671,-4.357678971,3.368145925,5.065493671,3.895653814,1.924007126,4.496269726,3.605102719,4.624288667,3.52175204,3.894495378,3.284248335,7.639878,46,49,52,7.639878,46,49,52,7.88101,51,55,59,7.720255333,2.02617786,2.02617786,2.48314856,2.178501427,0.704297734,0.483783853,0.381124363,0.52306865,-2.031266386,-2.857416086,1.078406245,2.926661039,2.674258217,0.796027285,1.500262884,-0.257,-0.257,-0.28,-0.264666667,-2.862963112,2.664767367,-2.987543064,2.646652524
356,Li0.89__P0Co-P1Ni-P2Co-P3Ni-P4Co-P5Co__P6Co-P7Co-P8Co,Ni,2.65432827,1-2-3-Ni-Co-Ni,-114.9873033,2.20833284,0.1214,2.1447,2.2661,0.89,7.447385167,0.682402093,1.873013568,83,164,398.0000013,182.0000013,166.0000013,116.2000009,124.0102736,41.98972636,1.574498581,9.016170294,2.036574323,1.887491534,1.90240164,1.942155832,9.272,8.361,9.37,9.001,4.977,22.026,31.98,13.90778519,7.696809472,6.210975718,69.21904689,4.639554966,2.561356673,1.53,1.56,1.53,4.62,1.54,-2.177457979,-2.846861392,0.968886877,2.763231022,2.493290127,-1.50699339,-2.564733307,1.323585732,3.113367139,2.948188864,-2.75135889,-3.506515132,0.582918051,2.889976348,2.59507266,-2.691137041,-4.091403054,3.2321344,4.957237041,3.715530513,1.924260408,4.621317241,3.534851045,3.829350559,3.331907947,4.510091207,3.589107176,7.639878,46,49,52,7.88101,51,55,59,7.639878,46,49,52,7.720255333,2.02617786,2.48314856,2.02617786,2.178501427,0.480507123,0.399149858,0.62258661,0.500747863,-2.145270086,-2.972703277,0.958463553,2.922191503,2.67885055,0.545866954,1.118699777,-0.257,-0.28,-0.257,-0.264666667,-2.981285755,2.668049505,-3.045284738,2.656340387
357,Li0.89__P0Co-P1Co-P2Ni-P3Ni-P4Co-P5Co__P6Co-P7Co-P8Co,Ni,2.741175065,1-2-3-Co-Ni-Ni,-115.060321,2.12923964,0.2489,2.0112,2.2601,0.89,7.358154294,0.710985505,1.785813104,83,164,397.9999995,181.9999995,165.9999995,116.1999997,124.2567405,41.74325948,1.620091473,8.812234476,1.898288357,1.92245962,1.917791266,1.912846414,8.378,9.269,9.353,9,4.974,22.026,31.974,14.11184181,7.801174394,6.310667418,70.19230117,4.712994927,2.599681074,1.56,1.53,1.53,4.62,1.54,-1.332598547,-2.388648224,1.51502391,3.127677791,2.961375224,-2.084591044,-2.770177545,1.10984521,2.786006292,2.488510041,-2.740996711,-3.491652145,0.578603432,2.881640525,2.572926737,-2.823005887,-4.394410633,3.397985943,5.083105887,3.94544305,1.906402216,3.860146524,3.317151415,4.616695449,3.529827089,4.523472209,3.579085155,7.88101,51,55,59,7.639878,46,49,52,7.639878,46,49,52,7.720255333,2.48314856,2.02617786,2.02617786,2.178501427,0.391403409,0.511777841,0.730712216,0.544631155,-2.052728767,-2.883492638,1.067824184,2.931774869,2.674270668,0.770277119,1.510917995,-0.28,-0.257,-0.257,-0.264666667,-2.892232448,2.664070357,-3.00144013,2.639539078
358,Li0.89__P0Co-P1Mn-P2Mn-P3Co-P4Co-P5Co__P6Co-P7Co-P8Co,Mn,3.888277,1-2-3-Mn-Mn-Co,-124.2997941,2.68463575,0.1341,2.6144,2.7485,0.89,8.40623765,3.979884684,2.324063117,77,158,386.0000029,170.0000029,154.0000029,107.800002,107.5457669,46.45423306,8.16555424,12.67580559,1.929664793,1.939939104,1.936720804,1.935441567,5.808,5.802,8.37,6.66,5.011,14.969,24.991,10.32240277,7.767257981,2.555144786,51.72556026,3.591077499,2.588745529,1.89,1.89,1.56,5.34,1.78,-1.449175082,-3.873682237,1.132825421,3.415474145,3.162842196,-1.390033033,-3.788172837,1.173211266,3.394150353,3.152009079,-1.937862204,-2.903265043,0.767849193,3.00419031,2.942727412,-4.080715303,-4.979948274,1.294462974,6.829215303,2.777107897,1.806362336,2.763991158,2.090478308,2.824717646,2.036471968,3.854544291,3.34777162,7.434038,59,68,77,7.434038,59,68,77,7.88101,51,55,59,7.583028667,3.28671184,3.28671184,2.48314856,3.018857413,0.368706588,0.366522588,0.383961412,0.373063529,-1.592356773,-3.521706706,1.024628627,3.271271603,3.085859562,2.48835853,1.458241568,-1.185,-1.185,-0.28,-0.883333333,-3.415874637,3.061396031,-3.51275722,3.083779554
359,Li0.89__P0Co-P1Mn-P2Co-P3Mn-P4Co-P5Co__P6Co-P7Co-P8Co,Mn,3.57986918,1-2-3-Mn-Co-Mn,-124.1595775,2.02849166,0.0105,2.0187,2.0292,0.89,8.286826521,3.586057168,3.438157626,77,158,386,170,154,107.8,107.8582296,46.14177042,10.5347524,11.77513888,1.921828522,1.936717509,1.940716424,1.933087485,5.821,8.322,5.826,6.656333333,5.016,14.953,24.985,10.32783164,7.784576097,2.543255546,51.80440352,3.585983376,2.594573466,1.89,1.56,1.89,5.34,1.78,-2.181217491,-4.073206288,1.060156913,3.618144881,3.268176635,-1.902330329,-2.800381894,0.661210066,2.922435537,2.895163625,-1.681593698,-4.233167291,1.195674414,3.607711807,3.194084829,-4.321633355,-5.212426806,1.295543041,6.350833355,2.871737065,1.887294949,3.239995555,2.709007568,3.864217567,3.352910464,2.770724226,2.208728072,7.434038,59,68,77,7.88101,51,55,59,7.434038,59,68,77,7.583028667,3.28671184,2.48314856,3.28671184,3.018857413,0.743770297,0.385918317,0.686137871,0.605275495,-1.921713839,-3.702251825,0.972347131,3.382764075,3.119141696,2.399919516,1.510174982,-1.185,-0.28,-1.185,-0.883333333,-3.54813161,3.083265103,-3.863136136,3.160903309
360,Li0.89__P0Co-P1Co-P2Mn-P3Mn-P4Co-P5Co__P6Co-P7Co-P8Co,Mn,3.68134902,1-2-3-Co-Mn-Mn,-124.2906097,2.7610994,0,2.7610994,2.7610994,0.89,9.014438668,4.404673346,2.872306574,77,158,386.0000006,170.0000006,154.0000006,107.8000004,105.7442736,48.25572635,8.88489608,14.30735788,1.966720638,1.927260948,1.925111865,1.939697817,8.341,5.766,5.796,6.634333333,5.01,14.893,24.913,10.24361492,7.749378079,2.494236844,51.32051076,3.571691768,2.576334453,1.56,1.89,1.89,5.34,1.78,-2.036117772,-2.982484953,0.606372371,2.956730512,2.905661165,-1.548297119,-4.049674001,1.101146635,3.437427918,3.091452938,-1.600273566,-4.169237605,1.114020329,3.498635426,3.116311927,-4.192206019,-5.103761901,1.239289818,6.953305419,2.791998386,1.784685144,3.852634795,3.336409202,2.807772786,2.028270041,2.791481479,2.042283879,7.88101,51,55,59,7.434038,59,68,77,7.434038,59,68,77,7.583028667,2.48314856,3.28671184,3.28671184,3.018857413,0.373356867,0.378135904,0.39232747,0.381273414,-1.728229486,-3.733798853,0.940513112,3.297597952,3.037808677,2.463976534,1.369963048,-0.28,-1.185,-1.185,-0.883333333,-3.590918979,3.012671006,-3.742340505,3.03933481
361,Li0.89__P0Co-P1Fe-P2Fe-P3Co-P4Co-P5Co__P6Co-P7Co-P8Co,Fe,3.686394445,1-2-3-Fe-Fe-Co,-119.4330637,2.18709704,0.0107,2.1847,2.1954,0.89,7.391731653,2.406702825,1.720752728,79,160,389.9999997,173.9999997,157.9999997,110.5999998,115.837958,42.16204195,4.848298124,9.202521392,1.908708692,1.917257799,1.925890112,1.917285534,7.351,7.325,8.385,7.687,5.002,18.059,28.063,12.02568664,7.826795007,4.198891635,60.15248458,4.034543268,2.607551984,1.61,1.61,1.56,4.78,1.593333333,-1.448374694,-3.026442308,1.183984304,3.274749176,3.20475458,-1.425282716,-2.977282092,1.189544293,3.256070213,3.188261913,-1.445507915,-2.430617742,1.293848355,3.038370996,2.973955139,-3.7030829,-4.595498253,1.46832838,5.8984829,2.752136501,1.839600798,3.458420981,2.595170083,3.436368242,2.646710531,3.88247648,3.304073852,7.9024681,58,62,66,7.9024681,58,62,66,7.88101,51,55,59,7.8953154,3.778409415,3.778409415,2.48314856,3.346655797,0.401286682,0.400646262,0.385489019,0.395807321,-1.439721775,-2.81144738,1.222458984,3.189730128,3.122323877,2.263361125,1.784050872,-0.447,-0.447,-0.28,-0.391333333,-2.78407685,3.111665211,-2.816424562,3.124262237
362,Li0.89__P0Co-P1Fe-P2Co-P3Fe-P4Co-P5Co__P6Co-P7Co-P8Co,Fe,3.592742235,1-2-3-Fe-Co-Fe,-119.224119,2.17498515,0,2.17498515,2.17498515,0.89,7.423139448,2.415390298,1.748095746,79,160,389.9999998,173.9999998,157.9999998,110.5999999,115.6946573,42.30534275,4.917179116,9.251357013,1.904826075,1.913075891,1.928363325,1.915421764,7.365,8.352,7.374,7.697,5.003,18.088,28.094,12.05620713,7.836074853,4.220132282,60.3172043,4.043331923,2.612233062,1.61,1.56,1.61,4.78,1.593333333,-1.405607313,-2.991426288,1.242748225,3.310528821,3.249249219,-1.432133292,-2.38618606,1.2306386,2.987491563,2.938128044,-1.464150534,-3.073978745,1.234284272,3.336288635,3.245268628,-3.613163841,-4.509828238,1.576128065,5.788148991,2.751998251,1.82574058,3.560181411,2.495249851,3.867003263,3.323651189,3.416793715,2.659033221,7.9024681,58,62,66,7.88101,51,55,59,7.9024681,58,62,66,7.8953154,3.778409415,2.48314856,3.778409415,3.346655797,0.399532854,0.373826859,0.419114149,0.397491287,-1.433963713,-2.817197031,1.235890366,3.21143634,3.144215297,2.179200127,1.692631207,-0.447,-0.28,-0.447,-0.391333333,-2.785767872,3.129159157,-2.830704819,3.150317261
363,Li0.89__P0Co-P1Co-P2Fe-P3Fe-P4Co-P5Co__P6Co-P7Co-P8Co,Fe,3.591742785,1-2-3-Co-Fe-Fe,-119.3429451,2.16099698,0,2.16099698,2.16099698,0.89,7.570555169,2.587524014,1.67708479,79,160,390.0000013,174.0000013,158.0000013,110.6000009,115.176358,42.82364199,5.412736859,9.398789134,1.930295105,1.922598409,1.924369321,1.925754279,8.365,7.35,7.352,7.689,5.001,18.066,28.068,11.97695799,7.790736309,4.186221683,59.89676692,4.017016584,2.594361241,1.56,1.61,1.61,4.78,1.593333333,-1.43445266,-2.400822256,1.244043754,2.990786443,2.935829895,-1.409585488,-3.026139781,1.173728472,3.268586378,3.214671739,-1.391882243,-3.001593505,1.244231335,3.294666842,3.232265893,-3.563912251,-4.453605449,1.554034383,5.724909231,2.719212998,1.800079572,3.874669335,3.301772364,3.55581809,2.387098884,3.5892233,2.404459567,7.88101,51,55,59,7.9024681,58,62,66,7.9024681,58,62,66,7.8953154,2.48314856,3.778409415,3.778409415,3.346655797,0.375459036,0.401800723,0.402901928,0.393387229,-1.411973464,-2.809518514,1.220667853,3.184679888,3.127589176,2.151938787,1.644086935,-0.28,-0.447,-0.447,-0.391333333,-2.778086355,3.112894649,-2.818820004,3.131966994
364,Li0.89__P0Co-P1Al-P2Al-P3Co-P4Co-P5Co__P6Co-P7Co-P8Co,Al,4.46127808,1-2-3-Al-Al-Co,-136.7319016,1.98030938,0,1.98030938,1.98030938,0.89,6.815134517,0.210501923,0.275671385,53,134,370.0000012,154.0000012,138.0000012,96.60000084,97.69841452,40.30158548,1.589916572,5.005375047,1.887302123,1.893677667,1.9273521,1.902777297,0.719,0.715,8.376,3.27,5.094,4.716,14.904,5.104398024,8.032099001,-2.927700978,26.00180353,3.710151017,2.651261801,1.83,1.83,1.56,5.22,1.74,-4.099162067,-6.47501001,7.233135823,7.101446875,5.260739906,-4.018726399,-6.508417799,7.067521064,7.138370105,5.258029895,-1.231493312,-2.260229688,1.567504586,3.05207089,2.934297784,-3.058796756,-3.712630196,3.727011697,5.039106136,2.83813506,1.796877447,0,0,0,0,3.914480917,3.235047914,5.985769,56.8,57.8,58.8,5.985769,56.8,57.8,58.8,7.88101,51,55,59,6.617516,6.91638435,6.91638435,2.48314856,5.438639087,0.038696421,0.038462823,0.434931565,0.170696937,-3.116460593,-5.081219166,5.289387158,5.763962623,4.484355862,-0.057663836,-1.36858897,-1.676,-1.676,-0.28,-1.210666667,-2.93796505,3.306699782,-2.897800637,3.28463073
365,Li0.89__P0Co-P1Al-P2Co-P3Al-P4Co-P5Co__P6Co-P7Co-P8Co,Al,4.349829995,1-2-3-Al-Co-Al,-136.3815036,1.86982509,0,1.86982509,1.86982509,0.89,6.871603685,0.28089722,0.268872836,53,134,370,154,138,96.6,97.64388492,40.35611508,1.986631059,4.939373914,1.887706666,1.919142775,1.902021572,1.902957004,0.721,8.343,0.726,3.263333333,5.092,4.698,14.882,5.110897501,8.027872487,-2.916974986,26.02469008,3.701678045,2.658802849,1.83,1.56,1.83,5.22,1.74,-4.119692511,-6.44653714,7.300353695,7.087662134,5.276370792,-1.215934732,-2.240594134,1.472723799,3.00479591,2.908574579,-4.175209613,-6.406701496,6.900585297,7.008840702,5.314761082,-3.020828208,-3.656510988,3.572658621,4.890653298,2.799733388,1.806417607,0,0,3.845252845,3.22798096,0,0,5.985769,56.8,57.8,58.8,7.88101,51,55,59,5.985769,56.8,57.8,58.8,6.617516,6.91638435,2.48314856,6.91638435,5.438639087,0.039070833,0.434435979,0.039134921,0.170880578,-3.170278952,-5.03127759,5.224554264,5.700432915,4.499902151,-0.149450744,-1.374766601,-1.676,-0.28,-1.676,-1.210666667,-2.92161752,3.296920118,-2.87918822,3.272723022
366,Li0.89__P0Co-P1Co-P2Al-P3Al-P4Co-P5Co__P6Co-P7Co-P8Co,Al,4.47137412,1-2-3-Co-Al-Al,-136.4685475,1.92879556,0,1.92879556,1.92879556,0.89,6.780701863,0.12597419,0.256715417,53,134,370.0000004,154.0000004,138.0000004,96.60000028,97.99272358,40.00727642,1.741736743,4.758476393,1.942898656,1.880318753,1.887841896,1.903686435,8.358,0.715,0.725,3.266,5.097,4.701,14.895,5.066110921,8.034018739,-2.967907818,25.82196736,3.673909287,2.636524995,1.56,1.83,1.83,5.22,1.74,-1.148437804,-2.14832773,1.583549384,3.018918423,2.926655338,-4.061196272,-6.250807325,7.195201489,6.929172552,5.229288632,-4.145788689,-6.219754727,7.125497028,6.893969141,5.284289821,-2.88765826,-3.421646006,3.646180647,4.81645382,2.670158463,1.827292573,3.911626467,3.248392583,0,0,0,0,7.88101,51,55,59,5.985769,56.8,57.8,58.8,5.985769,56.8,57.8,58.8,6.617516,2.48314856,6.91638435,6.91638435,5.438639087,0.41990705,0.037866341,0.038232485,0.165335292,-3.118474255,-4.87296326,5.301415967,5.614020039,4.48007793,-0.230815995,-1.451317254,-0.28,-1.676,-1.676,-1.210666667,-2.803472601,3.300215588,-2.775349863,3.284172317
367,Li0.89__P0Co-P1Ni-P2Ni-P3Ni-P4Co-P5Co__P6Co-P7Co-P8Co,Ni,2.168488005,1-2-3-Ni-Ni-Ni,-112.8745579,2.12176852,0.1178,2.004,2.1218,0.89,5.974387246,1.902733421,1.744198358,84,165,399.9999988,183.9999988,167.9999988,117.5999992,134.3825459,33.61745411,5.136220748,9.269894935,2.03383609,1.896543443,1.902668491,1.944349341,9.277,9.253,9.345,9.291666667,4.968,22.907,32.843,14.35173001,7.673246742,6.678483271,71.2993947,4.780761427,2.556260802,1.53,1.53,1.53,4.59,1.53,-2.18856401,-2.82492981,0.734177932,2.653169891,2.498807418,-2.124554661,-2.760226607,0.802947648,2.636163311,2.473924614,-2.729502499,-3.455552376,0.418852979,2.815528513,2.622999803,-3.127377409,-4.008322918,1.259930542,5.249177409,2.745878104,1.946310179,4.913149967,3.80735808,4.882960513,3.783643176,4.698034325,3.710015064,7.639878,46,49,52,7.639878,46,49,52,7.639878,46,49,52,7.639878,2.02617786,2.02617786,2.02617786,2.02617786,0.551061772,0.562966076,0.796690633,0.63690616,-2.34754039,-3.013569598,0.651992853,2.701620572,2.531910612,0.779837019,0.99475332,-0.257,-0.257,-0.257,-0.257,-3.002427992,2.52962342,-3.068809475,2.543259144
368,Li0.89__P0Co-P1Mn-P2Mn-P3Mn-P4Co-P5Co__P6Co-P7Co-P8Co,Mn,3.703579205,1-2-3-Mn-Mn-Mn,-126.1420998,2.71038593,0,2.71038593,2.71038593,0.89,9.077137672,5.88760213,2.688607421,75,156,382.000001,166.000001,150.000001,105.0000007,101.4694632,48.53053676,12.63007763,13.97959886,1.954249915,1.947262667,1.941747033,1.947753205,5.812,5.805,5.833,5.816666667,5.02,12.43,22.47,8.959134761,7.732039063,1.227095699,44.9748565,2.984622937,2.576622741,1.89,1.89,1.89,5.67,1.89,-1.313614283,-3.609121576,1.172361825,3.357015185,3.201810192,-1.359909711,-3.721986069,1.189742584,3.382507525,3.156535501,-1.661154175,-4.151185317,0.983505628,3.474689835,3.181548215,-4.23727727,-5.164112863,1.374020714,6.9476632,2.815664291,1.755162146,2.811254025,2.074394128,2.843831197,2.032115259,2.791695819,2.05857174,7.434038,59,68,77,7.434038,59,68,77,7.434038,59,68,77,7.434038,3.28671184,3.28671184,3.28671184,3.28671184,0.339257907,0.352492326,0.391355814,0.361035349,-1.444892723,-3.827430987,1.115203346,3.404737515,3.179964636,2.792384547,1.336681876,-1.185,-1.185,-1.185,-1.185,-3.819100122,3.179963405,-3.841715296,3.179754527
369,Li0.89__P0Co-P1Fe-P2Fe-P3Fe-P4Co-P5Co__P6Co-P7Co-P8Co,Fe,3.66784437,1-2-3-Fe-Fe-Fe,-119.4044494,2.17732481,0,2.17732481,2.17732481,0.89,8.375607284,4.087583379,1.884833176,78,159,387.9999998,171.9999998,155.9999998,109.1999999,110.4442266,45.55577342,7.918467433,12.08271475,1.918327018,1.926650565,1.939614,1.928197194,7.352,7.33,7.364,7.348666667,5.002,17.044,27.048,11.43366787,7.782559446,3.651108421,57.19120667,3.809837997,2.595538425,1.61,1.61,1.61,4.83,1.61,-1.296453763,-2.884004226,1.216154501,3.257562359,3.241936689,-1.531514929,-3.153404397,1.089774119,3.252145912,3.157492318,-1.297803031,-3.127511753,1.212297946,3.297430091,3.23765233,-3.688209322,-4.598002025,1.47351409,5.865534132,2.736585883,1.782712632,3.380757726,2.551305053,3.386735421,2.597464945,3.192704907,2.399090508,7.9024681,58,62,66,7.9024681,58,62,66,7.9024681,58,62,66,7.9024681,3.778409415,3.778409415,3.778409415,3.778409415,0.373267726,0.405101956,0.38498044,0.387783374,-1.375257241,-3.054973459,1.172742189,3.269046121,3.212360445,2.312952081,1.543028566,-0.447,-0.447,-0.447,-0.447,-3.053287392,3.211935157,-3.058397272,3.21111366
370,Li0.89__P0Co-P1Al-P2Al-P3Al-P4Co-P5Co__P6Co-P7Co-P8Co,Al,5.12289093,1-2-3-Al-Al-Al,-145.4641594,2.04438895,0.0559,2.0142,2.0701,0.89,7.023192101,0.001103,0,39,120,358.0000012,142.0000012,126.0000012,88.20000084,82.05291594,43.94708406,2.470161083,7.789778061,1.890119048,1.885751429,1.893838957,1.889903144,0.716,0.716,0.726,0.719333333,5.149,-2.991,7.307,1.141849938,8.173459736,-7.031609798,5.879385333,0.380628742,2.724455433,1.83,1.83,1.83,5.49,1.83,-2.936007515,-6.792103406,7.574871145,7.820892088,5.235806082,-2.655631234,-6.842115922,7.565046403,7.912304807,5.211861604,-3.041976176,-6.751920233,7.520584298,7.761007725,5.269709002,-3.347508649,-3.982116971,6.723382128,5.417608649,3.118838588,1.786160206,0,0,0,0,0,0,5.985769,56.8,57.8,58.8,5.985769,56.8,57.8,58.8,5.985769,56.8,57.8,58.8,5.985769,6.91638435,6.91638435,6.91638435,6.91638435,0.03920062,0.039561157,0.040147727,0.039636501,-2.877871642,-6.795379853,7.553500615,7.83140154,5.239125563,0.469637007,-2.813262882,-1.676,-1.676,-1.676,-1.676,-6.795139912,5.239286062,-6.795175405,5.239286493
371,Li0.89__P0Co-P1Co-P2Co-P3Co-P4Co-P5Co__P6Co-P7Co-P8Co,LCO,3.566751215,1-2-3-Co-Co-Co,-118.7739598,2.11368422,0.0123,2.1039,2.1162,0.89,6.591021094,0.441639366,1.069335115,81,162,394.0000003,178.0000003,162.0000003,113.4000002,122.1763801,39.82361991,1.623937684,6.852288605,1.900717667,1.906170815,1.909154086,1.905347523,8.382,8.364,8.394,8.38,4.994,20.146,30.134,13.19447928,7.863158929,5.331320355,65.89322954,4.397820964,2.621058116,1.56,1.56,1.56,4.68,1.56,-1.273681591,-2.280292743,1.479372058,3.050695654,2.973803727,-1.32702688,-2.328965648,1.40391565,3.032221122,2.954895275,-1.32187644,-2.350849566,1.478356614,3.075834093,2.982967977,-3.19919605,-4.185422066,2.04170248,5.31539605,2.909286799,1.870276939,3.911348465,3.253584764,3.911679839,3.244670031,3.943774235,3.21331978,7.88101,51,55,59,7.88101,51,55,59,7.88101,51,55,59,7.88101,2.48314856,2.48314856,2.48314856,2.48314856,0.389483929,0.394697194,0.402218878,0.395466667,-1.307528304,-2.320035985,1.453881441,3.052916956,2.970555659,1.891667746,1.86538608,-0.28,-0.28,-0.28,-0.28,-2.320003743,2.970559934,-2.32040598,2.97062008
372,Li0.89__P0Mn-P1Co-P2Ni-P3Mn-P4Co-P5Ni__P6Mn-P7Ni-P8Co,NMC,3.408730965,0-1-2-3-4-5-6-7-8-Mn-Co-Ni-Mn-Co-Ni-Mn-Ni-Co,-123.2246232,1.75088264,0,1.75088264,1.75088264,0.89,7.221213949,3.372576997,1.337809512,80,161,387.9999973,171.9999973,155.9999973,109.1999981,112.3002024,43.69979763,19.63981069,8.273613561,1.920981618,1.967287951,1.912065038,1.933444869,8.331,9.152,5.802,7.761666667,4.997,18.288,28.282,12.02335055,7.754724106,4.268626444,60.0806827,4.187332265,2.578110998,1.56,1.53,1.89,4.98,1.66,-1.46080254,-2.492360356,1.320026946,3.056855098,2.897806317,-1.819372705,-2.441282118,1.238001482,2.581751706,2.304567438,-1.188036504,-4.004660321,1.654729037,3.641258754,3.038271463,-2.708834653,-4.203333978,3.662464331,4.459717293,3.800956221,1.855384755,3.835953205,3.33125338,4.637792296,3.54559246,2.715384269,2.052022249,7.88101,51,55,59,7.639878,46,49,52,7.434038,59,68,77,7.651642,2.48314856,2.02617786,3.28671184,2.59867942,0.42293118,0.631369101,0.621916854,0.558739045,-1.489403916,-2.979434265,1.404252488,3.09328852,2.746881739,1.219430737,1.223899713,-0.28,-0.257,-1.185,-0.574,-2.80078369,2.678385526,-3.034220713,2.726471082
373,Li0.89__P0Co-P1Ni-P2Co-P3Co-P4Co-P5Co__P6Co-P7Ni-P8Mn,Ni,3.132378755,1-2-3-7-8-Ni-Co-Co-Ni-Mn,-117.9350066,2.03952567,0.0628,2.0094,2.0722,0.89,7.131343502,0.006754032,1.597249336,82,163,394.0000021,178.0000021,162.0000021,113.4000015,119.165047,42.83495301,6.823672755,9.042570842,1.909090478,1.906771457,1.906892005,1.907584647,9.35,8.34,8.374,8.688,4.985,21.079,31.049,13.66294468,7.839759401,5.82318528,68.10977924,4.561532989,2.612686403,1.53,1.56,1.56,4.65,1.55,-2.746481125,-3.425978119,0.355158759,2.754575217,2.573789512,-1.292834216,-2.261340898,1.3820875,2.985878169,2.920993382,-1.288617698,-2.27971148,1.449774871,3.023160539,2.944404602,-3.43550759,-4.380936542,1.570041146,5.50770759,2.851071365,1.887774247,4.520609971,3.589368242,3.867554937,3.310209124,3.891647675,3.289549838,7.639878,46,49,52,7.88101,51,55,59,7.88101,51,55,59,7.800632667,2.02617786,2.48314856,2.48314856,2.330824993,0.731258629,0.379376142,0.385867005,0.498833926,-1.77597768,-2.655676832,1.062340376,2.921204642,2.813062499,1.659529911,1.725259709,-0.257,-0.28,-0.28,-0.272333333,-2.67156008,2.80812815,-2.835172238,2.757370316
374,Li0.89__P0Co-P1Co-P2Ni-P3Co-P4Co-P5Co__P6Co-P7Ni-P8Mn,Ni,3.17454316,1-2-3-7-8-Co-Ni-Co-Ni-Mn,-118.0264781,1.72348885,0,1.72348885,1.72348885,0.89,7.002695163,0.216878979,1.32667817,82,163,394.0000002,178.0000002,162.0000002,113.4000001,117.20856,44.79144004,7.81758262,9.954415765,1.917897409,1.917886607,1.909825146,1.915203054,8.362,9.326,8.379,8.689,4.979,21.088,31.046,13.60993969,7.799203818,5.810735871,67.76388971,4.545338018,2.59968752,1.56,1.53,1.56,4.65,1.55,-1.251307521,-2.268235691,1.397114663,3.006245899,2.94509322,-2.359447449,-3.079560515,0.572922091,2.752362194,2.594365039,-1.645397185,-2.615218545,1.240121814,3.022618295,2.894611801,-3.288793353,-4.257823165,1.656838313,5.012282203,2.860687998,1.873108027,3.828274795,3.235534022,4.380844618,3.546193899,3.985424477,3.34876849,7.88101,51,55,59,7.639878,46,49,52,7.88101,51,55,59,7.800632667,2.48314856,2.02617786,2.48314856,2.330824993,0.382975916,0.746476178,0.447773298,0.525741798,-1.752050718,-2.65433825,1.070052856,2.927075462,2.811356687,1.536742634,1.603484915,-0.28,-0.257,-0.28,-0.272333333,-2.667267969,2.805337894,-2.75073129,2.764767399
375,Li0.89__P0Co-P1Co-P2Co-P3Ni-P4Co-P5Co__P6Co-P7Ni-P8Mn,Ni,3.20216635,1-2-3-7-8-Co-Co-Ni-Ni-Mn,-118.1152412,1.8686454,0.0194,1.8542,1.8736,0.89,7.129771792,0.027534136,1.617429182,82,163,394.0000009,178.0000009,162.0000009,113.4000006,119.3223404,42.67765958,3.21840439,9.259240392,1.912655515,1.905458232,1.920865093,1.912992947,8.363,8.348,9.359,8.69,4.98,21.09,31.05,13.62583717,7.809836271,5.816000898,67.8566691,4.551689304,2.602934746,1.56,1.56,1.53,4.65,1.55,-1.429870695,-2.39627499,1.336334041,3.002201242,2.911340769,-1.385182978,-2.393429819,1.309122788,3.018256452,2.946904999,-2.700664838,-3.395750627,0.481484825,2.771425669,2.568660922,-3.407870947,-4.369196355,1.574746392,5.281470947,2.864910806,1.882210409,3.923183319,3.330536418,3.82510553,3.291967854,4.524443155,3.592568787,7.88101,51,55,59,7.88101,51,55,59,7.639878,46,49,52,7.800632667,2.48314856,2.48314856,2.02617786,2.330824993,0.403690838,0.406689791,1.091126963,0.633835864,-1.838572837,-2.728485145,1.042313885,2.930627787,2.808968897,1.56929811,1.640711209,-0.28,-0.28,-0.257,-0.272333333,-2.747966669,2.801840987,-2.96918762,2.722309911
376,Li0.89__P0Co-P1Ni-P2Ni-P3Co-P4Co-P5Co__P6Co-P7Ni-P8Mn,Ni,2.63542508,1-2-3-7-8-Ni-Ni-Co-Ni-Mn,-115.9313243,1.65123862,0,1.65123862,1.65123862,0.89,7.076620899,1.246415028,2.380350043,83,164,396.0000006,180.0000006,164.0000006,114.8000004,120.19016,43.80983997,5.08284208,9.574247245,1.909710801,1.919562488,1.908735975,1.912669755,9.36,9.255,8.348,8.987666667,4.975,21.988,31.938,14.09625187,7.803279868,6.292971998,70.12885303,4.710356059,2.600839129,1.53,1.53,1.56,4.62,1.54,-3.116811809,-3.582515242,0.379000145,2.786291876,2.629105714,-2.565768544,-3.14105062,0.529479543,2.613190745,2.429596915,-1.644805261,-2.593740354,1.103148422,2.976786401,2.886327806,-3.621446914,-4.416263269,1.479094505,5.272685534,2.838781469,2.024063478,5.048206746,3.688791565,4.74368986,3.553649605,3.937217744,3.332219147,7.639878,46,49,52,7.639878,46,49,52,7.88101,51,55,59,7.720255333,2.02617786,2.02617786,2.48314856,2.178501427,1.252623096,1.122894924,0.440166751,0.938561591,-2.442461871,-3.105768739,0.670542703,2.792089674,2.648343478,1.178985043,1.31049453,-0.257,-0.257,-0.28,-0.264666667,-3.123344543,2.638582128,-3.251887246,2.589752301
377,Li0.89__P0Co-P1Ni-P2Co-P3Ni-P4Co-P5Co__P6Co-P7Ni-P8Mn,Ni,2.673413155,1-2-3-7-8-Ni-Co-Ni-Ni-Mn,-115.998718,2.00128165,0.0698,1.9625,2.0323,0.89,7.387413744,0.739393048,1.791225203,83,164,396.0000015,180.0000015,164.0000015,114.8000011,120.903329,43.09667104,8.451587631,9.160744433,2.048842343,1.89060552,1.905044796,1.94816422,9.257,8.344,9.354,8.985,4.974,21.981,31.929,13.84168281,7.669577784,6.17210503,68.84853032,4.617609853,2.552254185,1.53,1.56,1.53,4.62,1.54,-2.194512092,-2.810179005,0.746561767,2.632937956,2.47223209,-1.562470702,-2.559656832,1.162947732,3.00620543,2.92191106,-2.781570232,-3.481303259,0.389941778,2.76981972,2.56782187,-3.18969071,-4.057668986,1.511432388,5.22199071,2.768973533,1.908577116,4.617464616,3.51832126,3.841441374,3.323905157,4.519140296,3.582703005,7.639878,46,49,52,7.88101,51,55,59,7.639878,46,49,52,7.720255333,2.02617786,2.48314856,2.02617786,2.178501427,0.550901538,0.417487949,0.929583333,0.632657607,-2.179517676,-2.950379699,0.766483759,2.802987702,2.65398834,1.010173034,1.107289288,-0.257,-0.28,-0.257,-0.264666667,-2.958821927,2.643437403,-3.083774036,2.61796348
378,Li0.89__P0Co-P1Co-P2Ni-P3Ni-P4Co-P5Co__P6Co-P7Ni-P8Mn,Ni,2.73656719,1-2-3-7-8-Co-Ni-Ni-Ni-Mn,-115.9862185,1.67613034,0,1.67613034,1.67613034,0.89,7.192918725,0.429445818,1.214513952,83,164,395.9999971,179.9999971,163.9999971,114.799998,120.8368592,43.16314085,7.531072214,9.11410691,1.90291862,1.927070578,1.920811772,1.916933657,8.368,9.253,9.341,8.987333333,4.971,21.991,31.933,14.06209214,7.779834322,6.282257822,69.90266005,4.696720739,2.593217463,1.56,1.53,1.53,4.62,1.54,-1.342498885,-2.342899273,1.409294877,3.018684158,2.929585847,-2.104743287,-2.764858134,0.546800032,2.586004964,2.45931514,-2.403469283,-3.13419834,0.644817607,2.767988579,2.57961555,-3.300739692,-4.255084729,1.531160543,4.976870032,2.845516236,1.871030494,3.880490057,3.298105666,4.369212732,3.50290044,4.427491142,3.542071925,7.88101,51,55,59,7.639878,46,49,52,7.639878,46,49,52,7.720255333,2.48314856,2.02617786,2.02617786,2.178501427,0.406121932,0.655913577,0.940775979,0.667603829,-1.950237152,-2.747318582,0.866970839,2.790892567,2.656172179,1.350502541,1.507766147,-0.28,-0.257,-0.257,-0.264666667,-2.758948007,2.647805713,-2.852784355,2.611183144
379,Li0.89__P0Co-P1Ni-P2Ni-P3Ni-P4Co-P5Co__P6Co-P7Ni-P8Mn,Ni,2.24304398,1-2-3-7-8-Ni-Ni-Ni-Ni-Mn,-113.9314254,1.89842197,0,1.89842197,1.89842197,0.89,7.233350124,1.370581694,1.82483916,84,165,397.9999962,181.9999962,165.9999962,116.1999973,120.7259634,45.27403658,10.07106202,10.28116216,2.028352206,1.897296537,1.905231222,1.943626655,9.273,9.237,9.314,9.274666667,4.967,22.857,32.791,14.32884294,7.673753932,6.655089006,71.17136287,4.774385512,2.556354566,1.53,1.53,1.53,4.59,1.53,-2.549309597,-3.118517881,0.53399738,2.618731747,2.444238033,-2.320883374,-2.931145269,0.736964946,2.630380702,2.443418336,-2.679749592,-3.358248859,0.360425911,2.725281012,2.546314923,-3.31698701,-4.134720391,1.348579213,5.21540898,2.763780211,1.941819471,4.755077464,3.564226046,4.67044548,3.52806378,4.516079514,3.557180727,7.639878,46,49,52,7.639878,46,49,52,7.639878,46,49,52,7.639878,2.02617786,2.02617786,2.02617786,2.02617786,0.871867188,0.756229167,0.994898177,0.87433151,-2.516647521,-3.13597067,0.543796079,2.658131154,2.477990431,0.800339489,0.998749722,-0.257,-0.257,-0.257,-0.257,-3.132499969,2.476847622,-3.155426566,2.482719331
380,Li0.89__P0Co-P1Mn-P2Co-P3Co-P4Co-P5Co__P6Co-P7Ni-P8Mn,Mn,3.83150126,1-2-3-7-8-Mn-Co-Co-Ni-Mn,-123.1580874,2.07232752,0.0925,2.0291,2.1216,0.89,7.742046208,2.196986205,1.930322642,79,160,387.9999993,171.9999993,155.9999993,109.1999995,111.5664647,44.43353531,11.32990215,10.21978774,1.89994486,1.932334654,1.935600674,1.92262673,5.785,8.335,8.368,7.496,5.007,17.481,27.495,11.68146601,7.813299604,3.868166407,58.48910032,4.038354368,2.599191751,1.89,1.56,1.56,5.01,1.67,-1.548623105,-4.217595725,1.20991279,3.520538032,3.044785549,-1.42586895,-2.378338943,1.228933718,2.970343138,2.910068031,-1.430856921,-2.407390953,1.289371411,3.007627895,2.93249167,-3.567684362,-4.588838035,1.926195193,5.689284362,2.971774443,1.823038152,2.730000949,2.073157726,3.859122466,3.335460201,3.882873133,3.312694681,7.434038,59,68,77,7.88101,51,55,59,7.88101,51,55,59,7.732019333,3.28671184,2.48314856,2.48314856,2.751002987,0.634168814,0.377416753,0.385549485,0.465711684,-1.468449659,-3.00110854,1.242739306,3.166169689,2.962448417,2.099234704,1.587729495,-1.185,-0.28,-0.28,-0.581666667,-2.794847911,2.948492332,-3.221206838,2.977405166
381,Li0.89__P0Co-P1Co-P2Mn-P3Co-P4Co-P5Co__P6Co-P7Ni-P8Mn,Mn,3.819530245,1-2-3-7-8-Co-Mn-Co-Ni-Mn,-123.2906963,2.27190717,0,2.27190717,2.27190717,0.89,8.338822027,2.100056282,2.526898771,79,160,387.9999989,171.9999989,155.9999989,109.1999992,107.9166964,48.08330357,11.92382903,13.4237309,1.946155259,1.917027559,1.929618535,1.930933784,8.346,5.766,8.361,7.491,4.999,17.474,27.472,11.62921764,7.767004656,3.862212982,58.13445897,4.026885862,2.585718948,1.56,1.89,1.56,5.01,1.67,-1.987250023,-2.923999894,0.719605725,2.964610264,2.887984203,-1.828767613,-4.493199444,0.926500823,3.509190817,3.032684746,-1.797563718,-2.781065467,0.87929795,3.006057667,2.945577037,-3.894050951,-4.911840493,1.553371247,6.165958121,2.963135274,1.822217502,3.907295737,3.360085737,2.742313321,2.052649625,3.819410136,3.327641372,7.88101,51,55,59,7.434038,59,68,77,7.88101,51,55,59,7.732019333,2.48314856,3.28671184,2.48314856,2.751002987,0.389267949,0.68061359,0.383737692,0.484539744,-1.871193785,-3.399421602,0.8418015,3.159952916,2.955415329,2.022857166,1.512418891,-0.28,-1.185,-0.28,-0.581666667,-3.208941934,2.941877947,-3.62099756,2.970939694
382,Li0.89__P0Co-P1Co-P2Co-P3Mn-P4Co-P5Co__P6Co-P7Ni-P8Mn,Mn,3.82263417,1-2-3-7-8-Co-Co-Mn-Ni-Mn,-123.2515483,2.00795405,0.1454,1.9368,2.0822,0.89,7.359716237,2.279747718,1.526713369,79,160,388.0000015,172.0000015,156.0000015,109.2000011,112.9555322,43.04446783,11.35991871,8.86572036,1.943759918,1.926760446,1.919340951,1.929953771,8.35,8.326,5.793,7.489666667,4.999,17.47,27.468,11.63526449,7.770869921,3.864394569,58.16468719,4.013685027,2.588060157,1.56,1.56,1.89,5.01,1.67,-1.308110307,-2.266164923,1.361495877,2.977457502,2.917043211,-1.343640683,-2.292119845,1.297381254,2.956177714,2.898208599,-1.269046911,-3.992410576,1.526767541,3.548920574,3.036087091,-3.363335916,-4.350715814,1.986910324,5.445535916,2.900000939,1.823026956,3.87527997,3.317905098,3.839469821,3.35144694,2.726477074,2.054831626,7.88101,51,55,59,7.88101,51,55,59,7.434038,59,68,77,7.732019333,2.48314856,2.48314856,3.28671184,2.751002987,0.373206582,0.378391392,0.487432152,0.413010042,-1.306932634,-2.850231781,1.395214891,3.16085193,2.9504463,2.056403282,1.500484032,-0.28,-0.28,-1.185,-0.581666667,-2.671279138,2.93702579,-2.953193216,2.95812289
383,Li0.89__P0Co-P1Mn-P2Mn-P3Co-P4Co-P5Co__P6Co-P7Ni-P8Mn,Mn,3.894487795,1-2-3-7-8-Mn-Mn-Co-Ni-Mn,-125.3987974,2.46094585,0,2.46094585,2.46094585,0.89,8.978513353,4.02157614,2.791136213,77,158,383.9999975,167.9999975,151.9999975,106.3999983,104.1665899,47.83341006,15.25528733,12.94387938,1.941131095,1.940397976,1.942471432,1.941333501,5.796,5.785,8.355,6.645333333,5.01,14.926,24.946,10.2684567,7.742102494,2.526354205,51.44496806,3.600479712,2.581945181,1.89,1.89,1.56,5.34,1.78,-1.609105798,-4.15205443,1.055180685,3.483840956,3.14486942,-1.673366527,-4.27006099,1.016300335,3.492666198,3.112520845,-1.876795379,-2.841221615,0.812148211,2.986852554,2.920331524,-4.012647476,-5.044044396,1.600761946,6.473593326,2.973021549,1.78151565,2.7417661,2.085323014,2.718118083,2.074986365,3.867292498,3.323277248,7.434038,59,68,77,7.434038,59,68,77,7.88101,51,55,59,7.583028667,3.28671184,3.28671184,2.48314856,3.018857413,0.422678005,0.487476471,0.381854987,0.430669821,-1.719755901,-3.754445678,0.961209743,3.321119902,3.059240596,2.292891575,1.289598718,-1.185,-1.185,-0.28,-0.883333333,-3.573389872,3.031762886,-3.809160172,3.066301819
384,Li0.89__P0Co-P1Mn-P2Co-P3Mn-P4Co-P5Co__P6Co-P7Ni-P8Mn,Mn,3.74975421,1-2-3-7-8-Mn-Co-Mn-Ni-Mn,-125.3289818,2.25294142,0,2.25294142,2.25294142,0.89,8.819189457,3.929298342,2.900369646,77,158,383.9999954,167.9999954,151.9999954,106.3999968,104.3739493,47.62605074,14.38701373,12.65762041,1.929544653,1.940444204,1.945121426,1.938370094,5.805,8.315,5.814,6.644666667,5.014,14.92,24.948,10.28259961,7.760216074,2.522383531,51.55695442,3.598693192,2.58621529,1.89,1.56,1.89,5.34,1.78,-1.708207303,-4.091553747,0.981945231,3.478450992,3.194233502,-1.797524137,-2.708656649,0.803199781,2.936713798,2.88966035,-1.640790716,-4.214476094,1.070621085,3.521333099,3.149809119,-4.02272335,-5.092992743,1.761028736,6.27566477,3.058741008,1.781954106,2.83718272,2.164993927,3.902280807,3.331804473,2.774016582,2.067705584,7.434038,59,68,77,7.88101,51,55,59,7.434038,59,68,77,7.583028667,3.28671184,2.48314856,3.28671184,3.018857413,0.603285455,0.372334545,0.594041299,0.523220433,-1.715507385,-3.671562164,0.951922033,3.312165963,3.07790099,2.307215965,1.42143058,-1.185,-0.28,-1.185,-0.883333333,-3.479678278,3.040497271,-3.810041161,3.105174146
385,Li0.89__P0Co-P1Co-P2Mn-P3Mn-P4Co-P5Co__P6Co-P7Ni-P8Mn,Mn,3.810128215,1-2-3-7-8-Co-Mn-Mn-Ni-Mn,-125.5094873,2.42853486,0,2.42853486,2.42853486,0.89,9.011352967,4.315414939,2.922166006,77,158,384.0000026,168.0000026,152.0000026,106.4000018,102.9674936,49.03250635,14.09134548,14.25342456,1.973415821,1.93072021,1.930223865,1.944786632,8.337,5.744,5.803,6.628,5.008,14.876,24.892,10.20609713,7.726100183,2.47999695,51.11213445,3.560684722,2.568072609,1.56,1.89,1.89,5.34,1.78,-1.940764029,-2.893101347,0.692817659,2.951701207,2.896014358,-1.674609072,-4.230310279,1.063780649,3.476530871,3.048129529,-1.659159786,-4.18610987,1.034632395,3.48442456,3.127623003,-4.039666363,-5.050699963,1.534473542,6.468201223,2.941362519,1.7844124,3.855138947,3.319614783,2.827927,2.041337177,2.799675957,2.064479069,7.88101,51,55,59,7.434038,59,68,77,7.434038,59,68,77,7.583028667,2.48314856,3.28671184,3.28671184,3.018857413,0.377668939,0.583218434,0.456835859,0.472574411,-1.758177629,-3.769840499,0.930410234,3.304218879,3.023922297,2.281488734,1.280859465,-0.28,-1.185,-1.185,-0.883333333,-3.599895483,2.999160881,-3.859846849,3.033222737
386,Li0.89__P0Co-P1Mn-P2Mn-P3Mn-P4Co-P5Co__P6Co-P7Ni-P8Mn,Mn,3.753014665,1-2-3-7-8-Mn-Mn-Mn-Ni-Mn,-127.400552,2.38485082,0,2.38485082,2.38485082,0.89,9.359733412,6.556665154,2.815877784,75,156,380.0000002,164.0000002,148.0000002,103.6000001,99.45517926,48.54482074,19.09804887,12.97004749,1.984332839,1.945661378,1.946743472,1.958912563,5.816,5.753,5.78,5.783,5.017,12.332,22.366,8.856856023,7.683987668,1.172868355,44.43484667,2.951005532,2.561447443,1.89,1.89,1.89,5.67,1.89,-1.501976426,-3.941466889,1.082230415,3.427480928,3.168271599,-1.451856435,-3.955254427,1.19590554,3.435467418,3.079172219,-1.515917126,-4.066264331,1.16785197,3.465546184,3.080517039,-4.036723552,-5.068720545,1.710854804,6.421574372,2.962685049,1.728497274,2.726849776,2.118245315,2.787162005,2.049875513,2.784002648,2.043827592,7.434038,59,68,77,7.434038,59,68,77,7.434038,59,68,77,7.434038,3.28671184,3.28671184,3.28671184,3.28671184,0.387878894,0.46333794,0.458291709,0.436502848,-1.489916662,-3.987661883,1.148662642,3.44283151,3.109320286,2.546806889,1.081058663,-1.185,-1.185,-1.185,-1.185,-3.987657074,3.109111075,-3.990020923,3.106034273
387,Li0.89__P0Co-P1Fe-P2Co-P3Co-P4Co-P5Co__P6Co-P7Ni-P8Mn,Fe,3.61624241,1-2-3-7-8-Fe-Co-Co-Ni-Mn,-120.1253129,1.70557159,0,1.70557159,1.70557159,0.89,7.194125752,1.9079305,1.138176231,80,161,389.9999986,173.9999986,157.9999986,110.599999,115.9302006,42.06979944,10.38412702,8.08758822,1.886105931,1.922867252,1.933491042,1.914154741,7.341,8.338,8.36,8.013,4.998,19.041,29.037,12.55216418,7.834109128,4.718055056,62.73571659,4.212829502,2.607626931,1.61,1.56,1.56,4.73,1.576666667,-1.328385996,-3.223798105,1.18859213,3.309964082,3.218579759,-1.389796849,-2.331128902,1.340976829,2.967593345,2.883695033,-1.289154797,-2.285271813,1.426439609,2.998434699,2.916396614,-3.271527044,-4.260748436,1.910080912,4.977098634,2.867548345,1.822489286,3.113588541,2.408614094,3.932993213,3.339631523,3.902919205,3.248391448,7.9024681,58,62,66,7.88101,51,55,59,7.88101,51,55,59,7.8881627,3.778409415,2.48314856,2.48314856,2.914902178,0.435306616,0.39616743,0.391462087,0.407645377,-1.335779214,-2.613399607,1.318669523,3.091997375,3.006223802,1.93574783,1.647348829,-0.447,-0.28,-0.28,-0.335666667,-2.553635664,2.985303385,-2.634197467,3.013365718
388,Li0.89__P0Co-P1Co-P2Fe-P3Co-P4Co-P5Co__P6Co-P7Ni-P8Mn,Fe,3.45934788,1-2-3-7-8-Co-Fe-Co-Ni-Mn,-119.9428006,1.70047749,0,1.70047749,1.70047749,0.89,7.566403881,1.718592915,1.569858355,80,161,390.0000044,174.0000044,158.0000044,110.6000031,115.6699353,42.3300647,8.317243934,8.677507106,1.906323738,1.906726124,1.917254903,1.910101588,8.361,7.319,8.368,8.016,4.994,19.054,29.042,12.5890189,7.843616836,4.745402061,62.86956037,4.235825957,2.615158109,1.56,1.61,1.56,4.73,1.576666667,-1.31867385,-2.310196369,1.387767132,3.029926738,2.964935922,-1.534193325,-3.384478212,1.107596274,3.345892498,3.213598028,-1.376271756,-2.379077656,1.360977716,3.037822205,2.959333476,-3.389000883,-4.421336862,1.970737352,5.089478373,2.975037743,1.856594851,3.857272923,3.301923535,3.263551271,2.423944417,3.87585737,3.282452039,7.88101,51,55,59,7.9024681,58,62,66,7.88101,51,55,59,7.8881627,2.48314856,3.778409415,2.48314856,2.914902178,0.376349227,0.537372938,0.389270361,0.434330842,-1.409712977,-2.691250746,1.285447041,3.13788048,3.045955809,1.979287906,1.730086116,-0.28,-0.447,-0.28,-0.335666667,-2.626232589,3.030239286,-2.773824073,3.06581403
389,Li0.89__P0Co-P1Co-P2Co-P3Fe-P4Co-P5Co__P6Co-P7Ni-P8Mn,Fe,3.597134575,1-2-3-7-8-Co-Co-Fe-Ni-Mn,-120.2211739,1.72304831,0,1.72304831,1.72304831,0.89,7.023959683,1.015672911,3.324655959,80,161,389.9999997,173.9999997,157.9999997,110.5999998,112.1107623,45.88923768,10.09040185,10.70136383,1.914109303,1.916724261,1.913411398,1.914748321,8.368,8.337,7.349,8.018,4.994,19.06,29.048,12.56213865,7.824531372,4.737607279,62.73532042,4.20180137,2.608097746,1.56,1.56,1.61,4.73,1.576666667,-3.858362349,-4.361605832,0.514295231,3.084781762,2.843247181,-1.9596776,-2.870012648,0.765332787,3.000397218,2.932828593,-1.268551446,-2.63296514,1.417654249,3.374659637,3.374609284,-4.790295856,-5.602289083,1.752595806,6.513344166,3.060606843,2.00543653,4.86282895,3.694589749,3.924742352,3.391644483,3.503945225,2.924502031,7.88101,51,55,59,7.88101,51,55,59,7.9024681,58,62,66,7.8881627,2.48314856,2.48314856,3.778409415,2.914902178,1.225950794,0.441282011,0.36122381,0.676152205,-2.362197131,-3.28819454,0.899094089,3.153279539,3.050228352,2.428098725,2.314094543,-0.28,-0.28,-0.447,-0.335666667,-3.313132957,3.037033916,-3.729283007,2.957359214
390,Li0.89__P0Co-P1Fe-P2Fe-P3Co-P4Co-P5Co__P6Co-P7Ni-P8Mn,Fe,3.8815937,1-2-3-7-8-Fe-Fe-Co-Ni-Mn,-120.4234002,1.95960778,0,1.95960778,1.95960778,0.89,7.250850169,2.330555236,1.645482049,79,160,387.9999972,171.9999972,155.9999972,109.199998,112.4196553,43.5803447,11.69333283,9.478714642,1.915270926,1.920374355,1.929373618,1.921672966,7.333,7.314,8.369,7.672,4.999,18.017,28.015,11.97501078,7.804209233,4.170801548,59.8630789,4.015769875,2.600679902,1.61,1.61,1.56,4.78,1.593333333,-1.453533572,-2.997148298,1.196998965,3.262583194,3.175958093,-1.40266874,-2.955133162,1.206469017,3.246951382,3.168918473,-1.419787164,-2.403801063,1.307297488,3.020899447,2.947441311,-3.528524397,-4.549034002,1.897399537,5.488132177,2.95693121,1.828471499,3.504188834,2.62518349,3.446112382,2.636519853,3.88876277,3.296001606,7.9024681,58,62,66,7.9024681,58,62,66,7.88101,51,55,59,7.8953154,3.778409415,3.778409415,2.48314856,3.346655797,0.403093316,0.399966838,0.383491774,0.395517309,-1.425329825,-2.785360841,1.236921823,3.176811341,3.097439293,2.103194571,1.763673162,-0.447,-0.447,-0.28,-0.391333333,-2.758875932,3.087028945,-2.791216775,3.099728879
391,Li0.89__P0Co-P1Fe-P2Co-P3Fe-P4Co-P5Co__P6Co-P7Ni-P8Mn,Fe,3.6492047,1-2-3-7-8-Fe-Co-Fe-Ni-Mn,-120.3430073,1.77902496,0,1.77902496,1.77902496,0.89,7.535278238,2.553207599,1.737820811,79,160,387.9999982,171.9999982,155.9999982,109.1999987,112.3430313,43.65696871,11.47253892,9.601203222,1.915759477,1.927175098,1.924675282,1.922536619,7.351,8.334,7.359,7.681333333,5,18.044,28.044,11.98508697,7.802242838,4.182844136,59.92543487,4.01899229,2.5986821,1.61,1.56,1.61,4.78,1.593333333,-1.329906005,-2.936850058,1.238111639,3.270898442,3.220948124,-1.539466908,-2.477385561,1.159005577,2.976797902,2.907688318,-1.419936407,-3.057908167,1.224997821,3.304648646,3.213021772,-3.536351485,-4.557634016,1.918275277,5.315376445,2.966841148,1.821360672,3.448777895,2.508790765,3.908071385,3.348842773,3.420167682,2.569558095,7.9024681,58,62,66,7.88101,51,55,59,7.9024681,58,62,66,7.8953154,3.778409415,2.48314856,3.778409415,3.346655797,0.394813846,0.386066154,0.440941026,0.407273675,-1.429769773,-2.824047929,1.207371679,3.184114996,3.113886071,2.106581712,1.733586087,-0.447,-0.28,-0.447,-0.391333333,-2.796775273,3.097599271,-2.835358758,3.119105006
392,Li0.89__P0Co-P1Co-P2Fe-P3Fe-P4Co-P5Co__P6Co-P7Ni-P8Mn,Fe,3.962956865,1-2-3-7-8-Co-Fe-Fe-Ni-Mn,-120.4581378,1.86873154,0,1.86873154,1.86873154,0.89,8.349996087,2.751813509,1.443037138,79,160,387.999999,171.999999,155.999999,109.1999993,111.545617,44.45438298,11.2478684,10.3240909,1.939351615,1.920722303,1.930912308,1.930328742,8.348,7.31,7.344,7.667333333,4.993,18.009,27.995,11.91377484,7.759939015,4.153835823,59.48547777,3.978457581,2.586861076,1.56,1.61,1.61,4.78,1.593333333,-1.169796118,-2.593705673,1.288591881,3.05871307,3.006075293,-1.645812184,-3.303373876,1.063751392,3.257800462,3.085552883,-1.084305774,-2.643178565,1.345388902,3.244167953,3.256066887,-3.373265518,-4.354380534,1.885274324,5.241997058,2.853569559,1.770156715,3.518245246,2.637915082,3.293060222,2.735669703,3.418580141,2.489009392,7.88101,51,55,59,7.9024681,58,62,66,7.9024681,58,62,66,7.8953154,2.48314856,3.778409415,3.778409415,3.346655797,0.374784456,0.561516839,0.380849482,0.439050259,-1.299971359,-2.846752705,1.232577392,3.186893828,3.115898354,2.07329416,1.507627829,-0.28,-0.447,-0.447,-0.391333333,-2.839280519,3.114024972,-2.910550471,3.112241707
393,Li0.89__P0Co-P1Fe-P2Fe-P3Fe-P4Co-P5Co__P6Co-P7Ni-P8Mn,Fe,3.67100091,1-2-3-7-8-Fe-Fe-Fe-Ni-Mn,-120.451458,1.76435625,0,1.76435625,1.76435625,0.89,7.798698189,3.473802261,2.151804868,78,159,386.000002,170.000002,154.000002,107.8000014,109.334655,44.66534502,12.70112767,10.51901607,1.926902855,1.937750274,1.916770641,1.927141257,7.338,7.32,7.347,7.335,5,17.005,27.005,11.41876969,7.783703609,3.635066082,57.09384845,3.806349178,2.594536196,1.61,1.61,1.61,4.83,1.61,-1.720367277,-4.01522158,1.08590917,3.459551717,3.081018517,-1.541467903,-2.836027431,1.210967847,3.238853763,3.165978962,-1.171210584,-2.512621764,1.477563002,3.246967231,3.218995258,-3.71532387,-4.710829897,1.816848175,5.47968012,2.951876535,1.83180999,3.024135168,2.302254658,3.58693701,3.007910583,3.607684741,2.823160254,7.9024681,58,62,66,7.9024681,58,62,66,7.9024681,58,62,66,7.9024681,3.778409415,3.778409415,3.778409415,3.778409415,0.758129949,0.473056091,0.374007107,0.535064382,-1.477681921,-3.121290258,1.258146673,3.315124237,3.155330913,2.237641948,1.589539639,-0.447,-0.447,-0.447,-0.447,-3.038971609,3.16216775,-3.317605853,3.138204992
394,Li0.89__P0Co-P1Al-P2Co-P3Co-P4Co-P5Co__P6Co-P7Ni-P8Mn,Al,4.21323088,1-2-3-7-8-Al-Co-Co-Ni-Mn,-128.7413869,1.78560885,0,1.78560885,1.78560885,0.89,6.726258452,0.435675115,0.570590167,67,148,379.9999998,163.9999998,147.9999998,103.5999999,106.8963363,41.1036637,6.692267841,6.088475054,1.894459191,1.91728951,1.924173035,1.911973912,0.721,8.34,8.376,5.812333333,5.041,12.396,22.478,9.083513211,7.909977016,1.173536194,45.7899901,4.169542801,2.625682984,1.83,1.56,1.56,4.95,1.65,-3.787312801,-6.510520704,7.395029085,7.32390493,5.279434314,-1.249452966,-2.274856691,1.454694069,3.022768197,2.925952648,-1.238504119,-2.295044326,1.533555449,3.067925015,2.953334985,-2.993310037,-3.899207822,2.967023877,4.778918887,3.005976738,1.807700328,0,0,3.888868528,3.206895309,3.932805184,3.158133595,5.985769,56.8,57.8,58.8,7.88101,51,55,59,7.88101,51,55,59,7.249263,6.91638435,2.48314856,2.48314856,3.960893823,0.038332794,0.405043666,0.412343935,0.285240132,-2.091756629,-3.693473907,3.461092868,4.471532714,3.719573982,0.901553408,0.205733915,-1.676,-0.28,-0.28,-0.745333333,-2.479577726,3.047416058,-2.47432498,3.044573716
395,Li0.89__P0Co-P1Co-P2Al-P3Co-P4Co-P5Co__P6Co-P7Ni-P8Mn,Al,4.1313033,1-2-3-7-8-Co-Al-Co-Ni-Mn,-128.716324,1.63787288,0,1.63787288,1.63787288,0.89,6.670214841,0.344357252,0.636649693,67,148,379.9999993,163.9999993,147.9999993,103.5999995,105.27807,42.72192999,8.389462417,7.602276455,1.920267504,1.90263169,1.911138885,1.911346026,8.355,0.711,8.362,5.809333333,5.039,12.389,22.467,9.100050757,7.909198204,1.190852553,45.85515577,4.1825805,2.630636885,1.56,1.83,1.56,4.95,1.65,-1.316000032,-2.305594407,1.445628006,3.018845958,2.912628031,-3.538539856,-6.543816236,7.262044534,7.423256883,5.263356815,-1.287737182,-2.324126434,1.462158721,3.036547827,2.921382853,-2.962258254,-3.868206473,3.044253027,4.600131134,3.057853134,1.84192179,3.930813548,3.280030534,0,0,3.897506228,3.210429634,7.88101,51,55,59,5.985769,56.8,57.8,58.8,7.88101,51,55,59,7.249263,2.48314856,6.91638435,2.48314856,3.960893823,0.404797574,0.037536235,0.422290296,0.288208035,-2.04742569,-3.724512359,3.389943753,4.492883556,3.699122566,0.914832564,0.143694114,-0.28,-1.676,-0.28,-0.745333333,-2.506184984,3.023162762,-2.498641054,3.018956994
396,Li0.89__P0Co-P1Co-P2Co-P3Al-P4Co-P5Co__P6Co-P7Ni-P8Mn,Al,4.028604415,1-2-3-7-8-Co-Co-Al-Ni-Mn,-128.4551874,1.85954183,0,1.85954183,1.85954183,0.89,6.692277008,0.403614448,0.612114228,67,148,380.0000016,164.0000016,148.0000016,103.6000011,106.4619254,41.53807463,7.767432356,6.710778853,1.921117994,1.905070756,1.912514769,1.912901173,8.361,8.331,0.722,5.804666667,5.035,12.379,22.449,9.102732635,7.896475592,1.206257043,45.83225882,4.179353559,2.631928603,1.56,1.56,1.83,4.95,1.65,-1.239611397,-2.259671016,1.495074166,3.032829093,2.932695758,-1.343253327,-2.358940329,1.381599589,3.004787531,2.892886878,-3.830213848,-6.475723585,7.09019177,7.257795453,5.313610598,-2.97950881,-3.870028483,2.931085582,4.83905064,3.017490391,1.845805657,3.928189208,3.203475657,3.887636535,3.242340327,0,0,7.88101,51,55,59,7.88101,51,55,59,5.985769,56.8,57.8,58.8,7.249263,2.48314856,2.48314856,6.91638435,3.960893823,0.402036388,0.429546631,0.03821417,0.289932396,-2.137692857,-3.698111643,3.322288508,4.431804026,3.713064411,0.841815953,0.17191684,-0.28,-0.28,-1.676,-0.745333333,-2.501086975,3.023363546,-2.493925336,3.017640749
397,Li0.89__P0Co-P1Al-P2Al-P3Co-P4Co-P5Co__P6Co-P7Ni-P8Mn,Al,4.446950965,1-2-3-7-8-Al-Al-Co-Ni-Mn,-137.712504,1.860121,0.004,1.8578,1.8618,0.89,6.777622969,0.165305124,0.243402074,53,134,367.9999994,151.9999994,135.9999994,95.19999958,93.9799643,42.0200357,7.929899716,5.763834037,1.892850802,1.895635774,1.93097352,1.906486699,0.716,0.711,8.359,3.262,5.092,4.694,14.878,5.082241992,8.013304069,-2.931062077,25.87877622,3.701889665,2.645136651,1.83,1.83,1.56,5.22,1.74,-2.355555254,-6.453884815,8.037543747,7.940213394,5.239032396,-2.217612618,-6.46911487,7.944054171,7.970475526,5.244640099,-1.174996864,-2.201897092,1.621174966,3.047431362,2.907130972,-2.827353532,-3.699017594,4.64495319,4.689153532,3.233087746,1.785330377,0,0,0,0,3.90703807,3.253308972,5.985769,56.8,57.8,58.8,5.985769,56.8,57.8,58.8,7.88101,51,55,59,6.617516,6.91638435,6.91638435,2.48314856,5.438639087,0.03869876,0.038497107,0.429505234,0.168900367,-1.916054912,-5.041632259,5.867590961,6.319373427,4.463601156,0.911298619,-1.342614665,-1.676,-1.676,-0.28,-1.210666667,-2.878657227,3.278066354,-2.850844161,3.262821997
398,Li0.89__P0Co-P1Al-P2Co-P3Al-P4Co-P5Co__P6Co-P7Ni-P8Mn,Al,4.34384028,1-2-3-7-8-Al-Co-Al-Ni-Mn,-137.1582368,1.56970427,0,1.56970427,1.56970427,0.89,6.816861345,0.116676993,0.254494554,53,134,367.9999973,151.9999973,135.9999973,95.19999811,93.2317792,42.7682208,7.609907321,6.419260547,1.890980154,1.922491359,1.90255862,1.905343378,0.718,8.323,0.722,3.254333333,5.089,4.674,14.852,5.088464468,8.013101986,-2.924637518,25.89519568,3.693806801,2.652869799,1.83,1.56,1.83,5.22,1.74,-2.27718595,-6.488294669,8.06140616,7.989674499,5.255335097,-1.129008623,-2.13961224,1.579910685,3.018531233,2.904779746,-2.266071914,-6.41328012,7.969464292,7.954446417,5.299948542,-2.790496171,-3.683340344,4.746580648,4.360200441,3.281194732,1.797882694,0,0,3.843712288,3.273559958,0,0,5.985769,56.8,57.8,58.8,7.88101,51,55,59,5.985769,56.8,57.8,58.8,6.617516,6.91638435,2.48314856,6.91638435,5.438639087,0.038958178,0.418031215,0.039026915,0.16533877,-1.890755496,-5.013729009,5.870260379,6.32088405,4.486687795,0.899740676,-1.330388665,-1.676,-0.28,-1.676,-1.210666667,-2.834135392,3.287061272,-2.817422247,3.277850953
399,Li0.89__P0Co-P1Co-P2Al-P3Al-P4Co-P5Co__P6Co-P7Ni-P8Mn,Al,4.452329325,1-2-3-7-8-Co-Al-Al-Ni-Mn,-137.4545878,1.80857092,0,1.80857092,1.80857092,0.89,6.759872469,0.102167153,0.235916141,53,134,368.0000015,152.0000015,136.0000015,95.20000105,94.50136658,41.49863342,7.844946579,5.593629216,1.951067726,1.881269373,1.890044226,1.907460442,8.343,0.711,0.722,3.258666667,5.094,4.682,14.87,5.036058092,8.013799331,-2.977741239,25.65367992,3.655387428,2.624777225,1.56,1.83,1.83,5.22,1.74,-1.132760192,-2.134511083,1.599284908,3.01378031,2.899222698,-2.391553268,-6.236745709,7.914691035,7.745258725,5.208882375,-2.611085674,-6.206557038,7.822362594,7.663957762,5.257580823,-2.686061603,-3.429031084,4.650320571,4.494632523,3.061333303,1.814765686,3.909179493,3.255746648,0,0,0,0,7.88101,51,55,59,5.985769,56.8,57.8,58.8,5.985769,56.8,57.8,58.8,6.617516,2.48314856,6.91638435,6.91638435,5.438639087,0.416207859,0.038314024,0.038730894,0.164417593,-2.045133045,-4.859271277,5.778779512,6.140998932,4.455228632,0.640928559,-1.430240193,-0.28,-1.676,-1.676,-1.210666667,-2.785162972,3.270817036,-2.772899984,3.263809954
400,Li0.89__P0Co-P1Al-P2Al-P3Al-P4Co-P5Co__P6Co-P7Ni-P8Mn,Al,4.824591875,1-2-3-7-8-Al-Al-Al-Ni-Mn,-146.460709,1.79743485,0,1.79743485,1.79743485,0.89,7.034428153,0.004783247,0,39,120,356.0000015,140.0000015,124.0000015,86.80000105,81.84304776,42.15695224,7.658768038,5.189457951,1.895987766,1.888012361,1.896309632,1.893436586,0.713,0.712,0.722,0.715666667,5.146,-2.999,7.293,1.133912964,8.153462136,-7.019549172,5.835116112,0.377807249,2.717276745,1.83,1.83,1.83,5.49,1.83,-6.119141073,-6.399617461,3.160687079,5.386795018,5.20110969,-5.983691103,-6.26293932,4.151407004,5.40021052,5.188430935,-5.93229433,-6.230137383,3.804750584,5.449937595,5.239362833,-3.350665988,-3.468096763,3.63721147,5.148100838,1.997303634,1.775093006,0,0,0,0,0,0,5.985769,56.8,57.8,58.8,5.985769,56.8,57.8,58.8,5.985769,56.8,57.8,58.8,5.985769,6.91638435,6.91638435,6.91638435,6.91638435,0.039133764,0.039082288,0.039608303,0.039274785,-6.011708835,-6.297564721,3.705614889,5.412314378,5.209634486,-2.661042847,-2.829467959,-1.676,-1.676,-1.676,-1.676,-6.297280244,5.209754057,-6.297308285,5.209763481
401,Li0.78__P0Co-P1Ni-P2Co-P3Co-P4Co-P5Co__P6Co-P7Co-P8Co,Ni,3.2667966,1-2-3-Ni-Co-Co,-112.4990292,1.24452449,0,1.24452449,1.24452449,0.78,6.843735291,0.462510315,1.21894303,82,163,394.0000026,178.0000026,164.0000026,114.8000018,123.6216974,40.37830258,2.034208395,7.063274584,1.915752165,1.893789482,1.891628163,1.900389937,9.337,8.398,8.398,8.711,4.97,21.163,31.103,13.74786044,7.846015273,5.901845169,68.3268664,4.593084749,2.614581437,1.53,1.56,1.56,4.65,1.55,-2.510224807,-3.216815442,0.648810436,2.787868875,2.588529844,-1.355445152,-2.416168101,1.491208441,3.110524715,2.998072177,-1.360490324,-2.419536794,1.485706034,3.10889543,2.996094244,-3.150212497,-4.182988417,1.875020391,4.394736987,2.977106514,1.922226841,4.517252867,3.572539666,3.946847702,3.19398583,3.967350117,3.176598271,7.639878,46,49,52,7.88101,51,55,59,7.88101,51,55,59,7.800632667,2.02617786,2.48314856,2.48314856,2.330824993,1.219148564,0.444268668,0.444075979,0.702497737,-1.742053428,-2.684173446,1.208574971,3.002429673,2.860898755,1.408159069,1.498814971,-0.257,-0.28,-0.28,-0.272333333,-2.703316027,2.851110126,-2.88003864,2.760742208
402,Li0.78__P0Co-P1Co-P2Ni-P3Co-P4Co-P5Co__P6Co-P7Co-P8Co,Ni,2.877400045,1-2-3-Co-Ni-Co,-112.5838473,1.28751315,0.0874,1.238,1.3254,0.78,6.934947947,0.328081906,1.330162412,82,163,394.0000005,178.0000005,164.0000005,114.8000004,123.4138566,40.58614343,1.78659069,7.418779217,1.911160297,1.907175315,1.892826785,1.903720799,8.359,9.381,8.402,8.714,4.968,21.174,31.11,13.73143911,7.829013336,5.902425779,68.21778952,4.588707659,2.609533762,1.56,1.53,1.56,4.65,1.55,-1.390199268,-2.437395263,1.403983658,3.077620423,2.976484606,-2.603591603,-3.324132214,0.636708286,2.828445534,2.614910649,-1.330936197,-2.374057021,1.497725602,3.097655481,2.994566728,-3.201469106,-4.229104225,1.785099254,4.526869106,2.957967727,1.907013986,3.951529778,3.179738095,4.519440925,3.583000094,3.874999118,3.286500523,7.88101,51,55,59,7.639878,46,49,52,7.88101,51,55,59,7.800632667,2.48314856,2.02617786,2.48314856,2.330824993,0.441715405,1.231001044,0.432367624,0.701694691,-1.774909023,-2.711861499,1.179472515,3.001240479,2.861987328,1.426560083,1.517242726,-0.28,-0.257,-0.28,-0.272333333,-2.732414282,2.853686512,-2.942927902,2.768759034
403,Li0.78__P0Co-P1Co-P2Co-P3Ni-P4Co-P5Co__P6Co-P7Co-P8Co,Ni,3.322655625,1-2-3-Co-Co-Ni,-112.5697881,1.28257157,0.0863,1.2326,1.3189,0.78,6.910040353,0.327799459,1.314353854,82,163,394.0000011,178.0000011,164.0000011,114.8000008,123.5892027,40.41079734,1.761630409,7.296404468,1.911044566,1.893387732,1.905623666,1.903351988,8.358,8.401,9.379,8.712666667,4.968,21.17,31.106,13.73229306,7.830514195,5.901778866,68.22203193,4.589104356,2.610090787,1.56,1.56,1.53,4.65,1.55,-1.399356343,-2.444962247,1.397656158,3.077635933,2.975492651,-1.329680506,-2.373125861,1.502365005,3.099407986,2.995506896,-2.607852602,-3.327777755,0.630557443,2.827171021,2.613732407,-3.207727734,-4.236801382,1.782653516,4.526627734,2.961148135,1.90796908,3.980301944,3.156534125,3.880994387,3.282974487,4.510997244,3.591512476,7.88101,51,55,59,7.88101,51,55,59,7.639878,46,49,52,7.800632667,2.48314856,2.48314856,2.02617786,2.330824993,0.444230287,0.433679373,1.231681462,0.703197041,-1.77896315,-2.715288621,1.176859535,3.00140498,2.861577318,1.428764584,1.521512762,-0.28,-0.28,-0.257,-0.272333333,-2.735858622,2.853244066,-2.945624923,2.768393931
404,Li0.78__P0Co-P1Mn-P2Co-P3Co-P4Co-P5Co__P6Co-P7Co-P8Co,Mn,3.303419525,1-2-3-Mn-Co-Co,-117.9476934,1.21694509,0,1.21694509,1.21694509,0.78,7.207736033,2.676458021,1.286938067,79,160,388.0000018,172.0000018,158.0000018,110.6000013,117.0480051,40.95199492,6.381383017,7.124592763,1.910559393,1.918105559,1.917454648,1.9153732,5.773,8.391,8.392,7.518666667,4.994,17.562,27.55,11.77289248,7.821999213,3.950893265,58.79382504,4.057644133,2.606363795,1.89,1.56,1.56,5.01,1.67,-1.086803925,-3.835015363,1.711424508,3.563113327,3.044443543,-1.328485556,-2.368877459,1.488187835,3.091939506,2.990565847,-1.331450718,-2.370512368,1.486265242,3.090743137,2.989015989,-3.146998414,-4.215390708,2.270015875,4.363943504,3.025296163,1.84929116,2.724638449,2.043537514,3.936453888,3.217096207,3.951608781,3.205360178,7.434038,59,68,77,7.88101,51,55,59,7.88101,51,55,59,7.732019333,3.28671184,2.48314856,2.48314856,2.751002987,0.721288021,0.424182813,0.42271224,0.522727691,-1.2489134,-2.858135064,1.561959195,3.248598657,3.00800846,1.898085014,1.357255645,-1.185,-0.28,-0.28,-0.581666667,-2.713825444,3.002626166,-3.043670359,3.014929197
405,Li0.78__P0Co-P1Co-P2Mn-P3Co-P4Co-P5Co__P6Co-P7Co-P8Co,Mn,3.3641002,1-2-3-Co-Mn-Co,-117.7893162,1.25875577,0.0847,1.2118,1.2965,0.78,7.16612593,2.555788123,1.278340268,79,160,388.0000009,172.0000009,158.0000009,110.6000006,117.1300442,40.86995578,6.102250374,7.271270673,1.941857025,1.905148548,1.912578138,1.919861237,8.34,5.806,8.379,7.508333333,4.989,17.536,27.514,11.72338678,7.796404494,3.926982282,58.48797662,4.036378471,2.595893068,1.56,1.89,1.56,5.01,1.67,-1.363692853,-2.383266023,1.388376218,3.042854481,2.951158832,-1.144145729,-3.917916844,1.691777841,3.598867733,3.06128263,-1.273352594,-2.281268976,1.499469701,3.053361106,2.963484339,-3.113474578,-4.182675346,2.248111062,4.409974578,3.018925867,1.857846484,3.955463592,3.193610519,2.734682171,2.044032819,3.86162734,3.321902779,7.88101,51,55,59,7.434038,59,68,77,7.88101,51,55,59,7.732019333,2.48314856,3.28671184,2.48314856,2.751002987,0.42399295,0.728887728,0.413867102,0.52224926,-1.260397058,-2.860817281,1.526541253,3.23169444,2.991975267,1.853077519,1.321858065,-0.28,-1.185,-0.28,-0.581666667,-2.702819647,2.981646172,-3.07027828,3.005646866
406,Li0.78__P0Co-P1Co-P2Co-P3Mn-P4Co-P5Co__P6Co-P7Co-P8Co,Mn,3.52113973,1-2-3-Co-Co-Mn,-117.8048886,1.25855331,0.0806,1.2143,1.2949,0.78,7.181274052,2.562291173,1.285312859,79,160,388.000001,172.000001,158.000001,110.6000007,117.1166536,40.88334641,6.128825511,7.220873128,1.940724798,1.913379563,1.903816512,1.919306958,8.344,8.382,5.806,7.510666667,4.988,17.544,27.52,11.72981867,7.797079826,3.932738839,58.5083355,4.038167193,2.595974992,1.56,1.56,1.89,5.01,1.67,-1.381225053,-2.405504802,1.377637285,3.049598025,2.956670071,-1.272023406,-2.28230909,1.502161968,3.056195436,2.966660918,-1.147703712,-3.921503035,1.688657498,3.600019826,3.063087033,-3.120477957,-4.19088042,2.245468808,4.415377957,3.021164561,1.858563437,3.970782721,3.174770982,3.866234031,3.313689864,2.727009769,2.051927381,7.88101,51,55,59,7.88101,51,55,59,7.434038,59,68,77,7.732019333,2.48314856,2.48314856,3.28671184,2.751002987,0.425916146,0.413060677,0.727811198,0.522262674,-1.266984057,-2.869772309,1.522818917,3.235271096,2.995472674,1.8534939,1.321108111,-0.28,-0.28,-1.185,-0.581666667,-2.712961691,2.985426048,-3.077244164,3.008737282
407,Li0.78__P0Co-P1Fe-P2Co-P3Co-P4Co-P5Co__P6Co-P7Co-P8Co,Fe,2.958387105,1-2-3-Fe-Co-Co,-114.3195884,1.21934283,0,1.21934283,1.21934283,0.78,7.215269595,1.430497316,1.450254559,80,161,390.0000021,174.0000021,160.0000021,112.0000015,118.7157637,41.28423629,3.222781902,7.766448354,1.889901376,1.910006655,1.905795464,1.901901165,7.384,8.388,8.394,8.055333333,4.988,19.178,29.154,12.70314998,7.868080204,4.835069777,63.3633121,4.260432877,2.62137847,1.61,1.56,1.56,4.73,1.576666667,-1.736217557,-3.496609972,1.122099637,3.409676438,3.194613879,-1.238196304,-2.300618058,1.552362371,3.103600864,3.01299195,-1.282098946,-2.333154448,1.539362826,3.103958687,3.00425418,-3.24518271,-4.338535849,2.104749589,4.46452554,3.05882342,1.87674832,3.447047994,2.577027176,3.88308896,3.200675435,3.915257222,3.215887609,7.9024681,58,62,66,7.88101,51,55,59,7.88101,51,55,59,7.8881627,3.778409415,2.48314856,2.48314856,2.914902178,0.787062434,0.409510053,0.414997619,0.537190035,-1.418837602,-2.710127492,1.404608278,3.205745329,3.070620003,1.826345107,1.628408356,-0.447,-0.28,-0.28,-0.335666667,-2.647592101,3.060747807,-2.893097918,3.099442824
408,Li0.78__P0Co-P1Co-P2Fe-P3Co-P4Co-P5Co__P6Co-P7Co-P8Co,Fe,3.250430545,1-2-3-Co-Fe-Co,-114.8402955,1.29781617,0.0281,1.29,1.3181,0.78,7.185141689,1.67940845,1.48939636,80,161,390.0000008,174.0000008,160.0000008,112.0000006,118.656962,41.34303799,4.415689034,8.057005237,1.931874186,1.894255395,1.901151938,1.90909384,8.34,7.374,8.401,8.038333333,4.982,19.133,29.097,12.62877365,7.829416552,4.799357096,62.91655031,4.234757755,2.60822957,1.56,1.61,1.56,4.73,1.576666667,-1.393680265,-2.416923635,1.358387158,3.042379974,2.951079562,-1.735336025,-3.528404892,1.138888958,3.439260262,3.21989407,-1.354843669,-2.390451894,1.469349415,3.100632136,3.003769969,-3.214057032,-4.279133704,2.029685994,4.532157032,3.006864822,1.880511885,3.94334445,3.1969117,3.450593694,2.546411701,3.892908129,3.276437943,7.88101,51,55,59,7.9024681,58,62,66,7.88101,51,55,59,7.8881627,2.48314856,3.778409415,2.48314856,2.914902178,0.427217493,0.774708355,0.420774413,0.540900087,-1.494619987,-2.778593474,1.32220851,3.194090791,3.058247867,1.719437046,1.500540231,-0.28,-0.447,-0.28,-0.335666667,-2.719169681,3.045477133,-2.940701936,3.093079675
409,Li0.78__P0Co-P1Co-P2Co-P3Fe-P4Co-P5Co__P6Co-P7Co-P8Co,Fe,3.466237535,1-2-3-Co-Co-Fe,-114.8277602,1.29792858,0.0307,1.2963,1.327,0.78,7.19997052,1.708363345,1.506609563,80,161,390.0000003,174.0000003,160.0000003,112.0000002,118.6798851,41.32011488,4.433883875,8.061970248,1.930831849,1.902595735,1.89396548,1.909131021,8.343,8.399,7.374,8.038666667,4.982,19.134,29.098,12.62884927,7.829222706,4.799626568,62.91692708,4.234549219,2.608163648,1.56,1.56,1.61,4.73,1.576666667,-1.429055531,-2.457510189,1.332766429,3.047535198,2.952385823,-1.35581356,-2.390687484,1.466198827,3.098461715,3.001872802,-1.734438131,-3.524623037,1.137500748,3.437549349,3.219694829,-3.219304292,-4.283418553,2.019986863,4.546304292,3.005041153,1.880230985,3.950598003,3.187888332,3.890801689,3.278211116,3.464900674,2.533043606,7.88101,51,55,59,7.88101,51,55,59,7.9024681,58,62,66,7.8881627,2.48314856,2.48314856,3.778409415,2.914902178,0.433473629,0.420504439,0.774438903,0.542805657,-1.506435741,-2.790940237,1.312155335,3.19451542,3.057984485,1.712868552,1.492478317,-0.28,-0.28,-0.447,-0.335666667,-2.733279009,3.04535705,-2.947749774,3.092291014
410,Li0.78__P0Co-P1Al-P2Co-P3Co-P4Co-P5Co__P6Co-P7Co-P8Co,Al,3.266163005,1-2-3-Al-Co-Co,-122.7635585,1.06080773,0,1.06080773,1.06080773,0.78,6.640008263,0.037279889,0.50646999,67,148,380.0000037,164.0000037,150.0000037,105.0000026,109.9831874,40.01681262,0.346494718,5.191466204,1.890497112,1.907414391,1.908408433,1.902106645,0.71,8.394,8.398,5.834,5.032,12.47,22.534,9.176809859,7.93661216,1.240197699,46.17770721,4.218684459,2.638536932,1.83,1.56,1.56,4.95,1.65,-3.049038239,-6.30635369,7.567599554,7.576356027,5.302554279,-1.208111517,-2.286967847,1.641417104,3.120617003,2.990499647,-1.208853258,-2.289124323,1.654681448,3.128241707,2.993713432,-2.788220826,-3.742296726,3.163611756,3.849028556,3.087862201,1.836823092,0,0,3.934394461,3.169805675,3.961985082,3.15371851,5.985769,56.8,57.8,58.8,7.88101,51,55,59,7.88101,51,55,59,7.249263,6.91638435,2.48314856,2.48314856,3.960893823,0.037019675,0.435266486,0.435653784,0.302646649,-1.822001005,-3.627481953,3.621232702,4.608404912,3.762255786,0.966219821,0.114814773,-1.676,-0.28,-0.28,-0.745333333,-2.469680587,3.0965434,-2.451886063,3.086311721
411,Li0.78__P0Co-P1Co-P2Al-P3Co-P4Co-P5Co__P6Co-P7Co-P8Co,Al,3.41423526,1-2-3-Co-Al-Co,-122.6281486,1.08386537,0,1.08386537,1.08386537,0.78,6.615778579,0.060471076,0.557880537,67,148,379.9999999,163.9999999,149.9999999,104.9999999,109.9563514,40.04364856,0.496862923,5.379308123,1.911980302,1.899829343,1.890412771,1.900740805,8.353,0.726,8.387,5.822,5.027,12.439,22.493,9.187505642,7.934445923,1.25305972,46.18559086,4.217564169,2.644345055,1.56,1.83,1.56,4.95,1.65,-1.320221397,-2.381407114,1.502726603,3.092062246,2.962760542,-3.202679665,-6.339059887,7.620639791,7.571958137,5.356706558,-1.202489392,-2.256916722,1.643747709,3.095271153,2.959900614,-2.75004299,-3.667646786,3.044804377,3.83390836,3.063969723,1.890739606,4.012715078,3.115568343,0,0,3.928559188,3.222283316,7.88101,51,55,59,5.985769,56.8,57.8,58.8,7.88101,51,55,59,7.249263,2.48314856,6.91638435,2.48314856,3.960893823,0.453530811,0.038203245,0.447748919,0.313160992,-1.908463485,-3.659127908,3.589038034,4.586430512,3.759789238,0.841579505,0.008518879,-0.28,-1.676,-0.28,-0.745333333,-2.504152974,3.071686446,-2.483010596,3.058745227
412,Li0.78__P0Co-P1Co-P2Co-P3Al-P4Co-P5Co__P6Co-P7Co-P8Co,Al,3.44708565,1-2-3-Co-Co-Al,-122.6476855,1.07323653,0,1.07323653,1.07323653,0.78,6.699123924,0.268860111,0.552883846,67,148,379.9999989,163.9999989,149.9999989,104.9999992,109.8575632,40.14243676,1.001752154,5.458274464,1.914921434,1.891632435,1.897899875,1.901484581,8.355,8.382,0.726,5.821,5.026,12.437,22.489,9.176724769,7.929805421,1.246919348,46.12221869,4.211392269,2.641219209,1.56,1.56,1.83,4.95,1.65,-1.321197315,-2.40596812,1.490795038,3.100246741,2.969051251,-1.181451163,-2.2480122,1.645456799,3.09584609,2.964187171,-3.198991404,-6.336860154,7.593863643,7.565085629,5.353205971,-2.72880336,-3.643688515,3.040910314,3.80203989,3.055291862,1.887368221,3.998061459,3.081310695,3.909546704,3.203086372,0,0,7.88101,51,55,59,7.88101,51,55,59,5.985769,56.8,57.8,58.8,7.249263,2.48314856,2.48314856,6.91638435,3.960893823,0.464064054,0.446947838,0.038144625,0.316385506,-1.900546627,-3.663613492,3.57670516,4.587059486,3.762148131,0.828256732,-0.019924976,-0.28,-0.28,-1.676,-0.745333333,-2.512284142,3.077094856,-2.489562705,3.062575022
413,Li0.78__P0Co-P1Ni-P2Ni-P3Co-P4Co-P5Co__P6Co-P7Co-P8Co,Ni,2.485467735,1-2-3-Ni-Ni-Co,-110.8003121,1.38503171,0.3333,1.2207,1.554,0.78,7.676509785,0.00068399,2.039175711,83,164,396.0000004,180.0000004,166.0000004,116.2000003,123.3364713,42.66352873,0.001962029,9.54264677,1.922233088,1.909215082,1.882971468,1.904806546,9.337,9.382,8.403,9.040666667,4.961,22.161,32.083,14.23406008,7.813968019,6.420092059,70.61517205,4.752924106,2.604321731,1.53,1.53,1.56,4.62,1.54,-2.676601746,-3.377405461,0.467208964,2.781503008,2.586118159,-2.756238474,-3.476368663,0.479680069,2.827370912,2.614497731,-1.474989044,-2.518592624,1.360953136,3.102076027,2.997499779,-3.414139182,-4.41807612,1.427878615,4.968139182,2.942696598,1.940422392,4.510078074,3.583685174,4.520195194,3.581194278,3.879178398,3.288448906,7.639878,46,49,52,7.639878,46,49,52,7.88101,51,55,59,7.720255333,2.02617786,2.02617786,2.48314856,2.178501427,1.232941146,1.245513542,0.445047135,0.974500608,-2.302609755,-3.124122249,0.769280723,2.903649982,2.732705223,1.111529427,1.29395387,-0.257,-0.257,-0.28,-0.264666667,-3.141057766,2.725236309,-3.288829431,2.660833814
414,Li0.78__P0Co-P1Ni-P2Co-P3Ni-P4Co-P5Co__P6Co-P7Co-P8Co,Ni,2.47165811,1-2-3-Ni-Co-Ni,-110.7678737,1.36003819,0.2361,1.2424,1.4785,0.78,7.627487808,0.002701509,1.988393068,83,164,396.0000021,180.0000021,166.0000021,116.2000015,123.6927691,42.30723092,0.01123999,9.186294961,1.924016725,1.882963387,1.906195989,1.904392034,9.337,8.404,9.382,9.041,4.962,22.161,32.085,14.23789038,7.817277712,6.420612671,70.64841208,4.753695524,2.604390424,1.53,1.56,1.53,4.62,1.54,-2.666927134,-3.369804564,0.483256773,2.785139522,2.587559209,-1.44638971,-2.49169869,1.390859302,3.105139887,3.000492546,-2.744820365,-3.46601223,0.494550283,2.830044172,2.615817338,-3.39435474,-4.403193397,1.447830284,4.87285474,2.949835096,1.942660544,4.522096965,3.571183404,3.871331557,3.294599671,4.515860301,3.585437603,7.639878,46,49,52,7.88101,51,55,59,7.639878,46,49,52,7.720255333,2.02617786,2.48314856,2.02617786,2.178501427,1.23879555,0.444943979,1.248954712,0.977564747,-2.286045736,-3.109171828,0.789555453,2.906774527,2.734623031,1.108309004,1.294021569,-0.257,-0.28,-0.257,-0.264666667,-3.126481599,2.727125417,-3.277551884,2.662243205
415,Li0.78__P0Co-P1Co-P2Ni-P3Ni-P4Co-P5Co__P6Co-P7Co-P8Co,Ni,2.352762185,1-2-3-Co-Ni-Ni,-110.4926473,1.40899287,0,1.40899287,1.40899287,0.78,8.09755292,0.14108915,2.552995336,83,164,396.0000011,180.0000011,166.0000011,116.2000008,121.6591702,44.34082981,1.576984679,10.87405129,1.914093827,1.908581006,1.907487667,1.910054167,8.354,9.384,9.383,9.040333333,4.957,22.164,32.078,14.20024487,7.785660898,6.414583976,70.39061384,4.740053821,2.595322684,1.56,1.53,1.53,4.62,1.54,-1.498298269,-2.513066813,1.271437777,3.052061051,2.958669408,-2.970198903,-3.64825772,0.325559678,2.838041929,2.631804089,-2.872925001,-3.604192309,0.342862412,2.837839369,2.625203072,-3.520603684,-4.53701293,1.383001842,4.929596554,2.988576709,1.942291156,3.909789663,3.263039997,4.607737656,3.603360319,4.478346835,3.589682108,7.88101,51,55,59,7.639878,46,49,52,7.639878,46,49,52,7.720255333,2.48314856,2.02617786,2.02617786,2.178501427,0.426956464,1.258554881,1.248426385,0.977979244,-2.447140724,-3.255172281,0.646619956,2.909314116,2.738558856,1.073462959,1.28184065,-0.28,-0.257,-0.257,-0.264666667,-3.269294414,2.73439142,-3.464310558,2.676561814
416,Li0.78__P0Co-P1Mn-P2Mn-P3Co-P4Co-P5Co__P6Co-P7Co-P8Co,Mn,3.634604325,1-2-3-Mn-Mn-Co,-121.4242643,1.4924444,0.5164,1.2654,1.7818,0.78,8.685862589,4.452556915,2.436823413,77,158,384.0000002,168.0000002,154.0000002,107.8000001,109.3493256,44.65067443,9.221735114,10.53168442,1.946274257,1.927381418,1.92758421,1.933746628,5.767,5.809,8.372,6.649333333,4.999,14.949,24.947,10.32029142,7.755573305,2.56471811,51.59113678,3.615247245,2.586730525,1.89,1.89,1.56,5.34,1.78,-1.49678292,-4.218505368,1.28432308,3.546841152,3.036927666,-1.554426445,-4.314796054,1.268417739,3.597362246,3.074819992,-1.662731973,-2.659259773,1.091936168,3.038746761,2.949791694,-3.570041923,-4.699221121,2.050947964,5.351841923,3.119382258,1.817347033,2.724380182,2.052975769,2.731977918,2.049005723,3.86158887,3.331597443,7.434038,59,68,77,7.434038,59,68,77,7.88101,51,55,59,7.583028667,3.28671184,3.28671184,2.48314856,3.018857413,0.720084252,0.725156168,0.414250919,0.619830446,-1.571313779,-3.730853731,1.214892329,3.39431672,3.020513117,1.998728144,0.968367389,-1.185,-1.185,-0.28,-0.883333333,-3.522406346,3.006686116,-3.90869315,3.032292903
417,Li0.78__P0Co-P1Mn-P2Co-P3Mn-P4Co-P5Co__P6Co-P7Co-P8Co,Mn,3.51710235,1-2-3-Mn-Co-Mn,-121.3947934,1.42361404,0.7108,1.2017,1.9125,0.78,8.382330972,4.454299929,2.146416254,77,158,383.999999,167.999999,153.999999,107.7999993,109.8187546,44.18124544,8.963861456,10.05247283,1.94525667,1.928247984,1.927491042,1.933665232,5.769,8.374,5.81,6.651,5,14.953,24.953,10.32275908,7.757428145,2.565330938,51.61379542,3.611357254,2.58610778,1.89,1.56,1.89,5.34,1.78,-1.345984607,-4.056567383,1.429150594,3.537970763,3.037230741,-1.476265163,-2.464356556,1.266298485,3.032729605,2.952124067,-1.408917776,-4.161865553,1.414205142,3.590507152,3.070384433,-3.440682722,-4.531987932,2.106798477,5.353182722,3.051405701,1.815611869,2.726888035,2.052423,3.845063168,3.352805691,2.728324153,2.057051159,7.434038,59,68,77,7.88101,51,55,59,7.434038,59,68,77,7.583028667,3.28671184,2.48314856,3.28671184,3.018857413,0.729047258,0.413153786,0.736072063,0.626091036,-1.410389182,-3.560929831,1.36988474,3.387069174,3.01991308,2.03029354,0.971058102,-1.185,-0.28,-1.185,-0.883333333,-3.351380961,3.006908636,-3.747602256,3.0315028
418,Li0.78__P0Co-P1Co-P2Mn-P3Mn-P4Co-P5Co__P6Co-P7Co-P8Co,Mn,2.949006225,1-2-3-Co-Mn-Mn,-120.253586,1.55344195,0.2409,1.4334,1.6743,0.78,9.134555054,4.157100361,2.910187621,77,158,384.0000028,168.0000028,154.0000028,107.800002,108.0491694,45.95083063,8.531320678,11.8341608,1.967610922,1.907846463,1.902489573,1.925982319,8.316,5.808,5.808,6.644,4.993,14.939,24.925,10.32355743,7.779138001,2.544419426,51.54552223,3.62632742,2.582731173,1.56,1.89,1.89,5.34,1.78,-1.556941378,-2.528513369,1.1220034,2.989273039,2.918474474,-1.667776277,-4.414418088,1.157596932,3.605333848,3.099732992,-1.668222345,-4.401808041,1.149927355,3.599983961,3.10387723,-3.699741663,-4.829916576,1.921542781,5.374041663,3.124668538,1.860996388,3.895291697,3.286297622,2.737145755,2.058549623,2.730524244,2.068930728,7.88101,51,55,59,7.434038,59,68,77,7.434038,59,68,77,7.583028667,2.48314856,3.28671184,3.28671184,3.018857413,0.399477865,0.734723958,0.733691406,0.622631076,-1.63098,-3.781579833,1.143175895,3.39819695,3.040694899,2.068761663,1.048336743,-0.28,-1.185,-1.185,-0.883333333,-3.501807896,3.013405573,-4.006135076,3.062595873
419,Li0.78__P0Co-P1Fe-P2Fe-P3Co-P4Co-P5Co__P6Co-P7Co-P8Co,Fe,3.10185921,1-2-3-Fe-Fe-Co,-115.4421647,1.31580507,0,1.31580507,1.31580507,0.78,7.420216171,2.786544559,1.774482092,79,160,388.0000013,172.0000013,158.0000013,110.6000009,114.2393032,43.76069676,6.083755661,10.25161505,1.909009698,1.916415319,1.914789571,1.913404863,7.327,7.375,8.392,7.698,4.986,18.108,28.08,12.06917343,7.817499366,4.251674059,60.1768987,4.049913724,2.605670152,1.61,1.61,1.56,4.78,1.593333333,-1.539239687,-3.23312897,1.214133171,3.3539394,3.198313158,-1.566068854,-3.238534047,1.249743688,3.39684536,3.237967232,-1.581631543,-2.60060731,1.277865869,3.085330379,2.969565071,-3.399860265,-4.490585236,1.992890361,4.715665335,3.071057189,1.885401085,3.521390327,2.49976993,3.523627216,2.580312457,3.959381093,3.269404175,7.9024681,58,62,66,7.9024681,58,62,66,7.88101,51,55,59,7.8953154,3.778409415,3.778409415,2.48314856,3.346655797,0.676028571,0.674674603,0.482717196,0.611140123,-1.562313361,-3.024090109,1.247247576,3.278705047,3.135281821,1.837546904,1.466495127,-0.447,-0.447,-0.28,-0.391333333,-2.992316718,3.122926375,-3.068582738,3.152678758
420,Li0.78__P0Co-P1Fe-P2Co-P3Fe-P4Co-P5Co__P6Co-P7Co-P8Co,Fe,2.96003104,1-2-3-Fe-Co-Fe,-115.2849489,1.19539743,0,1.19539743,1.19539743,0.78,7.580524241,0.347079723,2.620015188,79,160,387.999999,171.999999,157.999999,110.5999993,112.5821723,45.41782773,5.199564953,12.17419261,1.909087378,1.920087653,1.909371516,1.912848849,7.33,8.387,7.37,7.695666667,4.988,18.099,28.075,12.06746951,7.822942732,4.244526775,60.1925379,4.044039334,2.606483868,1.61,1.56,1.61,4.78,1.593333333,-1.10861962,-2.810591243,1.349485077,3.335944623,3.352418417,-1.388535727,-2.443636408,1.335460383,3.086344007,3.011248237,-2.480572578,-3.71548643,1.081775855,3.526910204,3.249885517,-3.424249167,-4.49075341,1.979732793,4.619646597,3.065858081,1.890501889,3.216339762,2.496954795,3.825258443,3.234928991,4.266338783,3.003156402,7.9024681,58,62,66,7.88101,51,55,59,7.9024681,58,62,66,7.8953154,3.778409415,2.48314856,3.778409415,3.346655797,0.461982133,0.440694667,0.838902667,0.580526489,-1.659242642,-2.989904694,1.255573772,3.316399611,3.204517391,1.765006525,1.500848717,-0.447,-0.28,-0.447,-0.391333333,-2.965411839,3.190805456,-3.153615468,3.216698511
421,Li0.78__P0Co-P1Co-P2Fe-P3Fe-P4Co-P5Co__P6Co-P7Co-P8Co,Fe,3.049244955,1-2-3-Co-Fe-Fe,-115.1202152,1.04364032,0,1.04364032,1.04364032,0.78,7.832014777,3.130407171,1.641438031,79,160,388.000001,172.000001,158.000001,110.6000007,112.2310383,45.76896174,11.25056546,11.70976933,1.942616901,1.913951513,1.910728324,1.922432246,8.321,7.375,7.37,7.688666667,4.984,18.082,28.05,11.99384988,7.778077508,4.215772377,59.77734783,4.026214535,2.588911013,1.56,1.61,1.61,4.78,1.593333333,-1.957966565,-2.878250394,1.047799076,3.021101855,2.856811858,-1.045045126,-2.850308861,1.372293858,3.337644332,3.358806203,-1.416955229,-3.36334073,1.431085181,3.450714453,3.196826791,-3.153316242,-4.272185472,2.17777567,4.196956562,3.098197339,1.85516969,4.147486798,3.371357921,3.135081403,2.382402284,3.395734405,2.376796552,7.88101,51,55,59,7.9024681,58,62,66,7.9024681,58,62,66,7.8953154,2.48314856,3.778409415,3.778409415,3.346655797,0.91907973,0.484998378,0.713329189,0.705802432,-1.473322307,-3.030633328,1.283726038,3.269820214,3.137481617,1.679993936,1.241552143,-0.28,-0.447,-0.447,-0.391333333,-3.016712309,3.108420302,-3.035271435,3.086342105
422,Li0.78__P0Co-P1Al-P2Al-P3Co-P4Co-P5Co__P6Co-P7Co-P8Co,Al,3.41216387,1-2-3-Al-Al-Co,-131.6505876,1.00244727,0,1.00244727,1.00244727,0.78,6.9193209,0.401782807,0.250130149,53,134,368.0000036,152.0000036,138.0000036,96.60000252,97.68736575,40.31263425,3.037343243,4.790545766,1.886512712,1.890549746,1.912533484,1.89653198,0.706,0.724,8.375,3.268333333,5.083,4.722,14.888,5.136201177,8.040756668,-2.904555491,26.10731058,3.731864652,2.663188021,1.83,1.83,1.56,5.22,1.74,-1.005476423,-6.251770062,8.595498174,8.354060332,5.269013624,-1.406586436,-6.309510828,8.490659178,8.299231709,5.322640355,-1.250196467,-2.383021502,1.606844633,3.138870505,2.956736518,-2.411376157,-3.49160603,5.337217197,3.413823427,3.593767508,1.819645766,0,0,0,0,3.93867231,3.085527975,5.985769,56.8,57.8,58.8,5.985769,56.8,57.8,58.8,7.88101,51,55,59,6.617516,6.91638435,6.91638435,2.48314856,5.438639087,0.037627907,0.039115222,0.5115,0.196081043,-1.220753109,-4.981434131,6.231000662,6.597387515,4.516130166,1.190623048,-1.4898281,-1.676,-1.676,-0.28,-1.210666667,-3.013205295,3.334946374,-2.891584029,3.261965755
423,Li0.78__P0Co-P1Al-P2Co-P3Al-P4Co-P5Co__P6Co-P7Co-P8Co,Al,2.97293393,1-2-3-Al-Co-Al,-131.6002644,1.01621811,0,1.01621811,1.01621811,0.78,6.85607242,0.355789144,0.266344291,53,134,368.000003,152.000003,138.000003,96.6000021,97.66168641,40.33831359,2.976619582,4.739549803,1.88912638,1.911749073,1.890590312,1.897155255,0.707,8.374,0.725,3.268666667,5.083,4.723,14.889,5.138007146,8.038061698,-2.900054551,26.11649032,3.736968906,2.663771572,1.83,1.56,1.83,5.22,1.74,-0.75195343,-6.242556588,8.732978614,8.435565353,5.273920005,-1.273025843,-2.383794587,1.635269973,3.147298755,2.952971937,-1.042113859,-6.323450461,8.687109477,8.439551369,5.328373452,-2.379554786,-3.497882034,5.471135737,3.395772896,3.659203098,1.821575335,0,0,3.946750778,3.155851711,0,0,5.985769,56.8,57.8,58.8,7.88101,51,55,59,5.985769,56.8,57.8,58.8,6.617516,6.91638435,2.48314856,6.91638435,5.438639087,0.037737288,0.516545198,0.039268008,0.197850165,-1.022364377,-4.983267212,6.351786021,6.674138492,4.518421798,1.357190408,-1.485385178,-1.676,-0.28,-1.676,-1.210666667,-3.010748403,3.330539644,-2.889769489,3.257686657
424,Li0.78__P0Co-P1Co-P2Al-P3Al-P4Co-P5Co__P6Co-P7Co-P8Co,Al,3.27744402,1-2-3-Co-Al-Al,-131.3987101,0.89537316,0,0.89537316,0.89537316,0.78,6.857132188,0.163541143,0.246646628,53,134,368.0000007,152.0000007,138.0000007,96.60000049,97.08682063,40.91317937,3.134556527,5.16406576,1.939082805,1.870126304,1.8694148,1.892874636,8.338,0.727,0.727,3.264,5.09,4.702,14.882,5.077606639,8.069470871,-2.991864232,25.84501779,3.660959726,2.640818406,1.56,1.83,1.83,5.22,1.74,-1.23702701,-2.332002582,1.57456546,3.111889386,2.951304422,-0.874360439,-6.127885764,8.815814054,8.379383828,5.305927816,-0.896362943,-6.117674799,8.816146798,8.366951244,5.307112363,-2.221753714,-3.215093191,5.63655515,3.117126874,3.532441026,1.860524909,3.969929199,3.092671379,0,0,0,0,7.88101,51,55,59,5.985769,56.8,57.8,58.8,5.985769,56.8,57.8,58.8,6.617516,2.48314856,6.91638435,6.91638435,5.438639087,0.523775852,0.039384648,0.039359275,0.200839925,-1.002583464,-4.859187715,6.402175438,6.619408152,4.521448201,1.21917025,-1.644094524,-0.28,-1.676,-1.676,-1.210666667,-2.950090996,3.335324209,-2.827423396,3.259109932
425,Li0.78__P0Co-P1Ni-P2Ni-P3Ni-P4Co-P5Co__P6Co-P7Co-P8Co,Ni,1.874523525,1-2-3-Ni-Ni-Ni,-108.4197588,1.39977231,0.102,1.3495,1.4515,0.78,7.992515641,0.682586614,2.274920571,84,165,398,182,168,117.6,124.4009607,43.59903933,1.643345199,10.27229735,2.052588526,1.889464622,1.888078469,1.943377206,9.244,9.382,9.377,9.334333333,4.951,23.052,32.954,14.4354343,7.654637917,6.78079638,71.46983521,4.803584235,2.547826518,1.53,1.53,1.53,4.59,1.53,-2.111858262,-2.745310592,0.860040802,2.652584882,2.480092413,-2.906638594,-3.649878223,0.37174214,2.844641545,2.614984674,-2.838137986,-3.570559868,0.409809923,2.830248796,2.60899735,-3.143231279,-4.055323726,1.322559275,4.594731279,2.843420165,1.97281698,4.618331526,3.503681554,4.484212549,3.594032407,4.492878165,3.590258384,7.639878,46,49,52,7.639878,46,49,52,7.639878,46,49,52,7.639878,2.02617786,2.02617786,2.02617786,2.02617786,0.938096597,1.269321204,1.261293717,1.156237173,-2.618878281,-3.321916227,0.547197621,2.775825074,2.568024813,0.524352999,0.733407498,-0.257,-0.257,-0.257,-0.257,-3.306347028,2.565663946,-3.376400433,2.576326589
426,Li0.78__P0Co-P1Mn-P2Mn-P3Mn-P4Co-P5Co__P6Co-P7Co-P8Co,Mn,3.140877295,1-2-3-Mn-Mn-Mn,-123.4502163,1.68042521,0,1.68042521,1.68042521,0.78,9.128330596,4.330173306,2.62674223,75,156,380,164,150,105,101.9851235,48.01487647,10.75538102,13.10925192,1.972903467,1.922780997,1.93356668,1.943083714,5.747,5.829,5.827,5.801,5.005,12.398,22.408,8.958113921,7.728351431,1.22976249,44.83536017,2.980621957,2.574266172,1.89,1.89,1.89,5.67,1.89,-0.738824402,-2.788586847,1.477829951,3.269935689,3.335912875,-1.666789666,-4.329491409,1.090828075,3.517473896,3.037445192,-1.545373369,-4.189796634,1.189441261,3.528785175,3.099778551,-3.637104833,-4.770821781,2.076821514,5.317530043,3.10120789,1.780484036,2.791276155,2.10201396,2.723426997,2.082223599,2.70912649,2.090928973,7.434038,59,68,77,7.434038,59,68,77,7.434038,59,68,77,7.434038,3.28671184,3.28671184,3.28671184,3.28671184,0.339024147,0.738264042,0.729390289,0.602226159,-1.316995813,-3.76929163,1.252699762,3.438731587,3.157712206,2.32010902,1.001530151,-1.185,-1.185,-1.185,-1.185,-3.710669454,3.168443699,-3.98394245,3.118617963
427,Li0.78__P0Co-P1Fe-P2Fe-P3Fe-P4Co-P5Co__P6Co-P7Co-P8Co,Fe,3.03091217,1-2-3-Fe-Fe-Fe,-115.5218055,1.26214516,0,1.26214516,1.26214516,0.78,8.446566369,4.249370436,2.429203902,78,159,386,170,156,109.2,109.9810779,46.01892206,10.97284078,12.13794644,1.912020081,1.918388463,1.917810652,1.916073065,7.322,7.361,7.387,7.356666667,4.988,17.082,27.058,11.51832045,7.809740668,3.708579779,57.45338239,3.838065467,2.603495205,1.61,1.61,1.61,4.83,1.61,-1.553364287,-3.091048479,1.262697695,3.360279302,3.223356836,-1.849651031,-3.971293183,1.084951223,3.52636201,3.176123138,-1.560162628,-3.290455536,1.264991417,3.447279492,3.29813827,-3.45742619,-4.604465314,2.05168083,4.71957135,3.136559305,1.844915625,3.715766603,2.588061275,3.304738773,2.33701322,3.420245062,2.605133606,7.9024681,58,62,66,7.9024681,58,62,66,7.9024681,58,62,66,7.9024681,3.778409415,3.778409415,3.778409415,3.778409415,0.703873404,0.784485372,0.732746277,0.740368351,-1.654392648,-3.450932399,1.204213445,3.444640268,3.232539415,1.803033542,1.153532915,-0.447,-0.447,-0.447,-0.447,-3.422603354,3.234498811,-3.46773209,3.231344604
428,Li0.78__P0Co-P1Al-P2Al-P3Al-P4Co-P5Co__P6Co-P7Co-P8Co,Al,3.084598365,1-2-3-Al-Al-Al,-140.1762143,0.87293777,0,0.87293777,0.87293777,0.78,7.028647973,0.011208906,0,39,120,356,140,126,88.2,85.47075488,40.52924512,3.337590835,3.959880547,1.879164946,1.877715398,1.876320351,1.877733565,0.704,0.724,0.727,0.718333333,5.146,-2.991,7.301,1.147669917,8.221616843,-7.073946926,5.905909393,0.382979035,2.740557882,1.83,1.83,1.83,5.49,1.83,0.401072723,-6.067781054,9.239036543,8.63442833,5.234888871,-0.111859899,-6.016411969,9.230250264,8.561931598,5.272302437,-0.222298994,-5.996295663,9.20401097,8.530834744,5.278364103,-2.018948401,-3.111845215,8.586730702,2.891886171,3.889365321,1.795776391,0,0,0,0,0,0,5.985769,56.8,57.8,58.8,5.985769,56.8,57.8,58.8,5.985769,56.8,57.8,58.8,5.985769,6.91638435,6.91638435,6.91638435,6.91638435,0.038335118,0.040177302,0.040259743,0.039590721,0.02230461,-6.026829562,9.224432593,8.575731557,5.261851804,2.041253011,-2.914984347,-1.676,-1.676,-1.676,-1.676,-6.026465373,5.262089032,-6.026173201,5.262281467
429,Li0.78__P0Co-P1Co-P2Co-P3Co-P4Co-P5Co__P6Co-P7Co-P8Co,LCO,3.231615945,1-2-3-Co-Co-Co,-114.2027112,1.24849842,0,1.24849842,1.24849842,0.78,6.570465526,0.754032611,0.970327,81,162,392,176,162,113.4,122.205339,39.79466104,3.172420983,6.500023356,1.908134732,1.899812296,1.898183308,1.902043445,8.355,8.397,8.395,8.382333333,4.98,20.167,30.127,13.22118174,7.854751352,5.366430391,65.84148508,4.406738978,2.618259707,1.56,1.56,1.56,4.68,1.56,-1.386933204,-2.44699349,1.425594415,3.087077022,2.977735044,-1.329699492,-2.391215488,1.51895786,3.109910465,2.995785085,-1.329687787,-2.390180696,1.516846336,3.107472076,2.99330132,-2.995605369,-4.045893914,2.191515177,4.244103789,2.99272377,1.89278065,3.978743808,3.141351239,3.956994726,3.182523107,3.96528886,3.174580526,7.88101,51,55,59,7.88101,51,55,59,7.88101,51,55,59,7.88101,2.48314856,2.48314856,2.48314856,2.48314856,0.477057853,0.449551832,0.450286126,0.458965271,-1.348773494,-2.409463225,1.48713287,3.101486521,2.988940483,1.646831875,1.636430689,-0.28,-0.28,-0.28,-0.28,-2.409422278,2.988952538,-2.410202677,2.988718959
430,Li0.78__P0Mn-P1Co-P2Ni-P3Mn-P4Co-P5Ni__P6Mn-P7Ni-P8Co,NMC,2.93347332,0-1-2-3-4-5-6-7-8-Mn-Co-Ni-Mn-Co-Ni-Mn-Ni-Co,-118.867869,1.07942328,0,1.07942328,1.07942328,0.78,6.830918252,0.790074212,1.340519841,80,161,386.0000015,170.0000015,156.0000015,109.2000011,110.3318261,45.66817386,14.57533982,10.22613706,1.946264186,1.890898431,1.914141839,1.917101485,8.3,9.253,5.816,7.789666667,4.984,18.385,28.353,12.19645872,7.800365305,4.396093412,60.78715024,4.216323122,2.601536642,1.56,1.53,1.89,4.98,1.66,-1.434168155,-2.425482388,1.200714183,2.956086637,2.880952774,-2.24885136,-2.853523154,0.579104462,2.609002845,2.462013931,-1.202270978,-3.217743822,1.360736234,3.393453025,3.27293158,-3.281407391,-4.321301355,1.943286844,4.360830671,3.000520394,1.869419737,3.841165505,3.268876664,4.605680562,3.507073005,3.000947848,2.284718718,7.88101,51,55,59,7.639878,46,49,52,7.434038,59,68,77,7.651642,2.48314856,2.02617786,3.28671184,2.59867942,0.500194241,1.20695,0.582727749,0.763290663,-1.628430165,-2.832249788,1.046851626,2.986180836,2.871966095,1.652977226,1.489051567,-0.28,-0.257,-1.185,-0.574,-2.792823822,2.809161793,-2.852709992,2.759888666
431,Li0.78__P0Co-P1Ni-P2Co-P3Co-P4Co-P5Co__P6Co-P7Ni-P8Mn,Ni,2.807718725,1-2-3-7-8-Ni-Co-Co-Ni-Mn,-113.4536201,0.90875572,0,0.90875572,0.90875572,0.78,6.591885295,0.10284556,1.30047304,82,163,391.9999993,175.9999993,161.9999993,113.3999995,121.431203,40.568797,7.063109722,6.499134247,1.922749124,1.89660069,1.894545156,1.904631657,9.324,8.38,8.381,8.695,4.968,21.117,31.053,13.69149106,7.825488991,5.866002073,68.01932761,4.571847687,2.607816503,1.53,1.56,1.56,4.65,1.55,-2.552978231,-3.248129303,0.59510234,2.760635504,2.559071365,-1.395429075,-2.398322916,1.515165336,3.085588294,2.960586718,-1.420800738,-2.415839029,1.491669288,3.077457767,2.950254755,-3.15055761,-4.172683874,1.861221562,4.05931333,2.97294296,1.921431716,4.53308459,3.574403679,3.981648536,3.310437966,4.005315905,3.303009744,7.639878,46,49,52,7.88101,51,55,59,7.88101,51,55,59,7.800632667,2.02617786,2.48314856,2.48314856,2.330824993,1.278091406,0.630692448,0.656322396,0.855035417,-1.789736015,-2.687430416,1.200645655,2.974560522,2.823304279,1.360821595,1.485253458,-0.257,-0.28,-0.28,-0.272333333,-2.702893149,2.816016663,-2.826229736,2.757883839
432,Li0.78__P0Co-P1Co-P2Ni-P3Co-P4Co-P5Co__P6Co-P7Ni-P8Mn,Ni,2.865978725,1-2-3-7-8-Co-Ni-Co-Ni-Mn,-113.5400301,0.94831767,0,0.94831767,0.94831767,0.78,6.894287322,0.279197776,0.839926351,82,163,391.9999993,175.9999993,161.9999993,113.3999995,116.9796013,45.02039866,5.750265713,10.35894812,1.918206647,1.910045306,1.896173312,1.908141755,8.341,9.363,8.385,8.696333333,4.966,21.123,31.055,13.67237444,7.807773687,5.864600757,67.89701149,4.575322185,2.602649596,1.56,1.53,1.56,4.65,1.55,-1.168558642,-2.335651369,1.446714109,3.042657873,2.959072454,-2.523067235,-3.236265319,0.740568212,2.798329581,2.574901747,-1.256243328,-2.32846142,1.519609526,3.062269662,2.955884487,-2.997715989,-3.996377139,1.716219442,3.946033659,2.852646079,1.893764269,3.74751548,3.011297954,4.551321239,3.572566715,3.882947279,3.176418196,7.88101,51,55,59,7.639878,46,49,52,7.88101,51,55,59,7.800632667,2.48314856,2.02617786,2.48314856,2.330824993,0.47778484,1.264746011,0.510200798,0.75091055,-1.649289735,-2.633459369,1.235630616,2.967752372,2.829952896,1.348426254,1.36291777,-0.28,-0.257,-0.28,-0.272333333,-2.663114708,2.81736637,-2.839652626,2.742666353
433,Li0.78__P0Co-P1Co-P2Co-P3Ni-P4Co-P5Co__P6Co-P7Ni-P8Mn,Ni,2.83882362,1-2-3-7-8-Co-Co-Ni-Ni-Mn,-113.5236891,1.03269293,0,1.03269293,1.03269293,0.78,6.980593139,0.332469859,1.413986391,82,163,391.9999994,175.9999994,161.9999994,113.3999996,120.586542,41.41345797,5.595862455,7.329544147,1.916910103,1.895998354,1.909412476,1.907440311,8.344,8.384,9.363,8.697,4.966,21.125,31.057,13.67838583,7.810628088,5.867757737,67.92686401,4.571362667,2.603490079,1.56,1.56,1.53,4.65,1.55,-1.454591878,-2.491846156,1.337270412,3.055114923,2.948494391,-1.383560122,-2.418762968,1.44392198,3.079135939,2.969852349,-2.654538887,-3.364312362,0.566593731,2.798509394,2.582667932,-3.227542967,-4.256380638,1.753615895,4.260235897,2.964374277,1.899075928,3.993504316,3.151035507,3.895490149,3.27903798,4.524669249,3.587629166,7.88101,51,55,59,7.88101,51,55,59,7.639878,46,49,52,7.800632667,2.48314856,2.48314856,2.02617786,2.330824993,0.595229659,0.560305512,1.272474278,0.809336483,-1.830896962,-2.758307162,1.115928708,2.977586752,2.833671557,1.396646005,1.498073475,-0.28,-0.28,-0.257,-0.272333333,-2.778445768,2.825318113,-2.932224135,2.761700317
434,Li0.78__P0Co-P1Ni-P2Ni-P3Co-P4Co-P5Co__P6Co-P7Ni-P8Mn,Ni,2.49564075,1-2-3-7-8-Ni-Ni-Co-Ni-Mn,-111.7793907,1.14124092,0.0775,1.1051,1.1826,0.78,7.504715732,0.030166535,1.825228743,83,164,393.9999979,177.9999979,163.9999979,114.7999985,120.6805114,43.31948862,6.843024046,9.188855053,1.92907135,1.911969498,1.886173152,1.909071333,9.321,9.359,8.388,9.022666667,4.96,22.108,32.028,14.17391084,7.79503213,6.378878709,70.30259776,4.733176428,2.596888574,1.53,1.53,1.56,4.62,1.54,-2.601692257,-3.298629432,0.495158209,2.758513966,2.567256904,-2.688512394,-3.406767321,0.516333569,2.809515519,2.597689603,-1.432103928,-2.468710269,1.372875066,3.075393732,2.9717955,-3.354695779,-4.353752576,1.45800451,4.537295779,2.925223616,1.924379833,4.503112945,3.57273823,4.517413049,3.570436912,3.879395706,3.27698628,7.639878,46,49,52,7.639878,46,49,52,7.88101,51,55,59,7.720255333,2.02617786,2.02617786,2.48314856,2.178501427,1.245142368,1.252056053,0.496703947,0.997967456,-2.240769526,-3.058035674,0.794788948,2.881141072,2.712247336,1.113926253,1.295716902,-0.257,-0.257,-0.28,-0.264666667,-3.075329294,2.704596343,-3.206165019,2.647098974
435,Li0.78__P0Co-P1Ni-P2Co-P3Ni-P4Co-P5Co__P6Co-P7Ni-P8Mn,Ni,2.476026365,1-2-3-7-8-Ni-Co-Ni-Ni-Mn,-111.7427853,0.92908827,0,0.92908827,0.92908827,0.78,7.438964094,0.087631681,2.23619243,83,164,393.9999994,177.9999994,163.9999994,114.7999996,118.2718059,45.72819411,7.61290474,11.01179173,1.931366688,1.886463109,1.909718101,1.909182632,9.32,8.385,9.363,9.022666667,4.959,22.109,32.027,14.17324211,7.793059035,6.380183074,70.28510762,4.73073094,2.596927496,1.53,1.56,1.53,4.62,1.54,-2.786968339,-3.4440394,0.40749384,2.751591022,2.554960386,-1.91388733,-2.867584292,1.092075785,3.052447398,2.897872566,-2.779966375,-3.467918428,0.407686339,2.798793323,2.602740101,-3.513353506,-4.431954453,1.251629224,4.442441776,2.878031376,1.995336848,4.624421666,3.582909363,4.055053317,3.397075118,4.564753375,3.574581359,7.639878,46,49,52,7.88101,51,55,59,7.639878,46,49,52,7.720255333,2.02617786,2.48314856,2.02617786,2.178501427,1.28972376,1.034327154,1.273568407,1.19920644,-2.493607348,-3.259847373,0.635751988,2.867610581,2.685191018,1.019746158,1.17210708,-0.257,-0.28,-0.257,-0.264666667,-3.268674592,2.680286861,-3.286759948,2.670462911
436,Li0.78__P0Co-P1Co-P2Ni-P3Ni-P4Co-P5Co__P6Co-P7Ni-P8Mn,Ni,2.39810669,1-2-3-7-8-Co-Ni-Ni-Ni-Mn,-111.4765516,1.1371889,0,1.1371889,1.1371889,0.78,9.233013195,1.496486094,1.844776549,83,164,393.9999986,177.9999986,163.9999986,114.799999,117.1347721,46.86522794,7.955513063,11.75156841,1.922267902,1.910571324,1.910663333,1.914500853,8.341,9.364,9.364,9.023,4.954,22.115,32.023,14.14121294,7.762922666,6.378290269,70.05556888,4.759055777,2.588888623,1.56,1.53,1.53,4.62,1.54,-0.706656614,-2.50117503,1.499159346,3.127675816,3.173335051,-2.799753354,-3.473445252,0.456864398,2.801974702,2.597875532,-2.683662837,-3.38999082,0.488165892,2.802641712,2.604300609,-3.439188641,-4.40193435,1.401057662,4.576377541,2.881251679,1.899535957,2.977582259,2.33624011,4.606327506,3.596300087,4.50728355,3.585059622,7.88101,51,55,59,7.639878,46,49,52,7.639878,46,49,52,7.720255333,2.48314856,2.02617786,2.02617786,2.178501427,0.379080052,1.266590289,1.252750919,0.96614042,-2.063357601,-3.121537034,0.814729879,2.910764077,2.791837064,1.37583104,1.280397316,-0.28,-0.257,-0.257,-0.264666667,-3.195489872,2.746400408,-3.310212989,2.675916032
437,Li0.78__P0Co-P1Ni-P2Ni-P3Ni-P4Co-P5Co__P6Co-P7Ni-P8Mn,Ni,1.85373038,1-2-3-7-8-Ni-Ni-Ni-Ni-Mn,-109.3556807,1.03973262,0,1.03973262,1.03973262,0.78,7.568085106,0.351024539,1.82049161,84,165,395.9999959,179.9999959,165.9999959,116.1999971,121.3289591,44.6710409,6.452966508,10.1526918,2.05650709,1.89168218,1.890736385,1.946308552,9.236,9.37,9.363,9.323,4.95,23.019,32.919,14.39641239,7.641740096,6.754672293,71.26224133,4.796766937,2.546213416,1.53,1.53,1.53,4.59,1.53,-1.983819152,-2.675137459,0.755254421,2.615264079,2.467099334,-3.280083055,-3.876089351,0.621312531,2.823127352,2.535779253,-2.159919021,-2.967489252,0.828287586,2.831703604,2.651361318,-2.858214806,-3.788635667,1.378403014,3.897947426,2.780824835,1.950334269,4.383580526,3.478596089,4.923990129,3.685111859,4.282466348,3.500334083,7.639878,46,49,52,7.639878,46,49,52,7.639878,46,49,52,7.639878,2.02617786,2.02617786,2.02617786,2.02617786,1.138748813,1.344120844,1.193527968,1.225465875,-2.474607076,-3.172905354,0.734951513,2.756698345,2.551413302,0.38360773,0.615730314,-0.257,-0.257,-0.257,-0.257,-3.170997196,2.550571024,-3.209126083,2.552029196
438,Li0.78__P0Co-P1Mn-P2Co-P3Co-P4Co-P5Co__P6Co-P7Ni-P8Mn,Mn,3.420864205,1-2-3-7-8-Mn-Co-Co-Ni-Mn,-118.8481797,1.0014595,0,1.0014595,1.0014595,0.78,7.104058997,2.708320508,1.143840724,79,160,385.9999977,169.9999977,155.9999977,109.1999984,113.7995904,42.20040963,12.82685279,7.428166002,1.915846993,1.920928278,1.920746609,1.91917396,5.763,8.373,8.376,7.504,4.993,17.519,27.505,11.72770339,7.804932154,3.922771237,58.55642303,4.039347422,2.600471792,1.89,1.56,1.56,5.01,1.67,-1.019521904,-3.739471347,1.749390231,3.53663745,3.036407367,-1.278520985,-2.318902029,1.512248053,3.07553835,2.975293963,-1.284270758,-2.320445996,1.50046548,3.067126946,2.966143477,-3.07617739,-4.134268974,2.316713718,4.07763689,3.008675907,1.838109787,2.718249004,2.049105461,3.927860957,3.206298636,3.947854094,3.189917551,7.434038,59,68,77,7.88101,51,55,59,7.88101,51,55,59,7.732019333,3.28671184,2.48314856,2.48314856,2.751002987,0.714999475,0.476175853,0.478350919,0.556508749,-1.194104549,-2.792939791,1.587367922,3.226434249,2.992614935,1.882072841,1.341329184,-1.185,-0.28,-0.28,-0.581666667,-2.656355204,2.986294348,-2.927724368,2.9988449
439,Li0.78__P0Co-P1Co-P2Mn-P3Co-P4Co-P5Co__P6Co-P7Ni-P8Mn,Mn,3.30746831,1-2-3-7-8-Co-Mn-Co-Ni-Mn,-118.6162277,0.89220612,0,0.89220612,0.89220612,0.78,7.622292671,2.120571655,0.603029006,79,160,385.9999975,169.9999975,155.9999975,109.1999983,110.8115151,45.18848491,10.76156063,9.849582375,1.947131493,1.906735277,1.915321124,1.923062631,8.324,5.795,8.364,7.494333333,4.987,17.496,27.47,11.68112465,7.780409754,3.900714895,58.25376863,4.057170429,2.589508557,1.56,1.89,1.56,5.01,1.67,-1.246915493,-2.292335574,1.419741776,3.004901611,2.925735005,0.34911066,-3.016974069,2.648666732,3.609224676,3.375647777,-1.315943762,-2.315948449,1.472490089,3.009242796,2.897897367,-2.788434711,-3.822557636,2.423302108,3.680640831,2.922421786,1.799992531,3.935964057,3.084495507,2.170224125,1.59098001,3.948616744,3.251200623,7.88101,51,55,59,7.434038,59,68,77,7.88101,51,55,59,7.732019333,2.48314856,3.28671184,2.48314856,2.751002987,0.535181316,0.370974474,0.566081316,0.490745702,-0.737916199,-2.541752697,1.846966199,3.207789694,3.066426716,2.050518512,1.280804939,-0.28,-1.185,-0.28,-0.581666667,-2.451216115,3.007276808,-2.484009314,3.028400389
440,Li0.78__P0Co-P1Co-P2Co-P3Mn-P4Co-P5Co__P6Co-P7Ni-P8Mn,Mn,3.330540215,1-2-3-7-8-Co-Co-Mn-Ni-Mn,-118.7077974,1.04089871,0,1.04089871,1.04089871,0.78,7.226650774,2.351969351,1.559123314,79,160,386.0000002,170.0000002,156.0000002,109.2000001,112.9044548,43.09554523,9.260334329,8.583475258,1.948430365,1.916444715,1.905098753,1.923324611,8.328,8.363,5.797,7.496,4.986,17.502,27.474,11.68090628,7.777862653,3.903043626,58.2409987,4.021198009,2.589501792,1.56,1.56,1.89,5.01,1.67,-1.551308255,-2.522367937,1.258368192,3.024968849,2.919978851,-1.443626819,-2.436326826,1.33796269,3.041131664,2.945197016,-1.260674868,-3.826666438,1.416689948,3.491142432,3.096907131,-3.278444079,-4.326525513,2.098891052,4.319342789,3.008718984,1.844897981,4.007953339,3.273543227,3.896558894,3.323412485,2.797732642,2.031326179,7.88101,51,55,59,7.88101,51,55,59,7.434038,59,68,77,7.732019333,2.48314856,2.48314856,3.28671184,2.751002987,0.648785333,0.534014933,0.712280267,0.631693511,-1.418536648,-2.928453733,1.33767361,3.185747648,2.987360999,1.859907432,1.39807178,-0.28,-0.28,-1.185,-0.581666667,-2.795115669,2.97110579,-2.988352801,2.993584904
441,Li0.78__P0Co-P1Mn-P2Mn-P3Co-P4Co-P5Co__P6Co-P7Ni-P8Mn,Mn,3.551425755,1-2-3-7-8-Mn-Mn-Co-Ni-Mn,-122.4065237,1.15981474,0,1.15981474,1.15981474,0.78,8.2111489,4.554529176,1.904164834,77,158,381.9999983,165.9999983,151.9999983,106.3999988,107.200746,44.79925402,13.78965781,9.617066925,1.954816061,1.929048912,1.931335376,1.938400116,5.755,5.797,8.358,6.636666667,4.998,14.912,24.908,10.27669452,7.735523145,2.541171375,51.36291921,3.593281392,2.579746116,1.89,1.89,1.56,5.34,1.78,-1.252329549,-3.981235637,1.514449209,3.527489898,3.013028092,-1.29302717,-4.075699223,1.53819508,3.593452382,3.047278134,-1.373473017,-2.360544171,1.334062011,3.008120553,2.929108519,-3.323156888,-4.396180684,2.197805765,4.482971628,3.027029534,1.7985051,2.714175013,2.041224142,2.725039529,2.040869262,3.849863379,3.322350231,7.434038,59,68,77,7.434038,59,68,77,7.88101,51,55,59,7.583028667,3.28671184,3.28671184,2.48314856,3.018857413,0.721163325,0.725822427,0.414036675,0.620340809,-1.306276578,-3.47249301,1.462235433,3.376354278,2.996471582,2.01688031,0.923687673,-1.185,-1.185,-0.28,-0.883333333,-3.264314365,2.983864962,-3.65750933,3.00771578
442,Li0.78__P0Co-P1Mn-P2Co-P3Mn-P4Co-P5Co__P6Co-P7Ni-P8Mn,Mn,3.514837955,1-2-3-7-8-Mn-Co-Mn-Ni-Mn,-122.3246495,1.25147029,0,1.25147029,1.25147029,0.78,7.701365815,4.417131832,1.580141496,77,158,381.9999949,165.9999949,151.9999949,106.3999964,106.1558409,45.84415913,13.22862603,10.68373615,1.948859154,1.932388513,1.927842098,1.936363255,5.758,8.358,5.799,6.638333333,4.998,14.917,24.913,10.28779269,7.743549711,2.544242979,51.41838787,3.57637439,2.581723357,1.89,1.56,1.89,5.34,1.78,-0.884962211,-3.274534989,1.745184017,3.432375071,3.157022776,-1.298402557,-2.3020861,1.399232245,3.020419914,2.94923907,-1.330451703,-4.05117835,1.501119083,3.574053752,3.045718309,-3.342341822,-4.373174502,2.110467303,4.593812112,2.963454414,1.80658402,2.717143105,2.21107654,3.834019183,3.294432586,2.753488563,2.066516381,7.434038,59,68,77,7.88101,51,55,59,7.434038,59,68,77,7.583028667,3.28671184,2.48314856,3.28671184,3.018857413,0.570688064,0.406329973,0.734494695,0.570504244,-1.171272157,-3.20926648,1.548511782,3.342282912,3.050660052,2.171069665,1.163908023,-1.185,-0.28,-1.185,-0.883333333,-3.051548033,3.035305526,-3.376962096,3.059926631
443,Li0.78__P0Co-P1Co-P2Mn-P3Mn-P4Co-P5Co__P6Co-P7Ni-P8Mn,Mn,3.36575578,1-2-3-7-8-Co-Mn-Mn-Ni-Mn,-121.9859753,1.25282349,0,1.25282349,1.25282349,0.78,8.603385887,4.12662136,2.574549953,77,158,382.0000012,166.0000012,152.0000012,106.4000008,103.0059247,48.99407528,15.32709589,13.33802534,1.991452319,1.914331758,1.91360579,1.939796622,8.302,5.794,5.795,6.630333333,4.991,14.9,24.882,10.22377489,7.721552428,2.502222465,51.02686049,3.561718304,2.559619046,1.56,1.89,1.89,5.34,1.78,-1.327542723,-2.293357755,1.278748435,2.943472537,2.886545723,-1.657282207,-4.304219047,1.223558311,3.577428811,3.047359609,-1.651305817,-4.311939708,1.223982437,3.57616505,3.040917036,-3.481994681,-4.562358935,1.867028854,4.734818171,3.003862181,1.843282386,3.886581662,3.243062637,2.823025347,2.107577596,2.806220074,2.106375585,7.88101,51,55,59,7.434038,59,68,77,7.434038,59,68,77,7.583028667,2.48314856,3.28671184,3.28671184,3.018857413,0.389123636,0.743381299,0.741088571,0.624531169,-1.545376916,-3.636505503,1.242096394,3.365688799,2.991607456,1.936617765,0.925853432,-0.28,-1.185,-1.185,-0.883333333,-3.364094418,2.970304554,-3.889640345,3.01141211
444,Li0.78__P0Co-P1Mn-P2Mn-P3Mn-P4Co-P5Co__P6Co-P7Ni-P8Mn,Mn,3.21579037,1-2-3-7-8-Mn-Mn-Mn-Ni-Mn,-124.5978011,1.3835203,0,1.3835203,1.3835203,0.78,9.093132176,5.262942226,3.222688615,75,156,378.000002,162.000002,148.000002,103.6000014,97.82448174,50.17551826,19.83177915,13.98267468,1.987037111,1.933198431,1.930314607,1.950183383,5.763,5.822,5.764,5.783,5.004,12.345,22.353,8.897929318,7.699102386,1.198826932,44.52523831,2.962264151,2.563323482,1.89,1.89,1.89,5.67,1.89,-0.793432794,-2.997764902,1.595253257,3.347317137,3.289382319,-1.969490023,-4.319046519,0.891561579,3.530585363,3.146812862,-1.891409347,-4.408194627,0.975504185,3.54007205,3.061645168,-3.872083297,-4.991205041,1.904495518,5.255603597,3.121919007,1.786400809,2.719289341,2.184881211,2.981340499,2.21240722,2.915332364,2.119173011,7.434038,59,68,77,7.434038,59,68,77,7.434038,59,68,77,7.434038,3.28671184,3.28671184,3.28671184,3.28671184,0.439529708,0.734932626,0.725940849,0.633467728,-1.551444055,-3.908335349,1.15410634,3.472658183,3.165946783,2.320639243,1.082869691,-1.185,-1.185,-1.185,-1.185,-3.860297339,3.172724453,-4.047511365,3.147253192
445,Li0.78__P0Co-P1Fe-P2Co-P3Co-P4Co-P5Co__P6Co-P7Ni-P8Mn,Fe,3.259059045,1-2-3-7-8-Fe-Co-Co-Ni-Mn,-115.9231137,0.97312151,0,0.97312151,0.97312151,0.78,7.361729185,1.151867222,1.191064051,80,161,388,172,158,110.6,116.0920004,41.90799958,8.915279258,7.676551518,1.889657577,1.914938202,1.914700273,1.906432017,7.326,8.375,8.377,8.026,4.985,19.093,29.063,12.62549946,7.844801909,4.780697553,62.93811482,4.243999362,2.611953011,1.61,1.56,1.56,4.73,1.576666667,-1.390024204,-3.461967973,1.226203157,3.405655103,3.241170893,-1.33317561,-2.347330052,1.495137887,3.061380289,2.953275301,-1.353888664,-2.369997941,1.472133288,3.059786171,2.950032858,-3.130374279,-4.198193046,2.157058549,4.103495789,3.000853556,1.847980354,3.072885058,2.346823478,3.947494222,3.260113624,3.959268564,3.243030799,7.9024681,58,62,66,7.88101,51,55,59,7.88101,51,55,59,7.8881627,3.778409415,2.48314856,2.48314856,2.914902178,0.702492147,0.536967016,0.551556021,0.597005061,-1.359029492,-2.726431989,1.397824777,3.175607188,3.048159684,1.771344787,1.471761058,-0.447,-0.28,-0.28,-0.335666667,-2.648233145,3.027641317,-2.791506631,3.065198419
446,Li0.78__P0Co-P1Co-P2Fe-P3Co-P4Co-P5Co__P6Co-P7Ni-P8Mn,Fe,3.48816928,1-2-3-7-8-Co-Fe-Co-Ni-Mn,-115.4489628,0.83092314,0,0.83092314,0.83092314,0.78,7.287619436,0.914905266,1.707106498,80,161,388.0000014,172.0000014,158.0000014,110.600001,114.2192857,43.78071434,8.557364931,9.44970717,1.940826844,1.89702757,1.90361463,1.913823014,8.33,7.399,8.384,8.037666667,4.982,19.131,29.095,12.59655024,7.810287338,4.786262901,62.75601329,4.215300469,2.600422089,1.56,1.61,1.56,4.73,1.576666667,-1.421710897,-2.424077552,1.33654948,3.021796594,2.922898491,-1.857493348,-3.666721369,1.119252,3.471950667,3.210602987,-1.396869283,-2.428534338,1.421706534,3.079163143,2.971787543,-3.105871214,-4.180956948,2.090719999,3.936794354,3.006346468,1.866256171,3.965093554,3.21888834,3.369287029,2.688559701,3.923963937,3.248984806,7.88101,51,55,59,7.9024681,58,62,66,7.88101,51,55,59,7.8881627,2.48314856,3.778409415,2.48314856,2.914902178,0.754676064,0.810310638,0.679957181,0.748314628,-1.558691176,-2.839777753,1.292502672,3.190970135,3.03509634,1.547180038,1.341179195,-0.28,-0.447,-0.28,-0.335666667,-2.769380723,3.020133541,-2.873958698,3.041552894
447,Li0.78__P0Co-P1Co-P2Co-P3Fe-P4Co-P5Co__P6Co-P7Ni-P8Mn,Fe,3.646952135,1-2-3-7-8-Co-Co-Fe-Ni-Mn,-115.7675505,1.05641722,0,1.05641722,1.05641722,0.78,7.462197379,1.65678653,1.758205807,80,161,388.0000009,172.0000009,158.0000009,110.6000006,114.9207856,43.0792144,9.996284835,8.602878146,1.938847391,1.90577636,1.896294224,1.913639325,8.326,8.383,7.357,8.022,4.98,19.086,29.046,12.57270844,7.807819381,4.764889055,62.61208801,4.220919606,2.600448412,1.56,1.56,1.61,4.73,1.576666667,-1.408002717,-2.411692908,1.331557285,3.028911119,2.941927738,-1.407775375,-2.432107419,1.406036979,3.086165092,2.987712624,-1.900142119,-3.774488313,1.040983863,3.470081323,3.192345043,-3.297805139,-4.356329137,1.963826663,4.354222359,3.012471243,1.870435319,3.940742481,3.226512139,3.902525738,3.282794576,3.442561218,2.501082599,7.88101,51,55,59,7.88101,51,55,59,7.9024681,58,62,66,7.8881627,2.48314856,2.48314856,3.778409415,2.914902178,0.530445812,0.514289529,0.801659948,0.615465096,-1.571973404,-2.87276288,1.259526043,3.195052511,3.040661802,1.725831736,1.483566257,-0.28,-0.28,-0.447,-0.335666667,-2.789658227,3.026695908,-3.009071741,3.063405632
448,Li0.78__P0Co-P1Fe-P2Fe-P3Co-P4Co-P5Co__P6Co-P7Ni-P8Mn,Fe,3.153223755,1-2-3-7-8-Fe-Fe-Co-Ni-Mn,-116.3285624,0.948129,0,0.948129,0.948129,0.78,8.258498738,3.005706686,2.255420439,79,160,386.0000011,170.0000011,156.0000011,109.2000008,111.5163509,44.48364915,11.97558278,9.95226542,1.915777825,1.91873645,1.913711021,1.916075099,7.312,7.349,8.374,7.678333333,4.984,18.051,28.019,12.02264255,7.803461007,4.219181546,59.92085048,4.044839882,2.602496845,1.61,1.61,1.56,4.78,1.593333333,-2.083090621,-3.8852061,1.043798034,3.499659481,3.160452047,-1.65138304,-3.566757409,1.144746892,3.421232469,3.191343055,-1.303566711,-2.352893045,1.407921458,3.066453003,2.989825516,-3.359503175,-4.441121337,1.950708288,4.307632175,3.040704012,1.858900816,3.716491821,2.46041846,3.366865002,2.399930894,3.852573573,3.204541459,7.9024681,58,62,66,7.9024681,58,62,66,7.88101,51,55,59,7.8953154,3.778409415,3.778409415,2.48314856,3.346655797,0.82966516,0.776889628,0.498417021,0.70165727,-1.679346791,-3.268285518,1.198822128,3.329114984,3.11387354,1.680156384,1.172835819,-0.447,-0.447,-0.28,-0.391333333,-3.178807676,3.101958083,-3.404852686,3.131452009
449,Li0.78__P0Co-P1Fe-P2Co-P3Fe-P4Co-P5Co__P6Co-P7Ni-P8Mn,Fe,3.130420655,1-2-3-7-8-Fe-Co-Fe-Ni-Mn,-116.2476547,1.03079618,0,1.03079618,1.03079618,0.78,7.632649761,2.932722582,1.730285186,79,160,385.9999988,169.9999988,155.9999988,109.1999992,113.2674796,42.73252038,10.73193899,8.243684751,1.915359185,1.922598063,1.911519177,1.916492142,7.316,8.365,7.354,7.678333333,4.985,18.05,28.02,12.0177343,7.803364026,4.214370272,59.90840548,4.036039338,2.600434655,1.61,1.56,1.61,4.78,1.593333333,-1.615372567,-3.366586827,1.155113266,3.364854511,3.186660525,-1.381075403,-2.397406134,1.378967108,3.048347976,2.958175008,-1.655767593,-3.409105971,1.159815228,3.391730531,3.201169387,-3.329153802,-4.40979395,1.987845366,4.359949982,3.016881265,1.843863285,3.409476786,2.543684558,3.872936828,3.283692405,3.446708812,2.53705875,7.9024681,58,62,66,7.88101,51,55,59,7.9024681,58,62,66,7.8953154,3.778409415,2.48314856,3.778409415,3.346655797,0.770535864,0.473017801,0.775509686,0.673021117,-1.550738521,-3.057699644,1.231298534,3.268311006,3.115334973,1.778415281,1.352094306,-0.447,-0.28,-0.447,-0.391333333,-3.002296015,3.102155265,-3.155862527,3.138704648
450,Li0.78__P0Co-P1Co-P2Fe-P3Fe-P4Co-P5Co__P6Co-P7Ni-P8Mn,Fe,3.00750148,1-2-3-7-8-Co-Fe-Fe-Ni-Mn,-116.0771685,1.02342172,0,1.02342172,1.02342172,0.78,6.983746151,1.228934089,1.581104945,79,160,386.0000012,170.0000012,156.0000012,109.2000008,112.5792542,43.42074582,10.08311728,8.958018074,1.957895371,1.903289002,1.902885245,1.921356539,8.316,7.349,7.352,7.672333333,4.98,18.037,27.997,11.97223536,7.77714932,4.195086038,59.62173208,4.008585967,2.590276421,1.56,1.61,1.61,4.78,1.593333333,-1.37334,-2.361345992,1.302197114,2.976077713,2.895924837,-1.80878359,-3.359610343,1.168467621,3.407449903,3.206041595,-1.091572612,-2.642960892,1.466988973,3.33073012,3.317350416,-3.279016345,-4.338541369,2.030451215,4.302438065,3.005537915,1.849634559,3.935302334,3.210006085,3.707748565,2.702072933,3.474999146,2.565943398,7.88101,51,55,59,7.9024681,58,62,66,7.9024681,58,62,66,7.8953154,2.48314856,3.778409415,3.778409415,3.346655797,0.531593158,0.795919211,0.464621579,0.597377982,-1.424565401,-2.787972409,1.312551236,3.238085912,3.139772283,1.854450944,1.55056896,-0.28,-0.447,-0.447,-0.391333333,-2.761259811,3.1239442,-2.877703676,3.142910451
451,Li0.78__P0Co-P1Fe-P2Fe-P3Fe-P4Co-P5Co__P6Co-P7Ni-P8Mn,Fe,2.999317895,1-2-3-7-8-Fe-Fe-Fe-Ni-Mn,-116.5360803,1.08049707,0,1.08049707,1.08049707,0.78,7.623611694,3.885016376,1.834804989,78,159,384.000004,168.000004,154.000004,107.8000028,109.7024163,44.29758366,14.59695986,9.867193044,1.934954497,1.919284852,1.919178961,1.92447277,7.309,7.355,7.398,7.354,4.985,17.077,27.047,11.46427974,7.771074478,3.693205267,57.14943453,3.809890516,2.589367456,1.61,1.61,1.61,4.83,1.61,-1.493015178,-3.134502854,1.210397496,3.312926493,3.180553713,-1.530596176,-3.198401893,1.188552254,3.334685211,3.194543725,-1.454890043,-3.038553211,1.277743841,3.320188987,3.205893373,-3.37615369,-4.476443535,2.064395249,4.45665076,3.056484878,1.83218662,3.524557299,2.525938309,3.49731464,2.529540493,3.607005332,2.527998369,7.9024681,58,62,66,7.9024681,58,62,66,7.9024681,58,62,66,7.9024681,3.778409415,3.778409415,3.778409415,3.778409415,0.748215927,0.757146214,0.735808094,0.747056745,-1.492833799,-3.123819319,1.22556453,3.32260023,3.193663604,1.883319891,1.352624216,-0.447,-0.447,-0.447,-0.447,-3.123109442,3.19375612,-3.124588565,3.193599403
452,Li0.78__P0Co-P1Al-P2Co-P3Co-P4Co-P5Co__P6Co-P7Ni-P8Mn,Al,3.558367345,1-2-3-7-8-Al-Co-Co-Ni-Mn,-124.0302512,0.74052115,0,0.74052115,0.74052115,0.78,6.466944677,0.392502438,0.486505152,67,148,378.0000003,162.0000003,148.0000003,103.6000002,106.6071489,41.39285114,8.548855793,6.176709144,1.898232,1.912302961,1.913568663,1.908034541,0.704,8.376,8.382,5.820666667,5.029,12.433,22.491,9.131228012,7.907194754,1.224033258,45.92094567,4.20075743,2.629845036,1.83,1.56,1.56,4.95,1.65,-2.627921661,-6.236245906,7.752866774,7.715639279,5.277433649,-1.271680315,-2.329260117,1.585070178,3.102670199,2.961667854,-1.263858024,-2.30300325,1.621529288,3.097411244,2.949500099,-2.737127167,-3.738144217,3.346012506,3.477648317,3.185055396,1.829026217,0,0,3.955770299,3.204051029,3.994345248,3.220513768,5.985769,56.8,57.8,58.8,7.88101,51,55,59,7.88101,51,55,59,7.249263,6.91638435,2.48314856,2.48314856,3.960893823,0.037201235,0.63678411,0.623127945,0.432371096,-1.721153333,-3.622836424,3.653155413,4.638573574,3.729533867,1.015973834,0.115307793,-1.676,-0.28,-0.28,-0.745333333,-2.490279635,3.05873727,-2.428698854,3.022238722
453,Li0.78__P0Co-P1Co-P2Al-P3Co-P4Co-P5Co__P6Co-P7Ni-P8Mn,Al,3.387787045,1-2-3-7-8-Co-Al-Co-Ni-Mn,-123.7440702,0.87263704,0,0.87263704,0.87263704,0.78,6.734408329,0.695686262,0.537175179,67,148,377.9999997,161.9999997,147.9999997,103.5999998,106.378947,41.62105296,9.281212493,6.215856733,1.924476237,1.900361385,1.891713114,1.905516912,8.332,0.721,8.365,5.806,5.024,12.394,22.442,9.130809053,7.910081936,1.220727117,45.87318468,4.192254249,2.63391447,1.56,1.83,1.56,4.95,1.65,-1.358721031,-2.403163642,1.469477989,3.070255568,2.930819508,-2.623413282,-6.337194251,7.81528604,7.810266293,5.33425227,-1.232741688,-2.350715136,1.536833221,3.089902428,2.951028996,-2.666230585,-3.665801555,3.305244851,3.538867625,3.201357529,1.874344493,3.994903552,3.174704023,0,0,3.909614244,3.064951312,7.88101,51,55,59,5.985769,56.8,57.8,58.8,7.88101,51,55,59,7.249263,2.48314856,6.91638435,2.48314856,3.960893823,0.613810383,0.038292434,0.543864481,0.398655766,-1.738292,-3.697024343,3.607199083,4.656808096,3.738700258,0.927938584,-0.031222788,-0.28,-1.676,-0.28,-0.745333333,-2.559980411,3.051218715,-2.505272392,3.01696276
454,Li0.78__P0Co-P1Co-P2Co-P3Al-P4Co-P5Co__P6Co-P7Ni-P8Mn,Al,3.382305495,1-2-3-7-8-Co-Co-Al-Ni-Mn,-123.7881151,0.93728524,0,0.93728524,0.93728524,0.78,6.596870023,0.05438656,0.962744205,67,148,377.9999992,161.9999992,147.9999992,103.5999994,103.5067813,44.49321869,11.00367536,8.482973175,1.924109087,1.894395209,1.900806677,1.906436991,8.333,8.363,0.721,5.805666667,5.024,12.393,22.441,9.124749708,7.906200661,1.218549048,45.84274253,4.188328284,2.632236967,1.56,1.56,1.83,4.95,1.65,-1.499167223,-2.488238748,1.374842453,3.080823612,2.954872284,-1.583938982,-2.561868421,1.403298078,3.088433589,2.924807982,-2.789138067,-6.540423037,7.848347922,7.858179861,5.343116044,-2.978025807,-3.932255272,3.186811865,3.915311047,3.189215871,1.899843614,4.008946337,3.291824434,4.01491425,3.383226053,0,0,7.88101,51,55,59,7.88101,51,55,59,5.985769,56.8,57.8,58.8,7.249263,2.48314856,2.48314856,6.91638435,3.960893823,0.665717615,0.723844173,0.038985569,0.476182453,-1.957414757,-3.863510069,3.542162818,4.675812354,3.740932103,1.02061105,0.068745204,-0.28,-0.28,-1.676,-0.745333333,-2.711521574,3.051180483,-2.636132424,3.004814746
455,Li0.78__P0Co-P1Al-P2Al-P3Co-P4Co-P5Co__P6Co-P7Ni-P8Mn,Al,3.381184385,1-2-3-7-8-Al-Al-Co-Ni-Mn,-132.6120954,0.85152474,0.0034,0.8497,0.8531,0.78,6.980179409,0.433806636,0.230800149,53,134,366.0000005,150.0000005,136.0000005,95.20000035,93.88181799,42.11818201,7.800910025,5.491054827,1.890149121,1.894058321,1.913521909,1.899243117,0.701,0.72,8.359,3.26,5.081,4.699,14.861,5.119391128,8.026060451,-2.906669323,26.01162632,3.721628845,2.659111481,1.83,1.83,1.56,5.22,1.74,-0.75145853,-6.302776143,8.630284552,8.410913673,5.239345631,-1.163334387,-6.323767465,8.546429644,8.36270802,5.300992652,-1.182902219,-2.315258779,1.580814765,3.110282107,2.943529638,-2.437413141,-3.550126914,5.476490351,3.290513141,3.646243655,1.800782256,0,0,0,0,3.90585674,3.053673281,5.985769,56.8,57.8,58.8,5.985769,56.8,57.8,58.8,7.88101,51,55,59,6.617516,6.91638435,6.91638435,2.48314856,5.438639087,0.037436943,0.038725265,0.511378754,0.195846987,-1.032565045,-4.980600796,6.252509653,6.627967933,4.49462264,1.404848096,-1.430473882,-1.676,-1.676,-0.28,-1.210666667,-2.960235192,3.318908509,-2.833539277,3.245196627
456,Li0.78__P0Co-P1Al-P2Co-P3Al-P4Co-P5Co__P6Co-P7Ni-P8Mn,Al,2.97525124,1-2-3-7-8-Al-Co-Al-Ni-Mn,-132.6068581,0.76269065,0.0381,0.7386,0.7767,0.78,6.828592266,0.305802715,0.243603197,53,134,366.0000003,150.0000003,136.0000003,95.20000021,93.72641293,42.27358707,8.401472521,5.739782924,1.88932451,1.915868712,1.892928387,1.89937387,0.703,8.353,0.721,3.259,5.081,4.696,14.858,5.112884071,8.025582453,-2.912698382,25.97856397,3.726772737,2.657587139,1.83,1.56,1.83,5.22,1.74,-0.538824123,-6.290168584,8.676895944,8.451161902,5.243442782,-1.24501337,-2.33465217,1.616905943,3.111523216,2.927850032,-1.053181484,-6.292472285,8.534958315,8.358824197,5.303505243,-2.410717275,-3.499465066,5.444873038,3.187417275,3.622254563,1.814587527,0,0,3.927057055,3.186359495,0,0,5.985769,56.8,57.8,58.8,7.88101,51,55,59,5.985769,56.8,57.8,58.8,6.617516,6.91638435,2.48314856,6.91638435,5.438639087,0.038273093,0.550979379,0.039297246,0.209516573,-0.945672992,-4.972431013,6.276253401,6.640503105,4.491599352,1.465044283,-1.472965947,-1.676,-0.28,-1.676,-1.210666667,-2.965240956,3.301724259,-2.822952888,3.21737622
457,Li0.78__P0Co-P1Co-P2Al-P3Al-P4Co-P5Co__P6Co-P7Ni-P8Mn,Al,3.31936153,1-2-3-7-8-Co-Al-Al-Ni-Mn,-132.3573225,0.83743946,0,0.83743946,0.83743946,0.78,6.757884734,0.141498491,0.223872229,53,134,365.9999998,149.9999998,135.9999998,95.19999986,93.92424082,42.07575918,7.827130004,5.675548832,1.946667066,1.8698923,1.870468343,1.895675903,8.315,0.723,0.724,3.254,5.088,4.674,14.85,5.045125353,8.054884767,-3.009759414,25.66959779,3.647931483,2.630327093,1.56,1.83,1.83,5.22,1.74,-1.257478924,-2.307829662,1.55372712,3.063517887,2.905785435,-1.270774676,-6.046732813,8.622893338,8.189163326,5.286253324,-1.23198517,-6.046194427,8.582692822,8.179502466,5.283152262,-2.262041684,-3.167868128,5.304987733,3.099481144,3.365456925,1.849823926,4.00294791,3.141940733,0,0,0,0,7.88101,51,55,59,5.985769,56.8,57.8,58.8,5.985769,56.8,57.8,58.8,6.617516,2.48314856,6.91638435,6.91638435,5.438639087,0.548671831,0.039135518,0.03904482,0.208950723,-1.253412923,-4.800252301,6.253104427,6.47739456,4.49173034,1.008628761,-1.632384173,-0.28,-1.676,-1.676,-1.210666667,-2.907509216,3.287365455,-2.774108167,3.202481711
458,Li0.78__P0Co-P1Al-P2Al-P3Al-P4Co-P5Co__P6Co-P7Ni-P8Mn,Al,3.114867475,1-2-3-7-8-Al-Al-Al-Ni-Mn,-141.3049072,0.65503134,0.0123,0.6513,0.6636,0.78,7.028233695,0.004003035,0,39,120,354.0000015,138.0000015,124.0000015,86.80000105,80.40104818,43.59895182,8.09901635,5.999124287,1.880475566,1.878296857,1.877953718,1.878908714,0.7,0.72,0.723,0.714333333,5.143,-3,7.286,1.140565764,8.21168444,-7.071118676,5.865929725,0.3804219,2.737243832,1.83,1.83,1.83,5.49,1.83,-5.24023492,-6.343620927,5.533394605,6.102210471,5.20314876,-5.090319695,-6.147554915,6.197128448,6.133000425,5.248155969,-5.030863898,-6.169083767,6.17894543,6.191616689,5.251652906,-3.129799325,-3.319181076,5.020109635,3.793399325,2.210566698,1.800368747,0,0,0,0,0,0,5.985769,56.8,57.8,58.8,5.985769,56.8,57.8,58.8,5.985769,56.8,57.8,58.8,5.985769,6.91638435,6.91638435,6.91638435,6.91638435,0.039539608,0.040812745,0.040929412,0.040427255,-5.120472837,-6.220086536,5.969822827,6.142275861,5.234319212,-1.990673513,-2.900905461,-1.676,-1.676,-1.676,-1.676,-6.219235274,5.234533632,-6.218740691,5.234663093
459,Li0.67__P0Co-P1Ni-P2Co-P3Co-P4Co-P5Co__P6Co-P7Co-P8Co,Ni,2.635470765,1-2-3-Ni-Co-Co,-106.557214,-0.06709381,0,-0.06709381,-0.06709381,0.67,6.745214018,0.669674853,1.056582336,82,163,398.000001,182.000001,170.000001,119.0000007,123.7706031,40.22939691,3.308972469,6.579007673,1.889940163,1.865634224,1.862625684,1.872733357,9.363,8.382,8.382,8.709,4.924,21.203,31.051,13.94706622,7.888270423,6.0587958,68.67535408,4.66134716,2.628453749,1.53,1.56,1.56,4.65,1.55,-2.435013686,-3.163872573,0.809389883,2.825409285,2.6145946,-1.421073233,-2.514287207,1.462537324,3.12551814,3.001069543,-1.389964142,-2.480807603,1.491978188,3.124847207,3.001902401,-2.837601177,-3.87836873,1.486892703,2.770507367,2.872060918,2.083853749,4.528760807,3.557503246,3.975103289,3.134942327,4.015801829,3.097270032,7.639878,46,49,52,7.88101,51,55,59,7.88101,51,55,59,7.800632667,2.02617786,2.48314856,2.48314856,2.330824993,1.273184896,1.138548698,1.140615885,1.184116493,-1.748683687,-2.719655794,1.254635132,3.025258211,2.872522181,1.08891749,1.158712936,-0.257,-0.28,-0.28,-0.272333333,-2.737584107,2.862105424,-2.736352889,2.862821859
460,Li0.67__P0Co-P1Co-P2Ni-P3Co-P4Co-P5Co__P6Co-P7Co-P8Co,Ni,2.64700045,1-2-3-Co-Ni-Co,-106.5572237,-0.08066268,0,-0.08066268,-0.08066268,0.67,6.764397422,0.515354781,1.044659752,82,163,398.0000025,182.0000025,170.0000025,119.0000018,123.8555743,40.14442573,1.718998707,6.510908689,1.860453102,1.890293704,1.861537478,1.870761428,8.382,9.368,8.387,8.712333333,4.925,21.212,31.062,13.96661332,7.898282378,6.068330946,68.78557062,4.668158972,2.63161164,1.56,1.53,1.56,4.65,1.55,-1.400903894,-2.499925514,1.478944103,3.131203827,3.008179643,-2.403747228,-3.133062433,0.841758963,2.828470523,2.618354685,-1.409774423,-2.507810396,1.474594557,3.13300704,3.010258495,-2.825945782,-3.872250936,1.506025438,2.745283102,2.880317391,2.089510124,4.000827573,3.095333331,4.531825914,3.5544464,3.985347014,3.114890404,7.88101,51,55,59,7.639878,46,49,52,7.88101,51,55,59,7.800632667,2.48314856,2.02617786,2.48314856,2.330824993,1.13915599,1.274985156,1.149373177,1.187838108,-1.738141848,-2.713599448,1.265099208,3.030893797,2.878930941,1.087803934,1.158651488,-0.28,-0.257,-0.28,-0.272333333,-2.731227939,2.867979323,-2.728997933,2.86937519
461,Li0.67__P0Co-P1Co-P2Co-P3Ni-P4Co-P5Co__P6Co-P7Co-P8Co,Ni,2.58670073,1-2-3-Co-Co-Ni,-106.4964245,-0.0530257,0,-0.0530257,-0.0530257,0.67,6.712231521,0.342268598,1.145282268,82,163,398.000002,182.000002,170.000002,119.0000014,123.3328326,40.6671674,1.504453082,6.682968032,1.860395734,1.864157725,1.888884631,1.87114603,8.386,8.389,9.369,8.714666667,4.925,21.219,31.069,13.9678688,7.896588874,6.071279928,68.79175385,4.667505251,2.631249469,1.56,1.56,1.53,4.65,1.55,-1.442281699,-2.524439802,1.470882384,3.133042553,3.004672407,-1.426663288,-2.489353319,1.495561391,3.127559407,3.005035197,-2.452631835,-3.17926452,0.801181598,2.829630104,2.619305737,-2.869614795,-3.910012559,1.468302248,2.816589095,2.876105429,2.088493061,4.0465071,3.104921637,3.992091913,3.19384098,4.534608531,3.561102096,7.88101,51,55,59,7.88101,51,55,59,7.639878,46,49,52,7.800632667,2.48314856,2.48314856,2.02617786,2.330824993,1.141556104,1.153015844,1.272043896,1.188871948,-1.773858941,-2.731019214,1.255875124,3.030077355,2.876337781,1.095755854,1.178993345,-0.28,-0.28,-0.257,-0.272333333,-2.748027189,2.866573161,-2.746642178,2.867347548
462,Li0.67__P0Co-P1Mn-P2Co-P3Co-P4Co-P5Co__P6Co-P7Co-P8Co,Mn,3.179747875,1-2-3-Mn-Co-Co,-111.9490565,-0.03351491,0.0172,-0.0375,-0.0203,0.67,7.394797285,2.209954373,1.051630895,79,160,392.0000006,176.0000006,164.0000006,114.8000004,116.8961745,41.10382547,5.276200431,6.711882331,1.869523376,1.882028498,1.881759034,1.877770303,5.798,8.38,8.382,7.52,4.958,17.602,27.518,12.00831058,7.921173209,4.087137375,59.53720388,4.140403319,2.638617227,1.89,1.56,1.56,5.01,1.67,-0.716466512,-3.287613894,1.574043563,3.397578673,3.314783299,-1.493631727,-2.587087687,1.379094915,3.123326144,3.000867536,-1.47506718,-2.548038141,1.401233043,3.114741619,2.995280434,-2.902664138,-3.995521649,1.84652455,2.882364138,2.941399596,1.997994427,2.537984272,1.882864104,3.996896916,3.101060673,4.020317721,3.118736294,7.434038,59,68,77,7.88101,51,55,59,7.88101,51,55,59,7.732019333,3.28671184,2.48314856,2.48314856,2.751002987,0.732999479,1.133264323,1.139878646,1.002047483,-1.228388473,-2.807579907,1.451457174,3.211882145,3.103643756,1.674275665,1.187941742,-1.185,-0.28,-0.28,-0.581666667,-2.73423304,3.071399369,-2.743092803,3.07529231
463,Li0.67__P0Co-P1Co-P2Mn-P3Co-P4Co-P5Co__P6Co-P7Co-P8Co,Mn,3.140943395,1-2-3-Co-Mn-Co,-111.9488261,-0.04522687,0,-0.04522687,-0.04522687,0.67,6.879440478,0.197127877,0.962254878,79,160,392.0000007,176.0000007,164.0000007,114.8000005,117.7138073,40.28619265,0.719744959,6.389844024,1.882517898,1.86816576,1.878677494,1.876453717,8.367,5.799,8.367,7.511,4.957,17.576,27.49,12.00235842,7.925138548,4.077219874,59.4956907,4.117290821,2.640195199,1.56,1.89,1.56,5.01,1.67,-1.368425518,-2.435147544,1.476737025,3.102312975,2.99266779,-0.87152361,-3.09912231,1.44736114,3.34141698,3.290636883,-1.38066616,-2.435232241,1.450181621,3.09502368,2.989999778,-2.93059478,-4.049863573,1.789467167,2.88536791,2.943536074,1.972339442,4.013746677,3.109683377,2.791936264,2.027645784,3.967874896,3.17190074,7.88101,51,55,59,7.434038,59,68,77,7.88101,51,55,59,7.732019333,2.48314856,3.28671184,2.48314856,2.751002987,1.148223057,0.749713212,1.143054663,1.013663644,-1.206871763,-2.656500698,1.458093262,3.179584545,3.091101484,1.723723018,1.393362875,-0.28,-1.185,-0.28,-0.581666667,-2.598992055,3.065175651,-2.598872948,3.065124988
464,Li0.67__P0Co-P1Co-P2Co-P3Mn-P4Co-P5Co__P6Co-P7Co-P8Co,Mn,3.15948597,1-2-3-Co-Co-Mn,-111.9490064,-0.04455802,0,-0.04455802,-0.04455802,0.67,6.925848759,0.131936874,0.970235901,79,160,392.000002,176.000002,164.000002,114.8000014,117.4386009,40.56139908,0.718459501,6.389689147,1.882455286,1.878853836,1.865907022,1.875738715,8.375,8.367,5.8,7.514,4.958,17.584,27.5,12.01063157,7.929789905,4.08084167,59.54871135,4.119980294,2.641458893,1.56,1.56,1.89,5.01,1.67,-1.36705369,-2.440354521,1.473453478,3.106706974,2.997585936,-1.381365322,-2.44066233,1.445568244,3.096532732,2.991782291,-0.872201347,-3.108377722,1.445184216,3.343582652,3.292691824,-2.926915872,-4.05134322,1.804922419,2.882357852,2.953295132,1.976550036,4.011275833,3.098199004,3.963686729,3.164370822,2.790987388,2.017568011,7.88101,51,55,59,7.88101,51,55,59,7.434038,59,68,77,7.732019333,2.48314856,2.48314856,3.28671184,2.751002987,1.146506234,1.143647532,0.749650909,1.013268225,-1.206873453,-2.663131525,1.454735313,3.182274119,3.094020017,1.720042419,1.388211695,-0.28,-0.28,-1.185,-0.581666667,-2.605216409,3.06817525,-2.605212556,3.068178982
465,Li0.67__P0Co-P1Fe-P2Co-P3Co-P4Co-P5Co__P6Co-P7Co-P8Co,Fe,2.93219207,1-2-3-Fe-Co-Co,-109.0476032,-0.03598986,0,-0.03598986,-0.03598986,0.67,6.719326213,1.300542523,1.057652957,80,161,394.0000016,178.0000016,166.0000016,116.2000011,118.9507567,41.04924331,5.248696818,7.185059094,1.836666511,1.876802626,1.877681607,1.863716915,7.362,8.387,8.386,8.045,4.95,19.185,29.085,12.94326508,7.968794076,4.974471003,64.06916214,4.335553855,2.653584183,1.61,1.56,1.56,4.73,1.576666667,-1.150273631,-2.886419735,1.570329405,3.442658261,3.373986951,-1.510464379,-2.559025295,1.430991944,3.122915548,2.99115095,-1.48423794,-2.538175185,1.436403101,3.121145672,2.994521965,-2.987265296,-4.054637073,1.760593021,2.951275436,2.927810159,2.024036422,3.558560878,2.341880075,4.064478749,3.165504841,4.03701986,3.168004202,7.9024681,58,62,66,7.88101,51,55,59,7.88101,51,55,59,7.8881627,3.778409415,2.48314856,2.48314856,2.914902178,0.969715969,1.150948168,1.148110471,1.089591536,-1.38165865,-2.661206738,1.479241484,3.228906494,3.119886622,1.605606646,1.393430335,-0.447,-0.28,-0.28,-0.335666667,-2.645668949,3.102342192,-2.648826955,3.105907251
466,Li0.67__P0Co-P1Co-P2Fe-P3Co-P4Co-P5Co__P6Co-P7Co-P8Co,Fe,3.007942345,1-2-3-Co-Fe-Co,-109.0477504,-0.02315433,0,-0.02315433,-0.02315433,0.67,7.225968354,1.991090392,1.323539757,80,161,394.0000035,178.0000035,166.0000035,116.2000025,118.3763604,41.6236396,3.90373717,7.536013229,1.880659314,1.832404989,1.874627691,1.862563998,8.377,7.362,8.38,8.039666667,4.95,19.169,29.069,12.9421807,7.97394787,4.968232831,64.06379447,4.340041816,2.654132998,1.56,1.61,1.56,4.73,1.576666667,-1.423885905,-2.461515447,1.474042811,3.098935324,2.978596368,-1.716996138,-3.66454025,1.189161037,3.497109526,3.239716677,-1.306629754,-2.398494911,1.502168531,3.116467646,3.019919163,-3.000359703,-4.109131198,1.640230689,2.977205373,2.951424901,2.047574583,4.007774716,3.208931517,3.306025474,2.522374852,3.896744069,3.154342911,7.88101,51,55,59,7.9024681,58,62,66,7.88101,51,55,59,7.8881627,2.48314856,3.778409415,2.48314856,2.914902178,1.15679555,0.865874346,1.130711257,1.051127051,-1.482503932,-2.841516869,1.38845746,3.237504165,3.079410736,1.517855771,1.267614328,-0.28,-0.447,-0.28,-0.335666667,-2.769451192,3.065143452,-2.769251885,3.06511351
467,Li0.67__P0Co-P1Co-P2Co-P3Fe-P4Co-P5Co__P6Co-P7Co-P8Co,Fe,2.91655616,1-2-3-Co-Co-Fe,-109.0477672,0.05747457,0,0.05747457,0.05747457,0.67,7.116539387,1.633549014,1.52095984,80,161,394.0000011,178.0000011,166.0000011,116.2000008,116.6734181,43.32658185,6.155555433,9.255801387,1.880203325,1.874884294,1.833770512,1.86295271,8.385,8.382,7.364,8.043666667,4.95,19.181,29.081,12.94606962,7.972213225,4.973856394,64.08304462,4.336956999,2.654375379,1.56,1.56,1.61,4.73,1.576666667,-1.522564819,-2.589840598,1.375711105,3.121347065,2.998598659,-1.413955248,-2.477188126,1.425307793,3.109230338,3.007005419,-1.734969245,-3.472548545,1.20121546,3.465432584,3.262481681,-3.10364568,-4.186037204,1.567804771,3.16112025,2.934405992,2.046698755,4.019112343,3.145918189,3.943969449,3.184021939,3.550596948,2.559289186,7.88101,51,55,59,7.88101,51,55,59,7.9024681,58,62,66,7.8881627,2.48314856,2.48314856,3.778409415,2.914902178,1.128615263,1.124697368,0.896787895,1.050033509,-1.557163104,-2.846525756,1.33407812,3.232003329,3.08936192,1.546482576,1.339511448,-0.28,-0.28,-0.447,-0.335666667,-2.801431343,3.076872849,-2.800913818,3.076723836
468,Li0.67__P0Co-P1Al-P2Co-P3Co-P4Co-P5Co__P6Co-P7Co-P8Co,Al,3.238041585,1-2-3-Al-Co-Co,-116.4377294,0.06277935,0,0.06277935,0.06277935,0.67,7.838235972,1.332279641,1.065165952,67,148,384.0000022,168.0000022,156.0000022,109.2000015,100.4407071,49.5592929,12.43731758,12.45056792,1.885902557,1.851887941,1.85264212,1.863477539,0.713,8.371,8.379,5.821,4.994,12.469,22.457,9.421050171,8.040386057,1.380664114,47.04872455,4.314405991,2.693802349,1.83,1.56,1.56,4.95,1.65,-3.765276158,-6.521136821,7.064018475,7.366673089,5.380747883,-1.780840619,-2.802135535,1.278728895,3.153871422,2.98289938,-1.448536672,-3.028379443,1.283215498,3.285431189,3.099119714,-2.761043501,-3.709801606,2.031543209,2.823822851,2.998782614,2.083489902,0,0,4.06079822,3.309378609,3.615506923,2.583680894,5.985769,56.8,57.8,58.8,7.88101,51,55,59,7.88101,51,55,59,7.249263,6.91638435,2.48314856,2.48314856,3.960893823,0.041233058,1.139612948,0.943680992,0.708175666,-2.33155115,-4.117217266,3.208654289,4.6019919,3.820922326,0.429492351,-0.40741566,-1.676,-0.28,-0.28,-0.745333333,-3.085891777,3.153011964,-2.974808262,3.08106031
469,Li0.67__P0Co-P1Co-P2Al-P3Co-P4Co-P5Co__P6Co-P7Co-P8Co,Al,3.311185705,1-2-3-Co-Al-Co,-116.5694843,-0.15552117,0,-0.15552117,-0.15552117,0.67,6.943730963,0.491750787,0.493701295,67,148,384.0000014,168.0000014,156.0000014,109.200001,109.6009584,40.39904164,2.066990434,5.53581418,1.851062651,1.882783601,1.845354097,1.85973345,8.378,0.714,8.37,5.820666667,4.996,12.466,22.458,9.440989457,8.05984761,1.381141847,47.16718333,4.338520467,2.700815101,1.56,1.83,1.56,4.95,1.65,-1.326402673,-2.452817751,1.541639419,3.142524974,3.002229629,-3.838022422,-6.214819703,6.780131721,7.098004328,5.35847824,-1.342698155,-2.541667604,1.465124779,3.143022127,2.996285694,-2.527060818,-3.480567527,2.258079692,2.371539648,2.977530364,2.051940555,3.9941898,3.043403751,0,0,3.919902777,2.940489584,7.88101,51,55,59,5.985769,56.8,57.8,58.8,7.88101,51,55,59,7.249263,2.48314856,6.91638435,2.48314856,3.960893823,1.177467473,0.041841129,1.175334946,0.798214516,-2.169041084,-3.736435019,3.26229864,4.46118381,3.785664521,0.358019734,-0.255867492,-0.28,-1.676,-0.28,-0.745333333,-2.668906278,3.108571677,-2.562159597,3.040482499
470,Li0.67__P0Co-P1Co-P2Co-P3Al-P4Co-P5Co__P6Co-P7Co-P8Co,Al,3.241442845,1-2-3-Co-Co-Al,-116.4586569,-0.15923473,0,-0.15923473,-0.15923473,0.67,6.807952221,0.814621421,0.475288572,67,148,384.0000024,168.0000024,156.0000024,109.2000017,109.2590511,40.74094891,2.618426568,5.982480134,1.856332979,1.842083884,1.880417443,1.859611435,8.382,8.361,0.713,5.818666667,4.997,12.459,22.453,9.433406083,8.06194349,1.371462593,47.1387302,4.337061378,2.700107152,1.56,1.56,1.83,4.95,1.65,-1.329757886,-2.443666637,1.580069731,3.155873274,3.008837777,-1.411109586,-2.597663169,1.435551785,3.140517457,2.978457059,-3.719504328,-6.243413972,6.919191645,7.195064419,5.361959595,-2.592363271,-3.519792386,2.381578338,2.433128541,3.003432025,2.064337073,4.021549279,3.07296234,3.944232958,2.977377034,0,0,7.88101,51,55,59,7.88101,51,55,59,5.985769,56.8,57.8,58.8,7.249263,2.48314856,2.48314856,6.91638435,3.960893823,1.158418407,1.140522527,0.041244124,0.780061686,-2.153457267,-3.761581259,3.311604387,4.497151717,3.78308481,0.438906005,-0.241788873,-0.28,-0.28,-1.676,-0.745333333,-2.690272521,3.102255395,-2.585686928,3.035503426
471,Li0.67__P0Co-P1Ni-P2Ni-P3Co-P4Co-P5Co__P6Co-P7Co-P8Co,Ni,2.314180615,1-2-3-Ni-Ni-Co,-104.8836242,-0.0590813,0.1012,-0.1158,-0.0146,0.67,6.982027229,0.303650006,1.282689851,83,164,399.9999974,183.9999974,171.9999974,120.3999982,125.5085686,40.49143137,1.896299154,7.053255963,1.889075171,1.889268003,1.856859857,1.878401011,9.366,9.364,8.388,9.039333333,4.912,22.206,32.03,14.43170236,7.845489097,6.58621326,70.88852198,4.821493581,2.614038872,1.53,1.53,1.56,4.62,1.54,-2.516056015,-3.245226122,0.729864819,2.8267815,2.615634062,-2.484145912,-3.211863852,0.755933124,2.822363787,2.612237923,-1.435234164,-2.51985844,1.447569171,3.124653045,3.003700499,-2.947353285,-3.95135864,1.181787,2.932753285,2.823620824,2.104064186,4.521030882,3.565877153,4.532245917,3.554211189,3.97257088,3.155287627,7.639878,46,49,52,7.639878,46,49,52,7.88101,51,55,59,7.720255333,2.02617786,2.02617786,2.48314856,2.178501427,1.258420519,1.264758961,1.131205714,1.218128398,-2.145145364,-2.992316138,0.977789038,2.924599444,2.743857495,0.802207921,0.959042502,-0.257,-0.257,-0.28,-0.264666667,-3.009891582,2.734172347,-3.009143922,2.734583667
472,Li0.67__P0Co-P1Ni-P2Co-P3Ni-P4Co-P5Co__P6Co-P7Co-P8Co,Ni,2.39558401,1-2-3-Ni-Co-Ni,-104.8809024,-0.04050556,0.0732,-0.0862,-0.013,0.67,7.016161835,0.323133775,1.311071062,83,164,400.0000011,184.0000011,172.0000011,120.4000008,125.3662999,40.63370012,1.899156193,7.175241014,1.889665081,1.856867738,1.88951532,1.878682713,9.365,8.389,9.364,9.039333333,4.913,22.205,32.031,14.42949602,7.84592281,6.583573214,70.89211397,4.820831968,2.614156996,1.53,1.56,1.53,4.62,1.54,-2.513176037,-3.241231277,0.729331422,2.824104517,2.613511126,-1.469953218,-2.559558436,1.41971398,3.128744459,3.005208612,-2.508267487,-3.237030115,0.734863426,2.822902381,2.611752583,-2.955842891,-3.958914375,1.173640227,2.942842891,2.823877949,2.104367759,4.530966262,3.556216284,3.964835902,3.159413872,4.531521594,3.554473789,7.639878,46,49,52,7.88101,51,55,59,7.639878,46,49,52,7.720255333,2.02617786,2.48314856,2.02617786,2.178501427,1.260690649,1.128145714,1.262929091,1.217255152,-2.163798914,-3.012606609,0.961302942,2.925250452,2.743490773,0.792043976,0.946307766,-0.257,-0.28,-0.257,-0.264666667,-3.029671763,2.733631334,-3.029188068,2.733910678
473,Li0.67__P0Co-P1Co-P2Ni-P3Ni-P4Co-P5Co__P6Co-P7Co-P8Co,Ni,2.276448065,1-2-3-Co-Ni-Ni,-104.6594749,-0.07372312,0,-0.07372312,-0.07372312,0.67,7.051784603,0.0000863,1.316797374,83,164,400.0000025,184.0000025,172.0000025,120.4000018,125.3608672,40.63913283,0.000573733,6.99284325,1.853607021,1.890367233,1.890470703,1.878148319,8.394,9.364,9.364,9.040666667,4.911,22.211,32.033,14.43526657,7.845102539,6.590164035,70.89159414,4.821880606,2.613804866,1.56,1.53,1.53,4.62,1.54,-1.36463364,-2.454282173,1.51986739,3.130818556,3.015031729,-2.532309597,-3.261964552,0.705195785,2.821476694,2.610956472,-2.532309597,-3.261964552,0.705195785,2.821476694,2.610956472,-2.949448621,-3.9593626,1.178606789,2.875725501,2.827271402,2.102538199,3.988035726,3.118497735,4.517317672,3.563301103,4.517317672,3.563301103,7.88101,51,55,59,7.639878,46,49,52,7.639878,46,49,52,7.720255333,2.48314856,2.02617786,2.02617786,2.178501427,1.150426753,1.257733247,1.257733247,1.221964416,-2.143084278,-2.992737092,0.976752987,2.924590648,2.745648224,0.806364344,0.966625508,-0.28,-0.257,-0.257,-0.264666667,-3.0119822,2.736020093,-3.008498519,2.737762943
474,Li0.67__P0Co-P1Mn-P2Mn-P3Co-P4Co-P5Co__P6Co-P7Co-P8Co,Mn,3.38814349,1-2-3-Mn-Mn-Co,-115.6911788,-0.09349536,0.0977,-0.1479,-0.0502,0.67,7.67,4.841505418,1.378257224,77,158,388.0000019,172.0000019,160.0000019,112.0000013,112.2216498,41.77835023,10.76163207,7.298501291,1.891566712,1.885731925,1.904013297,1.893770645,5.787,5.796,8.356,6.646333333,4.97,14.969,24.909,10.52160113,7.873308904,2.648292226,52.29235762,3.655373887,2.622059199,1.89,1.89,1.56,5.34,1.78,-1.052884107,-3.809324515,1.764216703,3.579504401,3.058765205,-1.033867396,-3.793837095,1.791888479,3.591564065,3.07500367,-1.356541383,-2.384696255,1.431692338,3.059041774,2.963357231,-2.909918695,-4.014932454,2.040312927,2.859718695,2.992010754,1.993144616,2.734614032,2.040225163,2.744159102,2.03377125,3.941960613,3.216537331,7.434038,59,68,77,7.434038,59,68,77,7.88101,51,55,59,7.583028667,3.28671184,3.28671184,2.48314856,3.018857413,0.696568394,0.699206995,1.140073057,0.845282815,-1.147764295,-3.329285955,1.662599174,3.410036747,3.032375369,1.7621544,0.685646499,-1.185,-1.185,-0.28,-0.883333333,-3.170493838,3.020779923,-3.164566264,3.020348866
475,Li0.67__P0Co-P1Mn-P2Co-P3Mn-P4Co-P5Co__P6Co-P7Co-P8Co,Mn,3.391713315,1-2-3-Mn-Co-Mn,-115.625285,-0.0937616,0,-0.0937616,-0.0937616,0.67,7.658152985,4.869383404,1.362380565,77,158,388.0000015,172.0000015,160.0000015,112.0000011,112.2302018,41.7697982,11.05936763,7.16282012,1.883760044,1.903352301,1.883929099,1.890347148,5.799,8.361,5.802,6.654,4.974,14.988,24.936,10.55092713,7.89397438,2.656952754,52.48031156,3.663627215,2.628303935,1.89,1.56,1.89,5.34,1.78,-1.023922323,-3.773203726,1.793840491,3.591183867,3.089998005,-1.379683118,-2.413236625,1.409226377,3.058951062,2.961678644,-1.056133433,-3.813273569,1.766888078,3.591449519,3.079773007,-2.913076268,-4.023457826,2.084010194,2.819314668,3.004831011,1.994755067,2.732115856,2.048567769,3.942676434,3.203042658,2.738535451,2.039777137,7.434038,59,68,77,7.88101,51,55,59,7.434038,59,68,77,7.583028667,3.28671184,2.48314856,3.28671184,3.018857413,0.698337824,1.148888601,0.697417358,0.848214594,-1.153246291,-3.333237974,1.656651648,3.413861483,3.043816552,1.759829976,0.690219853,-1.185,-0.28,-1.185,-0.883333333,-3.179173665,3.030065446,-3.170170285,3.029260332
476,Li0.67__P0Co-P1Co-P2Mn-P3Mn-P4Co-P5Co__P6Co-P7Co-P8Co,Mn,3.3284364,1-2-3-Co-Mn-Mn,-115.5532206,-0.1008289,0,-0.1008289,-0.1008289,0.67,7.688434732,4.715289713,1.357935066,77,158,388.0000053,172.0000053,160.0000053,112.0000037,112.1856533,41.81434668,9.567535338,7.019475032,1.913310229,1.878367961,1.878552022,1.890076737,8.362,5.795,5.795,6.650666667,4.972,14.98,24.924,10.54038382,7.892335717,2.648048099,52.40678833,3.657766148,2.625366404,1.56,1.89,1.89,5.34,1.78,-1.306571776,-2.353665325,1.486142715,3.069365655,2.974923804,-1.094190852,-3.838145369,1.716108008,3.57843618,3.073024965,-1.094190852,-3.838145369,1.716108008,3.57843618,3.073024965,-2.939016352,-4.05562857,2.055154395,2.838187452,3.006511963,1.994883542,3.97370313,3.13966244,2.725829348,2.053500788,2.725829348,2.053500788,7.88101,51,55,59,7.434038,59,68,77,7.434038,59,68,77,7.583028667,2.48314856,3.28671184,3.28671184,3.018857413,1.15618057,0.691927461,0.691927461,0.846678497,-1.164984493,-3.343318688,1.639452911,3.408746005,3.040324578,1.774031859,0.712309882,-0.28,-1.185,-1.185,-0.883333333,-3.176672237,3.029311826,-3.162435526,3.028371
477,Li0.67__P0Co-P1Fe-P2Fe-P3Co-P4Co-P5Co__P6Co-P7Co-P8Co,Fe,2.918763595,1-2-3-Fe-Fe-Co,-109.356845,0.28579963,0,0.28579963,0.28579963,0.67,7.600957331,2.700867841,1.931116739,79,160,392.0000012,176.0000012,164.0000012,114.8000008,110.2307329,47.76926712,6.746640625,12.01824582,1.863071817,1.845918427,1.872693878,1.860561374,7.399,7.367,8.382,7.716,4.959,18.189,28.107,12.43827048,7.996257645,4.442012836,61.68138331,4.170614004,2.664232406,1.61,1.61,1.56,4.78,1.593333333,-1.399855151,-3.118612013,1.278952866,3.397666978,3.323730309,-1.742350921,-3.39020424,1.23199128,3.485031162,3.312889796,-1.490631286,-2.538841149,1.352668289,3.130292878,3.042281822,-3.39634521,-4.476555841,1.59857079,3.68214484,2.985942828,2.021635038,3.429138041,2.476663909,3.669401123,2.595820317,3.906580948,3.251924354,7.9024681,58,62,66,7.9024681,58,62,66,7.88101,51,55,59,7.8953154,3.778409415,3.778409415,2.48314856,3.346655797,0.820047074,0.846511436,1.098029521,0.921529344,-1.54427912,-3.015885801,1.287870812,3.337663673,3.226300643,1.852066091,1.46067004,-0.447,-0.447,-0.28,-0.391333333,-2.981627224,3.212617984,-2.971501632,3.208626228
478,Li0.67__P0Co-P1Fe-P2Co-P3Fe-P4Co-P5Co__P6Co-P7Co-P8Co,Fe,2.8915739,1-2-3-Fe-Co-Fe,-109.7267427,-0.1087241,0,-0.1087241,-0.1087241,0.67,6.855901464,0.467058982,1.066669452,79,160,392.0000027,176.0000027,164.0000027,114.8000019,117.5395488,40.46045117,1.585616488,6.751430979,1.861080093,1.881564417,1.869082226,1.870575579,7.364,8.384,7.362,7.703333333,4.956,18.154,28.066,12.35154017,7.948516876,4.403023295,61.21423309,4.138193647,2.648545805,1.61,1.56,1.61,4.78,1.593333333,-1.236778644,-2.838701644,1.413644776,3.375663698,3.320585527,-1.408726548,-2.470767099,1.410417166,3.089304885,2.983876249,-1.192530404,-2.808804945,1.459422189,3.384571295,3.332791293,-2.993320036,-4.127363442,1.739187779,2.884595936,2.950792246,1.964905676,3.468558394,2.588299346,3.944150606,3.17101906,3.509504004,2.528023418,7.9024681,58,62,66,7.88101,51,55,59,7.9024681,58,62,66,7.8953154,3.778409415,2.48314856,3.778409415,3.346655797,1.029317232,1.154762402,0.999533159,1.061204265,-1.279345199,-2.706091229,1.427828044,3.28317996,3.21241769,1.713974837,1.421272213,-0.447,-0.28,-0.447,-0.391333333,-2.691503032,3.198237966,-2.695857727,3.202286233
479,Li0.67__P0Co-P1Co-P2Fe-P3Fe-P4Co-P5Co__P6Co-P7Co-P8Co,Fe,2.298932715,1-2-3-Co-Fe-Fe,-108.4699408,0.01487243,0,0.01487243,0.01487243,0.67,8.027698546,2.980383465,2.050575726,79,160,392.0000013,176.0000013,164.0000013,114.8000009,114.8439899,43.15601006,6.325704034,9.131788565,1.872289743,1.833763743,1.848120784,1.851391423,8.374,7.433,7.433,7.746666667,4.963,18.277,28.203,12.54793364,8.042650995,4.505282644,62.27539465,4.209936881,2.678048695,1.56,1.61,1.61,4.78,1.593333333,-1.412547059,-2.48044367,1.427806307,3.116350061,3.014674564,-1.757673323,-3.598749208,1.148618077,3.488389162,3.276719474,-1.757673323,-3.598749208,1.148618077,3.488389162,3.276719474,-3.327224476,-4.473338722,1.593830354,3.342096906,3.051975364,2.05991752,3.950801277,3.169102165,3.493504959,2.458266265,3.493504959,2.458266265,7.88101,51,55,59,7.9024681,58,62,66,7.9024681,58,62,66,7.8953154,2.48314856,3.778409415,3.778409415,3.346655797,1.122550649,0.856185455,0.856185455,0.944973853,-1.642631235,-3.225980695,1.241680821,3.364376128,3.189371171,1.684593241,1.247358027,-0.28,-0.447,-0.447,-0.391333333,-3.155805908,3.172927591,-3.155931098,3.172956926
480,Li0.67__P0Co-P1Al-P2Al-P3Co-P4Co-P5Co__P6Co-P7Co-P8Co,Al,2.932757805,1-2-3-Al-Al-Co,-124.8045861,-0.20089297,0,-0.20089297,-0.20089297,0.67,6.692469983,0.414934898,0.300744028,53,134,372.0000022,156.0000022,144.0000022,100.8000015,94.25260268,43.74739732,8.27007396,7.086034569,1.851074862,1.849613503,1.848300764,1.849663043,0.717,0.714,8.355,3.262,5.067,4.719,14.853,5.293737313,8.218256704,-2.924519391,26.82336696,3.868328607,2.740958809,1.83,1.83,1.56,5.22,1.74,-1.402371918,-6.13922252,8.635076072,8.274800707,5.351483924,-1.232299548,-6.201349615,8.546119759,8.324011333,5.331729849,-1.744222967,-2.85233083,1.430634326,3.191063399,2.921804492,-2.16144523,-3.108066503,4.359173491,1.96055226,3.413977016,2.045414118,0,0,0,0,4.185456817,3.113676711,5.985769,56.8,57.8,58.8,5.985769,56.8,57.8,58.8,7.88101,51,55,59,6.617516,6.91638435,6.91638435,2.48314856,5.438639087,0.042011255,0.042014502,1.189412392,0.424479383,-1.459631478,-5.064300988,6.203943386,6.596625146,4.535006088,0.701813752,-1.956234486,-1.676,-1.676,-0.28,-1.210666667,-3.375680539,3.303505818,-3.071260822,3.081471216
481,Li0.67__P0Co-P1Al-P2Co-P3Al-P4Co-P5Co__P6Co-P7Co-P8Co,Al,3.12173696,1-2-3-Al-Co-Al,-124.9054928,-0.16906781,0,-0.16906781,-0.16906781,0.67,6.762755402,0.043137791,0.709557875,53,134,372.0000028,156.0000028,144.0000028,100.800002,91.59173759,46.40826241,7.962458654,9.696088784,1.854968179,1.84899898,1.849268706,1.851078622,0.718,8.358,0.715,3.263666667,5.066,4.725,14.857,5.293991684,8.210366319,-2.916374635,26.81936187,3.865162605,2.739131468,1.83,1.56,1.83,5.22,1.74,-1.897451319,-6.309599118,8.15237723,8.119230071,5.35395176,-2.081739127,-3.048730062,1.248982554,3.190703804,2.931912996,-1.856207705,-6.32271257,8.209764588,8.144923239,5.351019081,-2.334518532,-3.226470876,4.199096131,2.165450722,3.371711934,2.083430128,0,0,4.194689214,3.446045334,0,0,5.985769,56.8,57.8,58.8,7.88101,51,55,59,5.985769,56.8,57.8,58.8,6.617516,6.91638435,2.48314856,6.91638435,5.438639087,0.041990213,1.134584419,0.042165106,0.406246579,-1.945132717,-5.227013917,5.870374791,6.484952371,4.545627946,0.389385815,-2.00054304,-1.676,-0.28,-1.676,-1.210666667,-3.566596742,3.31555727,-3.274350347,3.099055973
482,Li0.67__P0Co-P1Co-P2Al-P3Al-P4Co-P5Co__P6Co-P7Co-P8Co,Al,3.01276032,1-2-3-Co-Al-Al,-124.7299577,-0.36657738,0,-0.36657738,-0.36657738,0.67,7.025878291,0.115466738,0.184816716,53,134,372.0000017,156.0000017,144.0000017,100.8000012,96.58540698,41.41459302,1.858099108,5.409131115,1.851504392,1.84160783,1.8416348,1.844915674,8.371,0.719,0.719,3.269666667,5.075,4.734,14.884,5.30202201,8.252462231,-2.950440221,26.9077617,3.841376055,2.743435103,1.56,1.83,1.83,5.22,1.74,-1.217882084,-2.437170118,1.606403888,3.188927813,3.023415812,-1.441820917,-5.845581421,8.567268587,8.070163918,5.324118671,-1.441820917,-5.845581421,8.567268587,8.070163918,5.324118671,-1.90217043,-2.805849175,4.290166434,1.53559305,3.299103106,2.030833491,3.939895126,2.905763738,0,0,0,0,7.88101,51,55,59,5.985769,56.8,57.8,58.8,5.985769,56.8,57.8,58.8,6.617516,2.48314856,6.91638435,6.91638435,5.438639087,1.17432808,0.042175484,0.042175484,0.419559683,-1.367174639,-4.70944432,6.246980354,6.443085216,4.557217718,0.534995791,-1.903595145,-0.28,-1.676,-1.676,-1.210666667,-2.998101599,3.402048714,-2.665586403,3.177598495
483,Li0.67__P0Co-P1Ni-P2Ni-P3Ni-P4Co-P5Co__P6Co-P7Co-P8Co,Ni,2.08563868,1-2-3-Ni-Ni-Ni,-102.957966,0.43524633,0,0.43524633,0.43524633,0.67,8.358532875,0.29107822,2.787539847,84,165,402.0000016,186.0000016,174.0000016,121.8000011,117.6679064,50.33209358,5.293489553,14.93524617,1.886819993,1.885721079,1.88535221,1.885964427,9.37,9.361,9.364,9.365,4.902,23.193,32.997,14.89688753,7.797602858,7.099284675,73.02454268,4.965626155,2.599189359,1.53,1.53,1.53,4.59,1.53,-3.0845152,-3.721227938,0.42132987,2.847946496,2.607665054,-2.749383084,-3.455738444,0.460992216,2.870044553,2.669910004,-2.571154888,-3.354601339,0.525414094,2.887653958,2.691407662,-3.269069383,-4.266398972,1.114805204,3.704315713,3.007953307,2.167099679,4.762330148,3.636859141,4.559829699,3.563329597,4.385130551,3.519856098,7.639878,46,49,52,7.639878,46,49,52,7.639878,46,49,52,7.639878,2.02617786,2.02617786,2.02617786,2.02617786,1.264800847,1.237628814,1.229033616,1.243821092,-2.801684391,-3.510522574,0.469245393,2.868548336,2.656327573,0.467384992,0.755876399,-0.257,-0.257,-0.257,-0.257,-3.512620676,2.655847736,-3.512416058,2.655892414
484,Li0.67__P0Co-P1Mn-P2Mn-P3Mn-P4Co-P5Co__P6Co-P7Co-P8Co,Mn,3.610603475,1-2-3-Mn-Mn-Mn,-119.2117399,0.14307905,0.5573,-0.073,0.4843,0.67,9.167935165,6.649272025,2.52889355,75,156,384.0000075,168.0000075,156.0000075,109.2000053,104.0156231,45.98437688,13.41382777,11.01418477,1.92235648,1.898746243,1.894410195,1.905170973,5.787,5.795,5.796,5.792666667,4.985,12.393,22.363,9.121909167,7.850014002,1.271895165,45.4727172,3.040312841,2.616419922,1.89,1.89,1.89,5.67,1.89,-1.29835903,-4.051815567,1.514486335,3.592674164,3.063967474,-1.422561635,-4.177736772,1.395891053,3.602999525,3.077404111,-1.422697227,-4.170327387,1.390843809,3.600044156,3.081226267,-3.210977875,-4.460047876,2.181456809,3.695277875,3.235661776,1.955354418,2.733013046,2.050127112,2.733137102,2.054631497,2.733691644,2.056356652,7.434038,59,68,77,7.434038,59,68,77,7.434038,59,68,77,7.434038,3.28671184,3.28671184,3.28671184,3.28671184,0.69095067,0.674981233,0.670769437,0.678900447,-1.381205964,-4.133293242,1.433740399,3.598572615,3.074199284,1.829771912,0.326754634,-1.185,-1.185,-1.185,-1.185,-4.132456293,3.074088337,-4.132577805,3.074104527
485,Li0.67__P0Co-P1Fe-P2Fe-P3Fe-P4Co-P5Co__P6Co-P7Co-P8Co,Fe,2.34707101,1-2-3-Fe-Fe-Fe,-110.2536445,-0.07747389,0,-0.07747389,-0.07747389,0.67,7.745763194,3.170157723,1.790041804,78,159,390,174,162,113.4,113.8114664,42.18853357,6.886695668,8.370549471,1.870345838,1.863920446,1.856364467,1.863543583,7.357,7.367,7.364,7.362666667,4.967,17.121,27.055,11.85281247,7.996131818,3.856680652,58.87291954,3.951019244,2.665397207,1.61,1.61,1.61,4.83,1.61,-1.702916999,-3.522405261,1.200731729,3.459263133,3.209688068,-1.106032473,-2.694848918,1.522550434,3.388755766,3.341445229,-1.633730902,-3.446592957,1.260326198,3.471912176,3.241915642,-3.1812337,-4.457628185,2.009173176,3.10375981,3.243766299,1.997307992,3.413107363,2.577393552,3.41603513,2.648923493,3.420929362,2.569613247,7.9024681,58,62,66,7.9024681,58,62,66,7.9024681,58,62,66,7.9024681,3.778409415,3.778409415,3.778409415,3.778409415,0.907433423,0.960044474,0.912303235,0.926593711,-1.480893458,-3.221282379,1.327869454,3.439977025,3.264349647,1.700340242,1.236345807,-0.447,-0.447,-0.447,-0.447,-3.210646532,3.265940209,-3.211713641,3.265769481
486,Li0.67__P0Co-P1Al-P2Al-P3Al-P4Co-P5Co__P6Co-P7Co-P8Co,Al,2.702994225,1-2-3-Al-Al-Al,-133.1359644,-0.52802507,0,-0.52802507,-0.52802507,0.67,7.030213772,0.002260439,0,39,120,360.0000021,144.0000021,132.0000021,92.40000147,85.57727199,40.42272801,3.579554583,3.479964895,1.817994602,1.816430101,1.815526774,1.816650492,0.717,0.716,0.718,0.717,5.163,-3.012,7.314,1.184047886,8.526133641,-7.342085755,6.113239235,0.394683652,2.842046871,1.83,1.83,1.83,5.49,1.83,-4.180397281,-5.878494206,6.719968838,6.638379452,5.30741564,-3.848024758,-5.615380609,7.283769768,6.655139122,5.264325737,-3.857053674,-5.672072779,7.197953093,6.696864296,5.279909074,-2.210448357,-2.463098183,5.32399634,1.682423287,2.438796879,1.94516107,0,0,0,0,0,0,5.985769,56.8,57.8,58.8,5.985769,56.8,57.8,58.8,5.985769,56.8,57.8,58.8,5.985769,6.91638435,6.91638435,6.91638435,6.91638435,0.042594821,0.042157371,0.042487649,0.04241328,-3.961825238,-5.721982531,7.067230566,6.663460957,5.283883484,-1.751376881,-3.258884348,-1.676,-1.676,-1.676,-1.676,-5.721912556,5.283877453,-5.722391066,5.283954071
487,Li0.67__P0Co-P1Co-P2Co-P3Co-P4Co-P5Co__P6Co-P7Co-P8Co,LCO,3.051784225,1-2-3-Co-Co-Co,-108.1359067,0.07560814,0,0.07560814,0.07560814,0.67,6.608282414,0.13507441,0.758865056,81,162,396.0000014,180.0000014,168.0000014,117.600001,118.9924283,43.00757174,0.507062149,9.017442313,1.860197756,1.860383693,1.860504359,1.860361936,8.38,8.379,8.38,8.379666667,4.941,20.198,30.08,13.51296199,7.967804426,5.545157563,66.76754519,4.504500258,2.655935057,1.56,1.56,1.56,4.68,1.56,-1.332604303,-2.447471218,1.553272126,3.14798713,3.009531396,-1.304064335,-2.435097348,1.554405299,3.150050777,3.018163494,-1.323087842,-2.442741746,1.55137891,3.148487614,3.012977322,-2.696981753,-3.896717352,2.023692911,2.772589893,3.090974513,2.037453912,4.016351548,3.055227332,3.993899277,3.02644585,4.007929941,3.046307334,7.88101,51,55,59,7.88101,51,55,59,7.88101,51,55,59,7.88101,2.48314856,2.48314856,2.48314856,2.48314856,1.101031564,1.089914525,1.097282961,1.09607635,-1.319918827,-2.441770104,1.553018778,3.14884184,3.013557404,1.377062926,1.454947248,-0.28,-0.28,-0.28,-0.28,-2.441784827,3.013547163,-2.441791556,3.013542493
488,Li0.67__P0Mn-P1Co-P2Ni-P3Mn-P4Co-P5Ni__P6Mn-P7Ni-P8Co,NMC,2.601154145,0-1-2-3-4-5-6-7-8-Mn-Co-Ni-Mn-Co-Ni-Mn-Ni-Co,-112.9758852,-0.19475993,0,-0.19475993,-0.19475993,0.67,7.047490044,2.921325246,1.27277051,80,161,383.9999993,167.9999993,155.9999993,109.1999995,111.8108274,44.18917255,16.5023915,8.525739766,1.895491118,1.874775671,1.8696511,1.879972629,8.335,9.249,5.795,7.793,4.95,18.429,28.329,12.43017629,7.899329096,4.530847194,61.52937263,4.327047497,2.63156662,1.56,1.53,1.89,4.98,1.66,-1.439877559,-2.440613193,1.307309053,3.008568449,2.916187981,-2.313710459,-2.92498938,0.81244284,2.649908717,2.458837014,-1.082954381,-3.693099114,1.622264705,3.512002027,3.116472909,-3.052928002,-4.073051763,1.541110412,2.858168072,2.892309917,2.053082625,3.904712667,3.272832393,4.726812396,3.516075354,2.737477608,2.06968626,7.88101,51,55,59,7.639878,46,49,52,7.434038,59,68,77,7.651642,2.48314856,2.02617786,3.28671184,2.59867942,1.126246154,1.303782821,0.705373333,1.045134103,-1.612180799,-3.019567229,1.247338866,3.056826397,2.830499301,1.440747203,1.053484535,-0.28,-0.257,-1.185,-0.574,-2.924464655,2.772303591,-2.92380207,2.771067629
489,Li0.67__P0Co-P1Ni-P2Co-P3Co-P4Co-P5Co__P6Co-P7Ni-P8Mn,Ni,2.596012815,1-2-3-7-8-Ni-Co-Co-Ni-Mn,-107.4437227,-0.10795056,0,-0.10795056,-0.10795056,0.67,6.280038647,0.13806106,1.463150271,82,163,390.0000014,174.0000014,162.0000014,113.400001,117.9855317,44.01446825,8.367230657,8.497658688,1.89195519,1.868484228,1.865885853,1.875441757,9.352,8.365,8.368,8.695,4.922,21.163,31.007,13.90465857,7.873651446,6.031007128,68.4387295,4.643414413,2.624481893,1.53,1.56,1.56,4.65,1.55,-2.571124243,-3.274106132,0.67922682,2.7994684,2.590010953,-1.642442847,-2.634944388,1.370858115,3.093329884,2.946519369,-2.07310519,-2.992060683,1.162325792,3.084469134,2.885317082,-3.128664577,-4.101504859,1.205157739,3.020714017,2.845744878,2.121347121,4.57749348,3.564524577,4.0740658,3.307951207,4.29834655,3.358146173,7.639878,46,49,52,7.88101,51,55,59,7.88101,51,55,59,7.800632667,2.02617786,2.48314856,2.48314856,2.330824993,1.25245974,1.160033506,1.169851429,1.194114892,-2.095557427,-2.967037068,1.070803576,2.992422472,2.807282468,1.03310715,1.134467791,-0.257,-0.28,-0.28,-0.272333333,-2.976251981,2.801321047,-2.97502818,2.801890622
490,Li0.67__P0Co-P1Co-P2Ni-P3Co-P4Co-P5Co__P6Co-P7Ni-P8Mn,Ni,2.55831859,1-2-3-7-8-Co-Ni-Co-Ni-Mn,-107.4502789,-0.15021698,0,-0.15021698,-0.15021698,0.67,6.975780175,0.463581327,1.243785526,82,163,389.9999999,173.9999999,161.9999999,113.3999999,120.0824785,41.91752147,4.983484642,7.333351033,1.863371572,1.894694315,1.865418293,1.874494727,8.366,9.346,8.367,8.693,4.922,21.157,31.001,13.90775399,7.877779307,6.029974685,68.45396515,4.649219464,2.625258184,1.56,1.53,1.56,4.65,1.55,-1.297836681,-2.418591111,1.444948959,3.116130937,3.03600333,-2.601140387,-3.290975633,0.631713122,2.799819394,2.601396384,-1.490636454,-2.545426566,1.369381171,3.104811396,2.994682137,-3.065927652,-4.053216919,1.33636247,2.915710672,2.835321257,2.068538153,3.932268639,3.017037878,4.580125217,3.579927565,3.978534348,3.182894515,7.88101,51,55,59,7.639878,46,49,52,7.88101,51,55,59,7.800632667,2.48314856,2.02617786,2.48314856,2.330824993,1.136650646,1.239785788,1.141349096,1.172595177,-1.796537841,-2.751664437,1.148681084,3.006920575,2.877360617,1.269389811,1.301552483,-0.28,-0.257,-0.28,-0.272333333,-2.774964365,2.865529827,-2.767200614,2.86942654
491,Li0.67__P0Co-P1Co-P2Co-P3Ni-P4Co-P5Co__P6Co-P7Ni-P8Mn,Ni,2.55306243,1-2-3-7-8-Co-Co-Ni-Ni-Mn,-107.4095531,-0.20707416,0,-0.20707416,-0.20707416,0.67,6.703238723,0.63110463,1.019247387,82,163,389.9999996,173.9999996,161.9999996,113.3999997,120.5126991,41.48730093,9.918740815,7.114595453,1.862981527,1.865585462,1.8941692,1.874245396,8.372,8.368,9.352,8.697333333,4.922,21.17,31.014,13.91658384,7.87881608,6.037767759,68.49742565,4.650301154,2.625668952,1.56,1.56,1.53,4.65,1.55,-1.374949284,-2.452365248,1.48395659,3.101051676,2.982558837,-1.455289736,-2.542762426,1.419331612,3.107321549,2.981723985,-2.421367941,-3.137805576,0.782678188,2.793264308,2.587975395,-2.864117905,-3.878452967,1.398717711,2.657043745,2.822553089,2.073461409,4.013362399,3.10527968,3.993708876,3.118885874,4.535741669,3.552112156,7.88101,51,55,59,7.88101,51,55,59,7.639878,46,49,52,7.800632667,2.48314856,2.48314856,2.02617786,2.330824993,1.132728682,1.13555969,1.248278553,1.172188975,-1.750535654,-2.71097775,1.228655463,3.000545844,2.850752739,1.113582251,1.167475217,-0.28,-0.28,-0.257,-0.272333333,-2.728421589,2.839977237,-2.724867343,2.842223651
492,Li0.67__P0Co-P1Ni-P2Ni-P3Co-P4Co-P5Co__P6Co-P7Ni-P8Mn,Ni,2.274692165,1-2-3-7-8-Ni-Ni-Co-Ni-Mn,-105.7618373,-0.21247611,0,-0.21247611,-0.21247611,0.67,6.901426904,0.233799272,1.223949052,83,164,391.9999994,175.9999994,163.9999994,114.7999996,121.9805572,42.01944278,7.6764986,7.56177139,1.891112053,1.893662686,1.860237133,1.881670624,9.351,9.344,8.372,9.022333333,4.91,22.157,31.977,14.37956406,7.828663196,6.550900859,70.60365951,4.804494088,2.608967969,1.53,1.53,1.56,4.62,1.54,-2.531398479,-3.244248039,0.687599946,2.794968063,2.588481999,-2.485728011,-3.20296253,0.725493131,2.796717969,2.591100507,-1.425071584,-2.494130034,1.424829434,3.095176776,2.981051262,-2.966399665,-3.936993298,1.080201679,2.753923555,2.761847055,2.092429373,4.537600919,3.566286279,4.539857057,3.550816175,3.967181822,3.160147211,7.639878,46,49,52,7.639878,46,49,52,7.88101,51,55,59,7.720255333,2.02617786,2.02617786,2.48314856,2.178501427,1.227404922,1.232298187,1.127432642,1.195711917,-2.147399358,-2.980446868,0.94597417,2.895620936,2.720211256,0.819000307,0.95654643,-0.257,-0.257,-0.28,-0.264666667,-2.998543898,2.710487781,-2.994303893,2.71276561
493,Li0.67__P0Co-P1Ni-P2Co-P3Ni-P4Co-P5Co__P6Co-P7Ni-P8Mn,Ni,2.310294505,1-2-3-7-8-Ni-Co-Ni-Ni-Mn,-105.8467968,-0.12603073,0,-0.12603073,-0.12603073,0.67,7.028879938,0.312911637,1.30674918,83,164,392.0000022,176.0000022,164.0000022,114.8000015,121.348117,42.65188299,6.194605248,8.254253412,1.894823453,1.860274514,1.893670043,1.88292267,9.348,8.366,9.345,9.019666667,4.91,22.149,31.969,14.36548871,7.82351459,6.541974118,70.53454956,4.799678336,2.606640656,1.53,1.56,1.53,4.62,1.54,-2.518599459,-3.235923904,0.680715257,2.79497914,2.59099551,-1.460543901,-2.540156606,1.38509769,3.097729853,2.98243642,-2.509451469,-3.22449715,0.685165899,2.787358633,2.582945259,-2.989347133,-3.958693651,1.04926725,2.863316403,2.754658429,2.085695661,4.535096688,3.54957289,3.956329592,3.149899639,4.538286358,3.54739953,7.639878,46,49,52,7.88101,51,55,59,7.639878,46,49,52,7.720255333,2.02617786,2.48314856,2.02617786,2.178501427,1.24014,1.132938442,1.244456104,1.205844848,-2.162864943,-3.000192553,0.916992949,2.893355875,2.718792396,0.826482189,0.958501097,-0.257,-0.28,-0.257,-0.264666667,-3.01765994,2.708769546,-3.014092819,2.710817523
494,Li0.67__P0Co-P1Co-P2Ni-P3Ni-P4Co-P5Co__P6Co-P7Ni-P8Mn,Ni,2.30747259,1-2-3-7-8-Co-Ni-Ni-Ni-Mn,-105.7404292,-0.00499613,0,-0.00499613,-0.00499613,0.67,6.769005773,0.217963482,4.605667192,83,164,392.0000004,176.0000004,164.0000004,114.8000003,114.7451766,49.25482338,13.97499602,13.03690798,1.85711857,1.894867335,1.896054588,1.882680165,8.373,9.341,9.343,9.019,4.908,22.149,31.965,14.36583088,7.821491805,6.544339073,70.50749795,4.804021128,2.605679563,1.56,1.53,1.53,4.62,1.54,-2.560757469,-3.436836754,0.639602485,3.076234231,2.902250479,-3.851305207,-3.9459945,0.649720429,2.786950624,2.731089013,-3.361110818,-3.578095754,0.395475966,2.795888009,2.713942052,-3.760738921,-4.290933154,0.965552549,3.755742791,2.83915057,2.419389748,4.286999412,3.434008618,5.848996997,3.886072033,5.553012397,3.82851351,7.88101,51,55,59,7.639878,46,49,52,7.639878,46,49,52,7.720255333,2.48314856,2.02617786,2.02617786,2.178501427,1.097895263,1.280278421,1.333630526,1.23726807,-3.257724498,-3.653642336,0.561599627,2.886357621,2.782427181,0.503014423,0.637290817,-0.28,-0.257,-0.257,-0.264666667,-3.663241095,2.775569724,-3.663209413,2.775555165
495,Li0.67__P0Co-P1Ni-P2Ni-P3Ni-P4Co-P5Co__P6Co-P7Ni-P8Mn,Ni,1.93160785,1-2-3-7-8-Ni-Ni-Ni-Ni-Mn,-103.9692162,-0.07505826,0.027,-0.0915,-0.0645,0.67,7.617413713,0.072704423,1.868878794,84,165,394.0000006,178.0000006,166.0000006,116.2000004,121.3566291,44.6433709,4.746969999,10.19984801,1.891188575,1.889294656,1.888995088,1.889826106,9.354,9.343,9.345,9.347333333,4.899,23.143,32.941,14.83840247,7.776908062,7.061494405,72.69333368,4.945781174,2.59230067,1.53,1.53,1.53,4.59,1.53,-2.610290539,-3.334194519,0.60673686,2.803696423,2.596035286,-2.631601667,-3.348257986,0.559659128,2.790655809,2.588194882,-2.66155774,-3.376406811,0.531796161,2.786281623,2.582148111,-3.109306901,-4.022115547,0.70733598,3.044806901,2.693926832,2.119282088,4.520608747,3.560125027,4.527729893,3.553590554,4.533516985,3.55219125,7.639878,46,49,52,7.639878,46,49,52,7.639878,46,49,52,7.639878,2.02617786,2.02617786,2.02617786,2.02617786,1.231360465,1.227149612,1.223621189,1.227377089,-2.634483315,-3.352953105,0.56606405,2.793544619,2.588792759,0.474823586,0.669162442,-0.257,-0.257,-0.257,-0.257,-3.35292616,2.588801819,-3.352909179,2.588807409
496,Li0.67__P0Co-P1Mn-P2Co-P3Co-P4Co-P5Co__P6Co-P7Ni-P8Mn,Mn,3.225089075,1-2-3-7-8-Mn-Co-Co-Ni-Mn,-112.8848449,-0.13050813,0,-0.13050813,-0.13050813,0.67,8.21362143,3.962543495,1.108729802,79,160,384.0000008,168.0000008,156.0000008,109.2000006,112.7185785,43.28142147,11.95457937,7.827298812,1.87538556,1.88826717,1.888416944,1.884023225,5.783,8.362,8.367,7.504,4.953,17.559,27.465,11.94272659,7.886928538,4.055798055,59.15232481,4.09105768,2.628016494,1.89,1.56,1.56,5.01,1.67,-0.677414345,-3.621430732,2.130224679,3.628824324,3.064588052,-1.712391763,-3.228561355,1.12900152,3.219056274,3.00012149,-1.263684719,-2.37728998,1.459207042,3.089587779,3.007884903,-2.805896455,-3.894248949,1.783127774,2.675388325,2.889028897,1.978270513,2.637202274,1.961948827,3.701817132,2.654907871,3.910295907,3.032748019,7.434038,59,68,77,7.88101,51,55,59,7.88101,51,55,59,7.732019333,3.28671184,2.48314856,2.48314856,2.751002987,0.691565104,1.066748438,1.129351302,0.962554948,-1.217830276,-3.075760689,1.572811081,3.312489459,3.024198148,1.588066179,0.81848826,-1.185,-0.28,-0.28,-0.581666667,-2.989451345,3.019406932,-2.98972142,3.01859678
497,Li0.67__P0Co-P1Co-P2Mn-P3Co-P4Co-P5Co__P6Co-P7Ni-P8Mn,Mn,3.12476238,1-2-3-7-8-Co-Mn-Co-Ni-Mn,-112.8694364,-0.00354142,0,-0.00354142,-0.00354142,0.67,6.950520596,2.433119975,1.567815022,79,160,384.0000015,168.0000015,156.0000015,109.2000011,111.2780795,44.72192052,10.48538543,10.17532002,1.891574022,1.873211614,1.886627016,1.883804217,8.348,5.781,8.342,7.490333333,4.952,17.519,27.423,11.92104707,7.886303852,4.034743214,59.03302507,4.111492206,2.627037055,1.56,1.89,1.56,5.01,1.67,-1.740889192,-2.691518664,1.255507638,3.067762422,2.929441772,-1.179134139,-3.924274301,1.695063787,3.598728437,3.041345998,-1.604409646,-2.585963493,1.316119956,3.066471594,2.942870343,-3.015521603,-4.062502843,1.668798885,3.011980183,2.917805558,2.053102565,4.107476308,3.342660397,2.781162417,2.049032951,4.025125074,3.313483868,7.88101,51,55,59,7.434038,59,68,77,7.88101,51,55,59,7.732019333,2.48314856,3.28671184,2.48314856,2.751002987,1.159830263,0.698431842,1.151747632,1.003336579,-1.508144326,-3.067252153,1.42223046,3.244320817,2.971219371,1.507377277,0.99525069,-0.28,-1.185,-0.28,-0.581666667,-2.937191878,2.960546086,-2.937173309,2.960545924
498,Li0.67__P0Co-P1Co-P2Co-P3Mn-P4Co-P5Co__P6Co-P7Ni-P8Mn,Mn,3.134051805,1-2-3-7-8-Co-Co-Mn-Ni-Mn,-112.8851702,-0.2151107,0,-0.2151107,-0.2151107,0.67,7.026060012,3.021566371,0.921806224,79,160,384.0000014,168.0000014,156.0000014,109.200001,113.633923,42.36607698,14.77328507,7.148463868,1.882864783,1.882956897,1.871260166,1.879027282,8.358,8.347,5.786,7.497,4.955,17.536,27.446,11.96393588,7.911075805,4.052860077,59.2813023,4.111447904,2.636078997,1.56,1.56,1.89,5.01,1.67,-1.360481227,-2.447161827,1.472893335,3.094358944,2.979940376,-1.345919248,-2.417073805,1.425784921,3.056622077,2.952883825,-0.917088373,-3.676870441,1.889983743,3.569533997,3.047454253,-2.806473026,-3.874522892,1.872219988,2.591362326,2.906964619,2.018035998,3.984375204,3.092576162,3.935342637,3.125475749,2.735339422,2.024583769,7.88101,51,55,59,7.88101,51,55,59,7.434038,59,68,77,7.732019333,2.48314856,2.48314856,3.28671184,2.751002987,1.137263446,1.144090078,0.697577546,0.992977023,-1.207829616,-2.847035358,1.596220667,3.240171673,2.993426151,1.59864341,1.027487534,-0.28,-0.28,-1.185,-0.581666667,-2.734737159,2.986115809,-2.723567588,2.985358773
499,Li0.67__P0Co-P1Mn-P2Mn-P3Co-P4Co-P5Co__P6Co-P7Ni-P8Mn,Mn,3.38115646,1-2-3-7-8-Mn-Mn-Co-Ni-Mn,-116.6748951,-0.10817681,0,-0.10817681,-0.10817681,0.67,7.601298956,4.289719773,1.529155661,77,158,380.0000012,164.0000012,152.0000012,106.4000008,107.9126539,44.08734613,16.41353969,8.492944207,1.896646101,1.888208097,1.907787205,1.897547134,5.774,5.782,8.343,6.633,4.968,14.931,24.867,10.47961295,7.854490507,2.625122447,52.06271716,3.626596419,2.615889232,1.89,1.89,1.56,5.34,1.78,-1.339004117,-3.506948029,1.265271676,3.38027471,3.164009212,-1.01131049,-3.779999298,1.76763808,3.573392997,3.084645316,-1.298686629,-2.341848798,1.381210474,3.041227284,2.975337495,-3.074049361,-4.149934964,1.80606747,2.965872551,2.931396486,1.970149649,3.025392314,2.132536103,2.703026677,2.023832023,3.833504888,3.210897506,7.434038,59,68,77,7.434038,59,68,77,7.88101,51,55,59,7.583028667,3.28671184,3.28671184,2.48314856,3.018857413,0.782912694,0.68591658,1.11095,0.859926425,-1.216333746,-3.209598708,1.47137341,3.331631664,3.074664008,1.857715615,0.940336256,-1.185,-1.185,-0.28,-0.883333333,-3.074542023,3.060419615,-3.077811859,3.061658651
500,Li0.67__P0Co-P1Mn-P2Co-P3Mn-P4Co-P5Co__P6Co-P7Ni-P8Mn,Mn,3.37992448,1-2-3-7-8-Mn-Co-Mn-Ni-Mn,-116.6092823,-0.26176719,0,-0.26176719,-0.26176719,0.67,7.588108471,4.723695083,1.386774309,77,158,380.0000022,164.0000022,152.0000022,106.4000015,108.6961892,43.30381082,17.35033845,7.732435391,1.888881465,1.907088266,1.886358813,1.894109515,5.781,8.342,5.783,6.635333333,4.968,14.938,24.874,10.50044363,7.86879166,2.631651973,52.16620397,3.652611764,2.621957415,1.89,1.56,1.89,5.34,1.78,-1.086928449,-3.805907893,1.70350907,3.558900937,3.06623239,-1.370677337,-2.364183019,1.421843518,3.035778655,2.941852336,-1.06153707,-3.772809843,1.729099135,3.555471177,3.064682522,-2.962682758,-4.034387572,1.973396118,2.700915568,2.946124902,1.98283782,2.73888752,2.045613054,3.935014086,3.287238432,2.735526386,2.054187542,7.434038,59,68,77,7.88101,51,55,59,7.434038,59,68,77,7.583028667,3.28671184,2.48314856,3.28671184,3.018857413,0.667124352,1.134793005,0.673830829,0.825249396,-1.173047618,-3.314300252,1.618150575,3.38338359,3.024255749,1.78963514,0.720087321,-1.185,-0.28,-1.185,-0.883333333,-3.15029125,3.010034314,-3.136065217,3.008799261
501,Li0.67__P0Co-P1Co-P2Mn-P3Mn-P4Co-P5Co__P6Co-P7Ni-P8Mn,Mn,3.428460115,1-2-3-7-8-Co-Mn-Mn-Ni-Mn,-116.6524955,-0.16191001,0,-0.16191001,-0.16191001,0.67,7.789170204,4.82418462,1.484764995,77,158,380.0000049,164.0000049,152.0000049,106.4000034,108.2178812,43.78211876,12.0295643,8.309615733,1.918754607,1.880621293,1.881962687,1.893779529,8.346,5.781,5.784,6.637,4.971,14.94,24.882,10.4970677,7.875409735,2.621657969,52.18092356,3.646036265,2.619176879,1.56,1.89,1.89,5.34,1.78,-1.308861331,-2.342385242,1.454417404,3.048636726,2.957989132,-1.145473387,-3.902663297,1.683004434,3.57804615,3.045124467,-1.130052243,-3.84231425,1.655792796,3.548856465,3.054930851,-2.990837106,-4.070143763,1.928411301,2.828927096,2.942896407,1.980465622,3.960759393,3.165684411,2.732783062,2.04965362,2.728981109,2.05617012,7.88101,51,55,59,7.434038,59,68,77,7.434038,59,68,77,7.583028667,2.48314856,3.28671184,3.28671184,3.018857413,1.135474286,0.671100519,0.67600961,0.827528139,-1.194795653,-3.362454263,1.597738212,3.391846447,3.01934815,1.796041452,0.7076895,-0.28,-1.185,-1.185,-0.883333333,-3.185691122,3.008734601,-3.172596624,3.00794115
502,Li0.67__P0Co-P1Mn-P2Mn-P3Mn-P4Co-P5Co__P6Co-P7Ni-P8Mn,Mn,3.643181195,1-2-3-7-8-Mn-Mn-Mn-Ni-Mn,-120.206768,-0.15924675,0.1275,-0.2207,-0.0932,0.67,8.74676146,6.835990945,2.093658452,75,156,376.0000033,160.0000033,148.0000033,103.6000023,102.4202193,45.57978072,20.58705578,9.677662473,1.928463579,1.897396965,1.901088642,1.908983062,5.776,5.781,5.784,5.780333333,4.984,12.357,22.325,9.084403501,7.832853189,1.251550312,45.27666705,3.026666721,2.610751855,1.89,1.89,1.89,5.67,1.89,-1.173101228,-3.894092912,1.614573427,3.545692246,3.040951566,-1.283306357,-4.003767743,1.510219544,3.556081029,3.056844842,-1.289004853,-4.001025223,1.496819222,3.548253977,3.052991522,-3.175329747,-4.279899857,1.925129463,3.082129747,2.98746225,1.941381623,2.731032786,2.046833498,2.733387053,2.050791869,2.73107744,2.053881928,7.434038,59,68,77,7.434038,59,68,77,7.434038,59,68,77,7.434038,3.28671184,3.28671184,3.28671184,3.28671184,0.671811026,0.655863077,0.652927692,0.660200598,-1.248470812,-3.966295293,1.540537398,3.550009084,3.050262643,1.926858935,0.313604564,-1.185,-1.185,-1.185,-1.185,-3.965739411,3.05019514,-3.965662442,3.050183625
503,Li0.67__P0Co-P1Fe-P2Co-P3Co-P4Co-P5Co__P6Co-P7Ni-P8Mn,Fe,2.953341385,1-2-3-7-8-Fe-Co-Co-Ni-Mn,-110.0284735,0.01326393,0,0.01326393,0.01326393,0.67,7.371569972,1.808438423,1.754588051,80,161,386.0000009,170.0000009,158.0000009,110.6000006,112.398411,45.60158899,12.89255994,10.72909626,1.84187229,1.880987915,1.883102738,1.868654314,7.353,8.367,8.368,8.029333333,4.947,19.141,29.035,12.88405784,7.942902236,4.941155603,63.73743413,4.317097147,2.64542581,1.61,1.56,1.56,4.73,1.576666667,-1.917490808,-3.620069615,1.113101113,3.471500025,3.232464005,-1.393648956,-2.508935653,1.391924196,3.112334445,3.015838069,-1.525733497,-2.580622722,1.334820717,3.098911326,2.986519076,-3.143039443,-4.21228014,1.466839348,3.156303373,2.90694356,2.039797155,3.602600819,2.632779492,3.91892753,3.072626217,3.960084338,3.197250846,7.9024681,58,62,66,7.88101,51,55,59,7.88101,51,55,59,7.8881627,3.778409415,2.48314856,2.48314856,2.914902178,0.887373958,1.100546875,1.120070833,1.035997222,-1.612291087,-2.90320933,1.279948675,3.227581932,3.078273717,1.530748356,1.30907081,-0.447,-0.28,-0.28,-0.335666667,-2.852163983,3.067153034,-2.852014416,3.067121625
504,Li0.67__P0Co-P1Co-P2Fe-P3Co-P4Co-P5Co__P6Co-P7Ni-P8Mn,Fe,3.436571095,1-2-3-7-8-Co-Fe-Co-Ni-Mn,-110.0289945,-0.00066232,0,-0.00066232,-0.00066232,0.67,7.404626894,2.597879893,0.93933247,80,161,386.0000046,170.0000046,158.0000046,110.6000032,112.0978829,45.90211712,14.0492087,10.51489974,1.88710782,1.836067473,1.878488932,1.867221408,8.36,7.335,8.362,8.019,4.947,19.11,29.004,12.876461,7.949316943,4.92714406,63.69985258,4.324769758,2.645138963,1.56,1.61,1.56,4.73,1.576666667,-1.349061499,-2.411808163,1.436441608,3.076790586,2.979779414,-1.131250114,-3.317239697,1.455432021,3.456588798,3.310006834,-1.352603865,-2.380220786,1.477870386,3.062523247,2.953699439,-2.81598838,-3.899137763,1.755338662,2.81532606,2.891757407,2.015718842,3.983751118,3.10639314,2.984617869,2.26811416,3.955637556,3.235634758,7.88101,51,55,59,7.9024681,58,62,66,7.88101,51,55,59,7.8881627,2.48314856,3.778409415,2.48314856,2.914902178,1.13232474,0.817721094,1.153900781,1.034648872,-1.277638492,-2.703089549,1.456581338,3.19863421,3.081161896,1.538349888,1.196048215,-0.28,-0.447,-0.28,-0.335666667,-2.638543073,3.057059362,-2.638597426,3.057081073
505,Li0.67__P0Co-P1Co-P2Co-P3Fe-P4Co-P5Co__P6Co-P7Ni-P8Mn,Fe,2.922029725,1-2-3-7-8-Co-Co-Fe-Ni-Mn,-110.0253828,-0.1760084,0,-0.1760084,-0.1760084,0.67,6.80800023,0.966246125,0.945048869,80,161,386.0000045,170.0000045,158.0000045,110.6000032,115.7937186,42.20628137,10.59489916,7.518967823,1.885402861,1.877138436,1.838111003,1.8668841,8.368,8.361,7.344,8.024333333,4.947,19.126,29.02,12.88783497,7.950586727,4.937248243,63.7561196,4.314197063,2.64825019,1.56,1.56,1.61,4.73,1.576666667,-1.409774838,-2.487555052,1.419667547,3.08758224,2.97362289,-1.42909653,-2.510181966,1.380692989,3.074643595,2.960300605,-1.20520123,-2.855660806,1.451198329,3.382997935,3.325572561,-2.97153954,-4.071374361,1.640993112,2.79553114,2.903050412,1.988018695,3.979892633,3.112230562,3.958956819,3.112215847,3.50602697,2.471455595,7.88101,51,55,59,7.88101,51,55,59,7.9024681,58,62,66,7.8881627,2.48314856,2.48314856,3.778409415,2.914902178,1.139686269,1.154859326,1.009276425,1.101274007,-1.3480242,-2.617799275,1.417186289,3.181741257,3.086498685,1.623515341,1.453575086,-0.28,-0.28,-0.447,-0.335666667,-2.603472746,3.072107873,-2.607916064,3.076482287
506,Li0.67__P0Co-P1Fe-P2Fe-P3Co-P4Co-P5Co__P6Co-P7Ni-P8Mn,Fe,2.936909205,1-2-3-7-8-Fe-Fe-Co-Ni-Mn,-110.805394,-0.16317395,0,-0.16317395,-0.16317395,0.67,6.927942434,1.775388932,1.372863833,79,160,384.0000013,168.0000013,156.0000013,109.2000009,112.3867249,43.61327513,12.63802198,9.040181784,1.868948138,1.865226913,1.885355052,1.873176701,7.35,7.363,8.363,7.692,4.954,18.122,28.03,12.31597165,7.934287753,4.381683897,61.01332355,4.126976454,2.644155288,1.61,1.61,1.56,4.78,1.593333333,-1.202199671,-2.747455376,1.491693849,3.358149766,3.289500747,-1.743770642,-3.475830458,1.191160558,3.434551536,3.210549409,-1.433981823,-2.485293252,1.387087769,3.075972184,2.968424861,-3.049152328,-4.142386197,1.632307876,2.885978378,2.925059057,2.009272335,3.651125849,2.532313332,3.530040157,2.595500014,3.950686066,3.18712228,7.9024681,58,62,66,7.9024681,58,62,66,7.88101,51,55,59,7.8953154,3.778409415,3.778409415,2.48314856,3.346655797,0.993307513,0.96138601,1.133359067,1.029350864,-1.459984045,-2.902859695,1.356647392,3.289557828,3.156158339,1.589168282,1.239526502,-0.447,-0.447,-0.28,-0.391333333,-2.869635952,3.144901903,-2.87799907,3.147081871
507,Li0.67__P0Co-P1Fe-P2Co-P3Fe-P4Co-P5Co__P6Co-P7Ni-P8Mn,Fe,2.7770218,1-2-3-7-8-Fe-Co-Fe-Ni-Mn,-110.5067335,-0.18308481,0,-0.18308481,-0.18308481,0.67,6.797941944,0.435253975,0.964858188,79,160,384.0000024,168.0000024,156.0000024,109.2000017,112.8001181,43.19988187,9.623710426,8.523973465,1.867118934,1.884029022,1.871850935,1.874332963,7.4,8.361,7.344,7.701666667,4.957,18.148,28.062,12.32454452,7.934136933,4.390407589,61.0927672,4.120796962,2.642263245,1.61,1.56,1.61,4.78,1.593333333,-1.140152967,-2.748537654,1.470779431,3.356383483,3.313968151,-1.41162613,-2.46548942,1.384926148,3.059831052,2.954516191,-1.17800165,-2.77560308,1.456032038,3.358567794,3.310109675,-2.975963716,-4.070890476,1.711348337,2.792878906,2.894473498,1.94961228,3.535881112,2.475624915,3.95710789,3.15273212,3.510469776,2.53540524,7.9024681,58,62,66,7.88101,51,55,59,7.9024681,58,62,66,7.8953154,3.778409415,2.48314856,3.778409415,3.346655797,1.007291451,1.155854663,1.005403109,1.056183074,-1.243260249,-2.663210051,1.437245873,3.258260776,3.192864672,1.732703467,1.407680424,-0.447,-0.28,-0.447,-0.391333333,-2.651012958,3.178131487,-2.653872577,3.181619395
508,Li0.67__P0Co-P1Co-P2Fe-P3Fe-P4Co-P5Co__P6Co-P7Ni-P8Mn,Fe,2.804941035,1-2-3-7-8-Co-Fe-Fe-Ni-Mn,-110.5040995,-0.15818321,0,-0.15818321,-0.15818321,0.67,7.788721833,3.576860637,1.478359805,79,160,384.0000026,168.0000026,156.0000026,109.2000018,110.4587466,45.5412534,13.07083172,10.28961306,1.900137788,1.869324908,1.859980967,1.876481221,8.349,7.357,7.34,7.682,4.95,18.096,27.996,12.27581423,7.914406581,4.361407654,60.76528046,4.118603891,2.635367114,1.56,1.61,1.61,4.78,1.593333333,-1.44414584,-2.469994664,1.374144101,3.038037476,2.925427156,-1.701026555,-3.566557196,1.166423603,3.433312874,3.198481438,-1.472718399,-3.442742591,1.239308286,3.418085448,3.232792866,-3.120240361,-4.20625048,1.549874077,2.962057151,2.907242694,2.0010237,3.99216533,3.188778562,3.455586697,2.428991517,3.248969616,2.373719513,7.88101,51,55,59,7.9024681,58,62,66,7.9024681,58,62,66,7.8953154,2.48314856,3.778409415,3.778409415,3.346655797,1.147222396,0.97803151,0.918884896,1.014712934,-1.539296931,-3.159764817,1.259958663,3.296478599,3.118900487,1.58094343,1.046485663,-0.28,-0.447,-0.447,-0.391333333,-3.092655412,3.099775209,-3.115929759,3.105934497
509,Li0.67__P0Co-P1Fe-P2Fe-P3Fe-P4Co-P5Co__P6Co-P7Ni-P8Mn,Fe,2.76107817,1-2-3-7-8-Fe-Fe-Fe-Ni-Mn,-111.1873102,-0.22428855,0,-0.22428855,-0.22428855,0.67,7.697722858,2.323562684,1.46941127,78,159,382.0000006,166.0000006,154.0000006,107.8000004,111.1524043,42.84759571,8.602589169,8.100781506,1.87730228,1.885873936,1.881399383,1.881525199,7.338,7.351,7.347,7.345333333,4.966,17.07,27.002,11.71179999,7.918071768,3.793728224,58.16079876,3.895703525,2.636013257,1.61,1.61,1.61,4.83,1.61,-1.78879614,-3.551232823,1.114625049,3.414658286,3.184073908,-1.161167727,-2.661730684,1.415813011,3.296280323,3.272403783,-1.067610937,-2.841021085,1.335013117,3.30617366,3.32123802,-3.209285377,-4.313875763,1.60320177,2.984996827,2.916412331,1.918926584,3.498703587,2.55626354,3.531521854,2.610106003,3.20386255,2.37470374,7.9024681,58,62,66,7.9024681,58,62,66,7.9024681,58,62,66,7.9024681,3.778409415,3.778409415,3.778409415,3.778409415,0.963449871,1.037084755,0.972859948,0.991131525,-1.339191601,-3.017994864,1.288483726,3.339037423,3.25923857,1.870093776,1.295880899,-0.447,-0.447,-0.447,-0.447,-3.010490501,3.259049323,-3.00861205,3.259760815
510,Li0.67__P0Co-P1Al-P2Co-P3Co-P4Co-P5Co__P6Co-P7Ni-P8Mn,Al,3.198958165,1-2-3-7-8-Al-Co-Co-Ni-Mn,-117.5992547,-0.20252763,0,-0.20252763,-0.20252763,0.67,6.641629706,0.736920152,0.539891743,67,148,375.9999998,159.9999998,147.9999998,103.5999999,105.7081438,42.29185624,10.22790538,6.512877095,1.888066311,1.854418387,1.85639337,1.866292689,0.709,8.359,8.361,5.809666667,4.992,12.437,22.421,9.387023801,8.025009318,1.362014482,46.86002281,4.320630797,2.688423236,1.83,1.56,1.56,4.95,1.65,-3.63192861,-6.231712978,6.877471125,7.203865193,5.331199691,-1.440121598,-2.553386601,1.445558687,3.124043266,2.971229352,-1.523067885,-2.609260747,1.422382301,3.120802389,2.951276645,-2.650084378,-3.539285189,2.291570124,2.447556748,2.957427043,2.059650508,0,0,3.981092751,3.098607793,4.086565655,3.088577555,5.985769,56.8,57.8,58.8,7.88101,51,55,59,7.88101,51,55,59,7.249263,6.91638435,2.48314856,2.48314856,3.960893823,0.040872379,1.154715591,1.159298925,0.784962298,-2.198372698,-3.798120108,3.248470704,4.482903616,3.75123523,0.45171168,-0.258834919,-1.676,-0.28,-0.28,-0.745333333,-2.745082025,3.067412012,-2.644735696,3.002367345
511,Li0.67__P0Co-P1Co-P2Al-P3Co-P4Co-P5Co__P6Co-P7Ni-P8Mn,Al,3.16095935,1-2-3-7-8-Co-Al-Co-Ni-Mn,-117.5673145,-0.2745889,0,-0.2745889,-0.2745889,0.67,6.506669392,0.181179071,0.520056632,67,148,376.0000011,160.0000011,148.0000011,103.6000008,105.4928073,42.5071927,10.41102349,6.394500845,1.855999529,1.883826863,1.849078663,1.862968352,8.363,0.709,8.354,5.808666667,4.993,12.433,22.419,9.40021511,8.040914238,1.359300872,46.93527404,4.325675161,2.693691536,1.56,1.83,1.56,4.95,1.65,-1.496906549,-2.531470136,1.48440941,3.106131923,2.942468736,-3.608660476,-6.185081,7.172253361,7.227316182,5.347880084,-1.337604735,-2.436414604,1.528954502,3.115281633,2.974673398,-2.590416952,-3.502504492,2.40037378,2.315828052,2.994322772,2.06933309,4.104514078,3.18298831,0,0,3.976253157,3.09769208,7.88101,51,55,59,5.985769,56.8,57.8,58.8,7.88101,51,55,59,7.249263,2.48314856,6.91638435,2.48314856,3.960893823,1.170560753,0.04183899,1.171651075,0.794683606,-2.14772392,-3.717655247,3.395205757,4.482909913,3.755007406,0.442693032,-0.215150754,-0.28,-1.676,-0.28,-0.745333333,-2.65095745,3.065795463,-2.548873906,3.0005097
512,Li0.67__P0Co-P1Co-P2Co-P3Al-P4Co-P5Co__P6Co-P7Ni-P8Mn,Al,3.094824875,1-2-3-7-8-Co-Co-Al-Ni-Mn,-117.5164367,-0.31759565,0.0094,-0.3269,-0.3175,0.67,6.653678567,0.380096407,0.467434173,67,148,376.0000029,160.0000029,148.0000029,103.600002,106.5700249,41.42997514,9.61895849,6.006045612,1.856473909,1.845776504,1.884736811,1.862329074,8.369,8.348,0.709,5.808666667,4.995,12.431,22.421,9.406946014,8.047000075,1.359945939,46.98769534,4.328954352,2.69565399,1.56,1.56,1.83,4.95,1.65,-1.297100838,-2.404406361,1.580407306,3.12473288,2.978856063,-1.356376836,-2.465888365,1.519810158,3.116536336,2.962662359,-3.574700364,-6.168027491,7.041752074,7.215894213,5.33679546,-2.575026565,-3.503595881,2.367870301,2.257526565,2.991597009,2.048565833,4.037323926,3.048422355,3.97345233,3.104951749,0,0,7.88101,51,55,59,7.88101,51,55,59,5.985769,56.8,57.8,58.8,7.249263,2.48314856,2.48314856,6.91638435,3.960893823,1.16857038,1.172730163,0.041828717,0.79437642,-2.076059346,-3.679440739,3.380656513,4.485721143,3.75943796,0.498967219,-0.175844858,-0.28,-0.28,-1.676,-0.745333333,-2.603927902,3.07777472,-2.500720584,3.012273778
513,Li0.67__P0Co-P1Al-P2Al-P3Co-P4Co-P5Co__P6Co-P7Ni-P8Mn,Al,2.989353715,1-2-3-7-8-Al-Al-Co-Ni-Mn,-125.9475625,-0.66215698,0,-0.66215698,-0.66215698,0.67,6.841093185,0.228709208,0.149011776,53,134,363.9999999,147.9999999,135.9999999,95.19999993,95.44547588,40.55452412,4.5353838,4.426406381,1.854554884,1.847292817,1.855211964,1.852353221,0.713,0.71,8.342,3.255,5.067,4.698,14.832,5.265326284,8.206349061,-2.941022777,26.67940828,3.847400195,2.732222934,1.83,1.83,1.56,5.22,1.74,-1.584668464,-5.946161705,8.270536286,8.04785232,5.322296152,-1.563107059,-5.970678341,8.181191336,8.044785626,5.314963369,-1.27528386,-2.427306753,1.622897898,3.133918611,2.933578097,-1.972385264,-2.889068507,4.307155122,1.310228284,3.326834734,2.02260321,0,0,0,0,4.002890877,3.017338359,5.985769,56.8,57.8,58.8,5.985769,56.8,57.8,58.8,7.88101,51,55,59,6.617516,6.91638435,6.91638435,2.48314856,5.438639087,0.041919078,0.041903983,1.170646218,0.418156426,-1.474353128,-4.781382266,6.024875173,6.408852186,4.523612539,0.498032136,-1.892313759,-1.676,-1.676,-0.28,-1.210666667,-2.984356785,3.309834168,-2.663253972,3.092946197
514,Li0.67__P0Co-P1Al-P2Co-P3Al-P4Co-P5Co__P6Co-P7Ni-P8Mn,Al,3.014376985,1-2-3-7-8-Al-Co-Al-Ni-Mn,-125.9038016,-0.3418837,0,-0.3418837,-0.3418837,0.67,6.973592902,0.653542248,0.251948985,53,134,364.0000047,148.0000047,136.0000047,95.20000329,93.51533102,42.48466898,8.17033828,5.869706324,1.851470313,1.857513318,1.847178136,1.852053922,0.713,8.327,0.711,3.250333333,5.067,4.684,14.818,5.252885776,8.207687384,-2.954801608,26.61637223,3.822955084,2.729801899,1.83,1.56,1.83,5.22,1.74,-1.564183991,-6.009444541,8.417886216,8.097441187,5.325503634,-1.492198147,-2.686990114,1.425770737,3.149636191,2.928250797,-1.355611914,-6.05251132,8.361582679,8.152730561,5.309593571,-2.093949779,-3.018677482,4.194165689,1.752066079,3.335155241,2.017781656,0,0,3.977390506,2.996249015,0,0,5.985769,56.8,57.8,58.8,7.88101,51,55,59,5.985769,56.8,57.8,58.8,6.617516,6.91638435,2.48314856,6.91638435,5.438639087,0.04167521,1.172218768,0.04170021,0.418531396,-1.470664684,-4.916315325,6.06841321,6.466602646,4.521116001,0.623285095,-1.897637843,-1.676,-0.28,-1.676,-1.210666667,-3.230311845,3.316470571,-2.909041896,3.08690756
515,Li0.67__P0Co-P1Co-P2Al-P3Al-P4Co-P5Co__P6Co-P7Ni-P8Mn,Al,2.920101055,1-2-3-7-8-Co-Al-Al-Ni-Mn,-125.7820968,-0.44291314,0,-0.44291314,-0.44291314,0.67,6.570711417,0.132950509,0.210415249,53,134,364.0000027,148.0000027,136.0000027,95.20000189,85.1053406,50.8946594,11.00543403,10.16003682,1.860968972,1.839423312,1.839186104,1.846526129,8.353,0.715,0.715,3.261,5.073,4.71,14.856,5.26598961,8.242214142,-2.976224532,26.71436529,3.857708838,2.732011686,1.56,1.83,1.83,5.22,1.74,-1.439500678,-2.470452749,1.607690982,3.122774267,2.920472336,-1.357461139,-5.993888059,8.432446225,8.111030163,5.291295471,-1.408326699,-5.968552427,8.389260618,8.065102612,5.288367376,-2.314178197,-3.138087101,4.677065897,1.871265057,3.284781589,2.020258454,4.101773759,3.243203196,0,0,0,0,7.88101,51,55,59,5.985769,56.8,57.8,58.8,5.985769,56.8,57.8,58.8,6.617516,2.48314856,6.91638435,6.91638435,5.438639087,1.163817994,0.041667478,0.041684513,0.415723328,-1.401762839,-4.810964411,6.143132609,6.432969014,4.500045061,0.912415358,-1.67287731,-0.28,-1.676,-1.676,-1.210666667,-3.010138599,3.28469792,-2.705087361,3.078823463
516,Li0.67__P0Co-P1Al-P2Al-P3Al-P4Co-P5Co__P6Co-P7Ni-P8Mn,Al,2.684317475,1-2-3-7-8-Al-Al-Al-Ni-Mn,-134.3303181,-0.59349091,0,-0.59349091,-0.59349091,0.67,7.040566428,0.006016104,0,39,120,351.9999997,135.9999997,123.9999997,86.79999979,81.84361654,42.15638346,8.39729436,4.429033962,1.821786485,1.816822157,1.816046995,1.818218546,0.714,0.711,0.713,0.712666667,5.161,-3.023,7.299,1.175876623,8.515494625,-7.339618002,6.068699253,0.391960197,2.83904815,1.83,1.83,1.83,5.49,1.83,0.145318516,-5.922266865,9.221915911,8.567374438,5.286116666,0.538309195,-5.774124303,9.321463606,8.524310787,5.241047196,0.463483991,-5.74767723,9.234391411,8.477867797,5.251177336,-1.795758047,-2.669224269,8.047671484,1.202267137,3.581146554,1.93013734,0,0,0,0,0,0,5.985769,56.8,57.8,58.8,5.985769,56.8,57.8,58.8,5.985769,56.8,57.8,58.8,5.985769,6.91638435,6.91638435,6.91638435,6.91638435,0.042168026,0.04196824,0.042044206,0.042060157,0.382370567,-5.814689466,9.259256976,8.523184341,5.259447066,2.178128614,-3.145465197,-1.676,-1.676,-1.676,-1.676,-5.814688825,5.259455702,-5.814819453,5.259484314
517,Li1.00__P0Co-P1Ga-P2Co-P3Co-P4Co-P5Co__P6Co-P7Co-P8Co,Ga,4.04059633,1-2-3-Ga-Co-Co,-125.6252035,2.68526673,0.9156,2.4574,3.373,1,5.565580914,0.0000211,0.88806136,85,166,384.0000031,168.0000031,150.0000031,105.0000022,111.8536796,38.14632037,0.0000548,7.080808294,2.026595018,2.003291256,1.954054679,1.994646985,2.684,8.292,8.372,6.449333333,5.022,14.326,24.37,9.748001993,7.55496342,2.193038573,48.95446601,3.849788172,2.531008902,1.63,1.56,1.56,4.75,1.583333333,-7.196236246,-7.607502599,3.678865858,5.874736851,5.569186775,-1.454307543,-2.355819682,1.070842071,2.883983634,2.856181241,-1.395320219,-2.350600022,1.296153188,2.985597074,2.923621351,-3.621367609,-4.40732346,2.318738908,6.994367609,2.746075599,1.703252507,3.805576308,3.381027823,3.850027716,3.353598074,0,0,5.999302,47,50,53,7.88101,51,55,59,7.88101,51,55,59,7.253774,4.596923115,2.48314856,2.48314856,3.187740078,0.058445652,0.357369565,0.371820048,0.262545089,-3.348621336,-4.104640768,2.015287039,3.914772519,3.782996456,0.272746273,0.302682693,-0.549,-0.28,-0.28,-0.369666667,-3.012521827,3.226245789,-2.743051275,3.089333527
518,Li1.00__P0Co-P1Co-P2Ga-P3Co-P4Co-P5Co__P6Co-P7Co-P8Co,Ga,4.504588225,1-2-3-Co-Ga-Co,-126.0993509,2.72115785,0.9173,2.5027,3.42,1,5.555316071,0.0000662,0.831732942,85,166,384.0000025,168.0000025,150.0000025,105.0000018,111.7476953,38.25230468,0.000460907,7.070463139,1.994252143,2.024118931,1.955686058,1.991352377,8.337,2.63,8.355,6.440666667,5.023,14.299,24.345,9.75200335,7.56872037,2.18328298,48.98431283,3.865843958,2.535986438,1.56,1.63,1.56,4.75,1.583333333,-1.457685664,-2.379176531,1.147638842,2.923643521,2.876447435,-7.287489933,-7.720546997,3.676881122,5.815526033,5.482311907,-1.399251049,-2.33881695,1.253371193,2.947526378,2.886915608,-3.679944927,-4.495283356,2.364768301,7.099944927,2.789144286,1.69626625,0,0,3.816742154,3.361819493,3.819408563,3.372999691,7.88101,51,55,59,5.999302,47,50,53,7.88101,51,55,59,7.253774,2.48314856,4.596923115,2.48314856,3.187740078,0.364991041,0.06421937,0.372401453,0.267203955,-3.381475549,-4.146180159,2.025963719,3.895565311,3.748558317,0.298469378,0.349103196,-0.28,-0.549,-0.28,-0.369666667,-3.019460398,3.202071537,-2.788338991,3.090073687
519,Li1.00__P0Co-P1Co-P2Co-P3Ga-P4Co-P5Co__P6Co-P7Co-P8Co,Ga,4.021368435,1-2-3-Co-Co-Ga,-125.3843642,2.66035217,0.9201,2.4304,3.3505,1,5.531298019,0.00002,0.861934217,85,166,384.0000033,168.0000033,150.0000033,105.0000023,111.876418,38.123582,0.000096,7.104644836,1.982120986,1.987450354,2.034976421,2.00151592,8.348,8.276,2.704,6.442666667,5.014,14.314,24.342,9.704541574,7.516354424,2.18818715,48.65857145,3.827529408,2.518372423,1.56,1.56,1.63,4.75,1.583333333,-1.421610495,-2.35712398,1.215035342,2.949937021,2.898550118,-1.443913885,-2.338512261,1.059011911,2.850877982,2.818192481,-7.077334739,-7.484229615,3.665626497,5.908982434,5.616293318,-3.468146432,-4.247526208,2.465072053,6.818646432,2.760901827,1.72675392,3.786777396,3.393668115,0,0,3.840134701,3.362044183,7.88101,51,55,59,7.88101,51,55,59,5.999302,47,50,53,7.253774,2.48314856,2.48314856,4.596923115,3.187740078,0.36641138,0.366184019,0.052083293,0.261559564,-3.314286373,-4.059955286,1.97989125,3.903265812,3.777678639,0.153860059,0.187570922,-0.28,-0.28,-0.549,-0.369666667,-2.995278822,3.206066677,-2.688751732,3.041440876
520,Li1.00__P0Co-P1Ga-P2Ga-P3Co-P4Co-P5Co__P6Co-P7Co-P8Co,Ga,4.644143945,1-2-3-Ga-Ga-Co,-129.3783101,2.55118604,0.9312,2.3166,3.2478,1,4.363145541,0.00000818,0.36554321,89,170,372.000003,156.000003,138.000003,96.6000021,102.4523385,35.54766152,0.000111303,5.763414202,2.064719913,2.051297069,1.964184448,2.02673381,2.66,2.607,8.347,4.538,5.031,8.583,18.645,6.808326933,7.450613064,-0.641798634,34.2526928,3.182702099,2.519406873,1.63,1.63,1.56,4.82,1.606666667,-5.101359776,-7.580462282,6.125805918,7.306433739,5.542128413,-5.347887287,-7.678527136,6.032921455,7.186636422,5.458597534,-1.390041126,-2.334496156,1.266690574,2.944080137,2.872031349,-3.410377368,-4.364074521,3.536755383,6.658177368,3.087264046,1.680740934,0,0,3.818000438,3.362335525,0,0,5.999302,47,50,53,5.999302,47,50,53,7.88101,51,55,59,6.626538,4.596923115,4.596923115,2.48314856,3.892331597,0.063948995,0.064550251,0.381008794,0.169836013,-3.946429396,-5.864495191,4.475139316,5.812383433,4.624252432,-0.536052028,-1.50042067,-0.549,-0.549,-0.28,-0.459333333,-4.236334293,3.816278385,-3.669966355,3.5348541
521,Li1.00__P0Co-P1Ga-P2Co-P3Ga-P4Co-P5Co__P6Co-P7Co-P8Co,Ga,4.359107785,1-2-3-Ga-Co-Ga,-128.5720764,2.48225417,0.8889,2.2562,3.1451,1,4.355995311,0.000000238,0.398035986,89,170,372.000003,156.000003,138.000003,96.6000021,102.5306364,35.46936355,0.00000386,5.774841519,2.035919231,2.021150304,2.035321298,2.030796944,2.669,8.256,2.696,4.540333333,5.024,8.597,18.645,6.720364918,7.421800937,-0.701436019,33.76311335,3.077564981,2.479281764,1.63,1.56,1.63,4.82,1.606666667,-5.297634022,-7.521256852,6.179832636,7.189290315,5.552173634,-1.452563392,-2.341720616,1.027920334,2.823636997,2.781276136,-5.390043599,-7.440032041,6.121301447,7.115962465,5.6068811,-3.231596629,-4.142339629,3.711079256,6.376696629,3.060535613,1.703223417,3.773474269,3.395866843,0,0,0,0,5.999302,47,50,53,7.88101,51,55,59,5.999302,47,50,53,6.626538,4.596923115,2.48314856,4.596923115,3.892331597,0.060382872,0.375357683,0.055974811,0.163905122,-4.046747004,-5.767669836,4.443018139,5.709629926,4.646776957,-0.815150375,-1.625330207,-0.549,-0.28,-0.549,-0.459333333,-4.212325765,3.799931868,-3.558140383,3.443198611
522,Li1.00__P0Co-P1Co-P2Ga-P3Ga-P4Co-P5Co__P6Co-P7Co-P8Co,Ga,4.670884635,1-2-3-Co-Ga-Ga,-129.2172772,2.53700996,0.9049,2.3177,3.2226,1,4.392895879,0.0000309,0.418026813,89,170,372.0000024,156.0000024,138.0000024,96.60000168,102.3330239,35.66697613,0.000150614,5.978144567,2.028683626,2.024411338,2.040936684,2.031343882,8.321,2.593,2.68,4.531333333,5.027,8.567,18.621,6.695169311,7.424237271,-0.72857399,33.65661612,3.089747862,2.476171529,1.56,1.63,1.63,4.82,1.606666667,-1.463004335,-2.382737517,1.131618163,2.902944184,2.845025656,-5.212348944,-7.58205214,6.089450144,7.169289368,5.42009028,-5.293219323,-7.444388034,6.081152061,7.13468127,5.570060013,-3.300193783,-4.230000806,3.771585107,6.522793783,3.092742103,1.695751907,0,0,0,0,3.826655109,3.372596756,7.88101,51,55,59,5.999302,47,50,53,5.999302,47,50,53,6.626538,2.48314856,4.596923115,4.596923115,3.892331597,0.374256675,0.063155668,0.060527456,0.165979933,-3.989524201,-5.80305923,4.434073456,5.735638274,4.611725316,-0.689330417,-1.573058425,-0.28,-0.549,-0.549,-0.459333333,-4.233457111,3.801524212,-3.657459915,3.502874904
523,Li1.00__P0Co-P1Ga-P2Ga-P3Ga-P4Co-P5Co__P6Co-P7Co-P8Co,Ga,5.12157659,1-2-3-Ga-Ga-Ga,-132.4808419,2.36906975,0.9027,2.1454,3.0481,1,3.26105197,0.00000101,0,93,174,360.0000023,144.0000023,126.0000023,88.20000161,92.89108675,33.10891325,0.0000847,4.78852567,2.088909716,2.05877319,2.043285679,2.063656195,2.642,2.573,2.674,2.629666667,5.033,2.856,12.922,3.823703281,7.317240228,-3.494015665,19.24469861,1.274839461,2.439105569,1.63,1.63,1.63,4.89,1.63,-3.378195259,-7.510527108,6.580578969,7.945160932,5.521499101,-3.220886645,-7.54520808,6.613032936,7.95039583,5.401561533,-3.648029943,-7.41121024,6.639195158,7.858002302,5.562014622,-2.967352301,-4.149907101,5.035275002,6.015452301,3.500759063,1.696395965,0,0,0,0,0,0,5.999302,47,50,53,5.999302,47,50,53,5.999302,47,50,53,5.999302,4.596923115,4.596923115,4.596923115,4.596923115,0.063726923,0.064056923,0.062232308,0.063338718,-3.415703949,-7.488981809,6.610935688,7.917853021,5.495025086,-0.448351647,-3.339074708,-0.549,-0.549,-0.549,-0.549,-7.48836452,5.495881413,-7.489691187,5.494335846
524,Li0.89__P0Co-P1Ga-P2Co-P3Co-P4Co-P5Co__P6Co-P7Co-P8Co,Ga,3.779591615,1-2-3-Ga-Co-Co,-121.8576924,1.83420603,0,1.83420603,1.83420603,0.89,5.328290354,0.205031635,0.565791643,85,166,382.0000025,166.0000025,150.0000025,105.0000018,113.0195566,36.98044343,1.550677764,5.280822335,2.027364118,1.997962892,1.938396392,1.9879078,2.655,8.314,8.383,6.450666667,5.008,14.344,24.36,9.7955295,7.560334494,2.235195005,49.05601173,3.884003328,2.535913002,1.63,1.56,1.56,4.75,1.583333333,-6.183385434,-7.133429667,5.115782367,6.332030732,5.598716827,-1.196389571,-2.146898093,1.412714202,2.937686317,2.88554044,-1.194515376,-2.194246118,1.555857962,3.035734524,2.956014753,-3.10745633,-3.981090415,2.855723209,4.94166236,2.865025944,1.711515625,3.855515597,3.298358402,3.895975732,3.272367611,0,0,5.999302,47,50,53,7.88101,51,55,59,7.88101,51,55,59,7.253774,4.596923115,2.48314856,2.48314856,3.187740078,0.06350525,0.3880875,0.40051,0.28403425,-2.858096794,-3.824857959,2.694784844,4.101817191,3.813424007,0.249359536,0.156232455,-0.549,-0.28,-0.28,-0.369666667,-2.77793307,3.248512433,-2.540787553,3.120871932
525,Li0.89__P0Co-P1Co-P2Ga-P3Co-P4Co-P5Co__P6Co-P7Co-P8Co,Ga,4.0096861,1-2-3-Co-Ga-Co,-122.1892218,1.86372499,0,1.86372499,1.86372499,0.89,5.321322151,0.207049765,0.56626858,85,166,382.000001,166.000001,150.000001,105.0000007,113.0879406,36.91205944,1.511421182,5.39468297,1.996427058,2.011894338,1.940272367,1.982864588,8.333,2.644,8.355,6.444,5.011,14.321,24.343,9.79423745,7.583298575,2.210938875,49.07892386,3.883655401,2.539653814,1.56,1.63,1.56,4.75,1.583333333,-1.282687962,-2.258763179,1.393262217,2.97602119,2.905188468,-6.361394866,-7.216793693,5.341638872,6.245575087,5.546101594,-1.128448856,-2.096827066,1.555332949,2.974343548,2.903130544,-3.151909052,-4.030143318,2.853393327,5.015634042,2.876633035,1.712929621,0,0,3.841743456,3.331422055,3.90988058,3.246680514,7.88101,51,55,59,5.999302,47,50,53,7.88101,51,55,59,7.253774,2.48314856,4.596923115,2.48314856,3.187740078,0.401010474,0.064518454,0.393126185,0.286218371,-2.924177228,-3.857461313,2.763411346,4.065313275,3.784806869,0.227731824,0.172682005,-0.28,-0.549,-0.28,-0.369666667,-2.791666067,3.226156286,-2.557163705,3.10268174
526,Li0.89__P0Co-P1Co-P2Co-P3Ga-P4Co-P5Co__P6Co-P7Co-P8Co,Ga,3.617401825,1-2-3-Co-Co-Ga,-121.6709984,1.83784263,0.0394,1.8006,1.84,0.89,5.293594559,0.211107703,0.564696249,85,166,382.0000038,166.0000038,150.0000038,105.0000027,113.0826873,36.9173127,1.450306575,5.473648249,1.982218718,1.973307005,2.010981139,1.988835621,8.347,8.295,2.709,6.450333333,5.005,14.346,24.356,9.761644954,7.550134697,2.211510257,48.857033,3.852642148,2.525486525,1.56,1.56,1.63,4.75,1.583333333,-1.301223909,-2.29474844,1.417644324,3.007461932,2.92795432,-1.145761143,-2.076264557,1.427589846,2.891238624,2.837799044,-6.265482071,-7.180844495,5.397333584,6.364093407,5.637859958,-3.029968654,-3.878989731,2.919647532,4.869968654,2.862641927,1.74257405,3.824362076,3.340958472,0,0,3.918021926,3.241598787,7.88101,51,55,59,7.88101,51,55,59,5.999302,47,50,53,7.253774,2.48314856,2.48314856,4.596923115,3.187740078,0.41104,0.3877435,0.065699,0.288160833,-2.904155708,-3.850619164,2.747522585,4.087597988,3.801204441,0.125812946,0.028370567,-0.28,-0.28,-0.549,-0.369666667,-2.80444599,3.224284455,-2.568086442,3.093464864
527,Li0.89__P0Co-P1Ga-P2Ga-P3Co-P4Co-P5Co__P6Co-P7Co-P8Co,Ga,3.85794879,1-2-3-Ga-Ga-Co,-125.3589908,1.57318184,0,1.57318184,1.57318184,0.89,4.227934112,0.083805501,0.207228939,89,170,370.0000023,154.0000023,138.0000023,96.60000161,103.7908595,34.20914047,1.367567354,3.850850571,2.055209433,2.040071348,1.952312253,2.015864344,2.627,2.621,8.351,4.533,5.018,8.581,18.617,6.839976018,7.471603774,-0.631137577,34.32299966,3.217477053,2.527960214,1.63,1.63,1.56,4.82,1.606666667,-3.516474826,-7.046055654,6.896035132,7.783719377,5.567989837,-3.644129244,-7.080264994,7.002855479,7.753647733,5.521396545,-1.050968426,-2.030741078,1.649676397,2.98031557,2.891592895,-2.731062214,-3.807455026,4.296706999,4.304244054,3.262341876,1.692364679,0,0,3.853938553,3.314686847,0,0,5.999302,47,50,53,5.999302,47,50,53,7.88101,51,55,59,6.626538,4.596923115,4.596923115,2.48314856,3.892331597,0.063200256,0.064299231,0.404461282,0.177320256,-2.737190832,-5.385687242,5.182855669,6.172560893,4.660326425,-0.006128618,-1.578232216,-0.549,-0.549,-0.28,-0.459333333,-3.811103544,3.830216999,-3.236938429,3.527435506
528,Li0.89__P0Co-P1Ga-P2Co-P3Ga-P4Co-P5Co__P6Co-P7Co-P8Co,Ga,3.53097005,1-2-3-Ga-Co-Ga,-124.6356983,1.58425872,0,1.58425872,1.58425872,0.89,4.181354508,0.078794806,0.180568039,89,170,370.0000043,154.0000043,138.0000043,96.60000301,103.7238986,34.27610142,1.54733466,3.929614859,2.027359678,2.00974621,2.009300835,2.015468908,2.636,8.274,2.699,4.536333333,5.012,8.597,18.621,6.760404332,7.460428181,-0.700023849,33.88314651,3.12213618,2.49012423,1.63,1.56,1.63,4.82,1.606666667,-3.8028268,-7.004901767,6.881398405,7.665616128,5.576061697,-1.062693754,-1.995692231,1.497181049,2.875464023,2.809517096,-4.030672235,-7.036472208,6.973571822,7.641771243,5.623929055,-2.619031546,-3.643097309,4.41081122,4.203290266,3.221996487,1.713380993,3.819490607,3.327964148,0,0,0,0,5.999302,47,50,53,7.88101,51,55,59,5.999302,47,50,53,6.626538,4.596923115,2.48314856,4.596923115,3.892331597,0.063896154,0.397898974,0.066602821,0.17613265,-2.965397596,-5.345688735,5.117383758,6.060950465,4.669835949,-0.34636605,-1.702591426,-0.549,-0.28,-0.549,-0.459333333,-3.784235298,3.802777101,-3.236801113,3.498806929
529,Li0.89__P0Co-P1Co-P2Ga-P3Ga-P4Co-P5Co__P6Co-P7Co-P8Co,Ga,3.853874165,1-2-3-Co-Ga-Ga,-125.2805618,1.65392128,0.0381,1.625,1.6631,0.89,4.282763572,0.157197802,0.271123525,89,170,370,154,138,96.6,103.2798213,34.72017872,1.484290818,4.505725638,2.024939943,2.005472717,2.011837765,2.014083475,8.321,2.609,2.684,4.538,5.018,8.596,18.632,6.744301433,7.474488303,-0.73018687,33.84290459,3.110522436,2.48527373,1.56,1.63,1.63,4.82,1.606666667,-1.278896799,-2.262043022,1.404460682,2.970708739,2.880652558,-3.556835178,-7.030283614,7.001887961,7.729547064,5.486192654,-3.880138204,-7.030264893,6.947316475,7.664410918,5.588761988,-2.674846505,-3.712509184,4.453780315,4.337946505,3.257375737,1.720244773,0,0,0,0,3.912345296,3.240853058,7.88101,51,55,59,5.999302,47,50,53,5.999302,47,50,53,6.626538,2.48314856,4.596923115,4.596923115,3.892331597,0.417575192,0.063993606,0.065653708,0.182407502,-2.90529006,-5.440863843,5.117888373,6.121555574,4.651869067,-0.230443555,-1.728354659,-0.28,-0.549,-0.549,-0.459333333,-3.96796731,3.831369281,-3.391726746,3.510259947
530,Li0.89__P0Co-P1Ga-P2Ga-P3Ga-P4Co-P5Co__P6Co-P7Co-P8Co,Ga,4.040545765,1-2-3-Ga-Ga-Ga,-128.4398895,1.38414431,0,1.38414431,1.38414431,0.89,3.278791855,0.014090182,0,93,174,358.0000021,142.0000021,126.0000021,88.20000147,93.90014944,32.09985056,1.85375224,3.184565434,2.070070336,2.043655878,2.021500694,2.045075636,2.608,2.586,2.676,2.623333333,5.024,2.846,12.894,3.848525897,7.370592541,-3.521583569,19.33499411,1.283117099,2.457033343,1.63,1.63,1.63,4.89,1.63,-2.482364584,-6.964448117,7.15958129,8.05872762,5.544909435,-2.284062019,-6.894025004,7.319106721,8.054229601,5.45812105,-2.756891015,-6.916767453,7.31749278,8.02409418,5.574478252,-2.301402121,-3.561689274,5.768492351,3.685546431,3.611844731,1.709670784,0,0,0,0,0,0,5.999302,47,50,53,5.999302,47,50,53,5.999302,47,50,53,5.999302,4.596923115,4.596923115,4.596923115,4.596923115,0.063253403,0.063663874,0.06682801,0.064581763,-2.507772539,-6.925080191,7.265393597,8.0456838,5.525836245,-0.206370418,-3.363390918,-0.549,-0.549,-0.549,-0.549,-6.925079973,5.526238788,-6.924861027,5.52659023
531,Li0.78__P0Co-P1Ga-P2Co-P3Co-P4Co-P5Co__P6Co-P7Co-P8Co,Ga,3.366458645,1-2-3-Ga-Co-Co,-117.123095,0.87724148,0,0.87724148,0.87724148,0.78,5.454318597,0.526047129,0.462322975,85,166,380.0000038,164.0000038,150.0000038,105.0000027,112.729539,37.27046096,2.819790868,4.852677614,1.963727048,1.911633034,1.912529843,1.929296642,2.613,8.374,8.383,6.456666667,5.004,14.366,24.374,10.09438043,7.782302626,2.312077807,50.51227969,4.009929959,2.608654433,1.63,1.56,1.56,4.75,1.583333333,-4.713365502,-6.892334131,6.528212378,7.209071376,5.63721499,-1.245709686,-2.318936502,1.547830704,3.079665391,2.973647302,-1.201382047,-2.285255346,1.588814291,3.095063785,2.992393647,-2.702604711,-3.706287259,3.04782295,3.579846191,3.051619306,1.836232667,3.931504983,3.133279904,3.921320078,3.124717465,0,0,5.999302,47,50,53,7.88101,51,55,59,7.88101,51,55,59,7.253774,4.596923115,2.48314856,2.48314856,3.187740078,0.060725964,0.546936504,0.520960154,0.376207541,-2.386819078,-3.832175327,3.221619124,4.461266851,3.86775198,0.315785632,-0.125888068,-0.549,-0.28,-0.28,-0.369666667,-2.861665357,3.306548224,-2.549463017,3.125614675
532,Li0.78__P0Co-P1Co-P2Ga-P3Co-P4Co-P5Co__P6Co-P7Co-P8Co,Ga,3.1575138,1-2-3-Co-Ga-Co,-116.8288225,0.88325471,0,0.88325471,0.88325471,0.78,5.273171965,0.189180711,0.478247044,85,166,380.0000052,164.0000052,150.0000052,105.0000036,112.8432256,37.15677439,1.622280498,4.958825234,1.92161146,1.975474945,1.885261932,1.927449446,8.332,2.691,8.37,6.464333333,4.995,14.398,24.388,10.13784961,7.777385917,2.360463694,50.63855881,4.015197957,2.612687581,1.56,1.63,1.56,4.75,1.583333333,-1.312083841,-2.341826174,1.447617363,3.031876052,2.933227143,-4.962301345,-6.96191341,6.503785531,7.146095548,5.675831443,-1.238793386,-2.283384617,1.592668337,3.064246041,2.944728301,-2.644570846,-3.626054858,2.982606087,3.527825556,3.051130333,1.905517477,0,0,3.922461925,3.219393026,3.976779047,3.148642861,7.88101,51,55,59,5.999302,47,50,53,7.88101,51,55,59,7.253774,2.48314856,4.596923115,2.48314856,3.187740078,0.565045385,0.063986154,0.513134615,0.380722051,-2.504392857,-3.862374734,3.181357077,4.414072547,3.851262296,0.140177989,-0.236319876,-0.28,-0.549,-0.28,-0.369666667,-2.885332965,3.2761798,-2.574395863,3.092039714
533,Li0.78__P0Co-P1Co-P2Co-P3Ga-P4Co-P5Co__P6Co-P7Co-P8Co,Ga,3.11619863,1-2-3-Co-Co-Ga,-116.7690275,0.90660218,0,0.90660218,0.90660218,0.78,5.337173739,0.385080116,0.490597014,85,166,380.0000032,164.0000032,150.0000032,105.0000022,112.9845647,37.0154353,1.520656885,5.00272599,1.92691127,1.884020266,1.973037091,1.927989543,8.347,8.375,2.688,6.47,4.995,14.415,24.405,10.13945094,7.775106873,2.36434407,50.64655746,4.015039694,2.610691186,1.56,1.56,1.63,4.75,1.583333333,-1.336561997,-2.388182126,1.449176868,3.058187227,2.951453459,-1.20662867,-2.260686184,1.605762638,3.066913568,2.950695611,-4.743882528,-6.954679618,6.610568385,7.26623808,5.672244996,-2.614723542,-3.599162065,3.009533702,3.521325722,3.053348211,1.902484876,3.903385176,3.208745213,0,0,3.995876835,3.11222781,7.88101,51,55,59,7.88101,51,55,59,5.999302,47,50,53,7.253774,2.48314856,2.48314856,4.596923115,3.187740078,0.569443041,0.485475,0.063768557,0.372895533,-2.429024399,-3.867849309,3.221835964,4.463779625,3.858131356,0.185699144,-0.268687245,-0.28,-0.28,-0.549,-0.369666667,-2.895978813,3.287067329,-2.593157194,3.106218014
534,Li0.78__P0Co-P1Ga-P2Ga-P3Co-P4Co-P5Co__P6Co-P7Co-P8Co,Ga,3.071106745,1-2-3-Ga-Ga-Co,-119.9165497,0.50021316,0,0.50021316,0.50021316,0.78,4.177029184,0.32644495,0.170496276,89,170,368.0000025,152.0000025,138.0000025,96.60000175,103.1848832,34.81511684,3.259852776,3.884131774,1.97086982,1.975244693,1.903465726,1.94986008,2.584,2.665,8.358,4.535666667,5.02,8.587,18.627,7.047067244,7.724311648,-0.674616493,35.3692305,3.312300109,2.604050888,1.63,1.63,1.56,4.82,1.606666667,-1.882878235,-6.742451132,7.645292611,8.242811592,5.595094196,-2.263255542,-6.806533328,7.622986659,8.213098341,5.639032014,-1.290610705,-2.344952284,1.632266232,3.073217992,2.905307914,-2.230662813,-3.431556726,4.675103935,2.730875973,3.497348809,1.858375785,0,0,3.983824681,3.202849302,0,0,5.999302,47,50,53,5.999302,47,50,53,7.88101,51,55,59,6.626538,4.596923115,4.596923115,2.48314856,3.892331597,0.061768254,0.065792857,0.83787619,0.321812434,-1.812248161,-5.297978915,5.633515167,6.509709308,4.713144708,0.418414652,-1.866422189,-0.549,-0.549,-0.28,-0.459333333,-3.902957264,3.859124241,-2.930351241,3.263697756
535,Li0.78__P0Co-P1Ga-P2Co-P3Ga-P4Co-P5Co__P6Co-P7Co-P8Co,Ga,3.106826985,1-2-3-Ga-Co-Ga,-119.7343106,0.5816496,0,0.5816496,0.5816496,0.78,4.340839618,0.507751479,0.16260674,89,170,368.0000048,152.0000048,138.0000048,96.60000336,103.9263127,34.07368729,2.373501481,3.295404098,1.972847407,1.900410645,1.975927828,1.949728627,2.597,8.345,2.68,4.540666667,5.02,8.602,18.642,7.063852499,7.726658478,-0.66280598,35.46053954,3.29691807,2.606073025,1.63,1.56,1.63,4.82,1.606666667,-2.490850541,-6.744220065,7.487107611,8.090118087,5.614707566,-1.276202017,-2.383339469,1.513992286,3.059596041,2.912834896,-2.846210777,-6.855899489,7.42200759,8.067806888,5.656032743,-2.282885264,-3.446775561,4.520422369,2.864534864,3.434526262,1.853430971,3.919408085,3.083164545,0,0,0,0,5.999302,47,50,53,7.88101,51,55,59,5.999302,47,50,53,6.626538,4.596923115,2.48314856,4.596923115,3.892331597,0.061860471,0.763153403,0.066037696,0.29701719,-2.204421112,-5.327819674,5.474369162,6.405840339,4.727858402,0.078464153,-1.881044114,-0.549,-0.28,-0.549,-0.459333333,-3.965715475,3.8881877,-3.017560548,3.303714161
536,Li0.78__P0Co-P1Co-P2Ga-P3Ga-P4Co-P5Co__P6Co-P7Co-P8Co,Ga,2.862438855,1-2-3-Co-Ga-Ga,-119.6018267,0.59644624,0,0.59644624,0.59644624,0.78,4.226241322,0.327428538,0.200789931,89,170,368.0000039,152.0000039,138.0000039,96.60000273,103.6498544,34.3501456,3.126453578,3.889747255,1.951416384,1.951261234,1.951221886,1.951299834,8.305,2.678,2.679,4.554,5.008,8.654,18.67,7.00080208,7.699483064,-0.698168485,35.06001682,3.21954823,2.566423707,1.56,1.63,1.63,4.82,1.606666667,-1.275321198,-2.326484349,1.491277073,3.024958029,2.891514361,-2.42068159,-6.582842788,7.612282183,8.046523727,5.631609526,-2.421198815,-6.578507099,7.607416129,8.041836076,5.631017421,-1.937432403,-3.058631356,4.871540806,2.533878643,3.413771152,1.888914903,0,0,0,0,3.961930259,3.141457693,7.88101,51,55,59,5.999302,47,50,53,5.999302,47,50,53,6.626538,2.48314856,4.596923115,4.596923115,3.892331597,0.719636483,0.062959318,0.062924409,0.28184007,-2.039067201,-5.162611412,5.570325128,6.371105944,4.718047103,-0.101634798,-2.103980056,-0.28,-0.549,-0.549,-0.459333333,-3.855488164,3.876228954,-2.959861809,3.299424343
537,Li0.78__P0Co-P1Ga-P2Ga-P3Ga-P4Co-P5Co__P6Co-P7Co-P8Co,Ga,2.541134595,1-2-3-Ga-Ga-Ga,-122.7303842,0.23139372,0,0.23139372,0.23139372,0.78,3.277616851,0.005054678,0,93,174,356.0000012,140.0000012,126.0000012,88.20000084,93.36349774,32.63650226,3.549705557,3.013195546,1.971950405,1.9617877,1.963547426,1.965761844,2.558,2.655,2.676,2.629666667,5.037,2.852,12.926,4.012373427,7.687135063,-3.673745241,20.21032495,1.33786413,2.562456126,1.63,1.63,1.63,4.89,1.63,-0.632143246,-6.605027241,8.048750676,8.446892954,5.560847027,-1.08306733,-6.463419586,8.11874737,8.364570354,5.591697965,-1.310947035,-6.490802013,8.072729835,8.349606544,5.613834036,-1.657525235,-3.024766311,6.556978979,1.888918955,3.840110781,1.846997146,0,0,0,0,0,0,5.999302,47,50,53,5.999302,47,50,53,5.999302,47,50,53,5.999302,4.596923115,4.596923115,4.596923115,4.596923115,0.061859946,0.06593079,0.066279564,0.0646901,-1.008719204,-6.519749613,8.080075961,8.387023284,5.58879301,0.648806031,-3.494983303,-0.549,-0.549,-0.549,-0.549,-6.518928042,5.589081306,-6.517908795,5.589424211
538,Li0.67__P0Co-P1Ga-P2Co-P3Co-P4Co-P5Co__P6Co-P7Co-P8Co,Ga,3.031468325,1-2-3-Ga-Co-Co,-110.7623282,-0.31757267,0,-0.31757267,-0.31757267,0.67,5.469376367,0.8772808,0.508225031,85,166,378.0000023,162.0000023,150.0000023,105.0000016,112.6797801,37.32021989,4.417841471,4.962284335,1.953429417,1.856561625,1.857527383,1.889172808,2.622,8.368,8.378,6.456,4.963,14.405,24.331,10.35980849,7.885712672,2.474095819,51.41572954,4.121550158,2.656401214,1.63,1.56,1.56,4.75,1.583333333,-2.049773562,-6.788307021,7.675757862,8.320722814,5.704809201,-1.430153859,-2.559417054,1.486803068,3.137439712,2.971323788,-1.399486746,-2.534968918,1.528615215,3.149680407,2.984562061,-2.248654449,-3.473469113,3.102277388,1.931081779,3.347450106,2.057575782,3.957711719,3.117991258,4.017701395,3.051734743,0,0,5.999302,47,50,53,7.88101,51,55,59,7.88101,51,55,59,7.253774,4.596923115,2.48314856,2.48314856,3.187740078,0.065703723,1.159087766,1.158278191,0.79435656,-1.626471389,-3.960897665,3.563725382,4.869280977,3.88689835,0.622183061,-0.487428552,-0.549,-0.28,-0.28,-0.369666667,-3.06583593,3.311399774,-2.664129088,3.053123231
539,Li0.67__P0Co-P1Co-P2Ga-P3Co-P4Co-P5Co__P6Co-P7Co-P8Co,Ga,2.982525245,1-2-3-Co-Ga-Co,-110.7707777,-0.30728263,0,-0.30728263,-0.30728263,0.67,5.442261562,0.870385705,0.502151044,85,166,378.0000022,162.0000022,150.0000022,105.0000015,112.4792014,37.5207986,4.620259894,5.085252827,1.852294725,1.944968583,1.849870238,1.882377849,8.367,2.62,8.357,6.448,4.967,14.377,24.311,10.38177936,7.920360661,2.461418698,51.56629807,4.130224994,2.667480104,1.56,1.63,1.56,4.75,1.583333333,-1.383355084,-2.501132564,1.519487416,3.131582147,2.974156456,-2.243738425,-6.801763105,7.594779018,8.267004149,5.704017002,-1.440276774,-2.569373507,1.476439439,3.122751734,2.943324973,-2.279820236,-3.506201584,3.0993886,1.972537606,3.36450117,2.080971424,0,0,3.990296274,3.085575411,3.986292006,3.098046011,7.88101,51,55,59,5.999302,47,50,53,7.88101,51,55,59,7.253774,2.48314856,4.596923115,2.48314856,3.187740078,1.1539232,0.065616533,1.1700208,0.796520178,-1.689123428,-3.957423058,3.530235291,4.84044601,3.873832811,0.590696808,-0.451221475,-0.28,-0.549,-0.28,-0.369666667,-3.056267232,3.293964069,-2.652639832,3.034021234
540,Li0.67__P0Co-P1Co-P2Co-P3Ga-P4Co-P5Co__P6Co-P7Co-P8Co,Ga,3.05857662,1-2-3-Co-Co-Ga,-110.6754406,-0.23003966,0,-0.23003966,-0.23003966,0.67,5.107727575,0.022935398,0.492112284,85,166,378.0000044,162.0000044,150.0000044,105.0000031,109.9199357,40.08006429,1.683192798,7.828809594,1.855531665,1.842469155,1.942965154,1.880321991,8.388,8.349,2.623,6.453333333,4.968,14.392,24.328,10.40195487,7.930698055,2.471256811,51.67691177,4.144227478,2.671371887,1.56,1.56,1.63,4.75,1.583333333,-1.377657932,-2.458608127,1.566034658,3.158665039,3.013808284,-1.372775507,-2.398266149,1.602036663,3.104553989,2.944161176,-3.088037375,-6.853191056,7.312410887,8.007819675,5.719505135,-2.400632751,-3.538404485,3.051939907,2.170593091,3.287655104,2.102004207,4.042213918,3.251711236,0,0,4.043813841,3.135898966,7.88101,51,55,59,7.88101,51,55,59,5.999302,47,50,53,7.253774,2.48314856,2.48314856,4.596923115,3.187740078,1.164884282,1.183131436,0.065493767,0.804503162,-1.946156938,-3.903355111,3.493494069,4.757012901,3.892491532,0.454475813,-0.364950626,-0.28,-0.28,-0.549,-0.369666667,-2.960036243,3.308055477,-2.548280573,3.05308909
541,Li0.67__P0Co-P1Ga-P2Ga-P3Co-P4Co-P5Co__P6Co-P7Co-P8Co,Ga,2.806509115,1-2-3-Ga-Ga-Co,-113.3906339,-0.61509134,0,-0.61509134,-0.61509134,0.67,4.356574007,0.594548385,0.17184311,89,170,366.0000004,150.0000004,138.0000004,96.60000028,103.5720595,34.42794047,4.01567309,3.404572114,1.93434612,1.928162284,1.850191584,1.904233329,2.613,2.617,8.351,4.527,4.994,8.587,18.575,7.221703468,7.870961874,-0.649280262,36.06518712,3.385055532,2.6587051,1.63,1.63,1.56,4.82,1.606666667,-0.788823028,-6.610514174,8.201971175,8.549855503,5.685725626,-0.740764399,-6.693828448,8.151516849,8.574473392,5.672294819,-1.439796472,-2.62520538,1.519970655,3.156853607,2.934953281,-1.719669233,-3.093952156,4.745029953,1.104577893,3.716806427,2.035965778,0,0,4.038047219,2.975159481,0,0,5.999302,47,50,53,5.999302,47,50,53,7.88101,51,55,59,6.626538,4.596923115,4.596923115,2.48314856,3.892331597,0.063240496,0.063875758,1.159746832,0.428954362,-0.989794633,-5.309849334,5.95781956,6.760394168,4.764324575,0.7298746,-2.215897178,-0.549,-0.549,-0.28,-0.459333333,-4.063880426,3.915303715,-3.023009382,3.206007736
542,Li0.67__P0Co-P1Ga-P2Co-P3Ga-P4Co-P5Co__P6Co-P7Co-P8Co,Ga,2.70386713,1-2-3-Ga-Co-Ga,-113.2950264,-0.61044721,0,-0.61044721,-0.61044721,0.67,4.28038264,0.505894112,0.168792988,89,170,366.0000012,150.0000012,138.0000012,96.60000084,103.3543969,34.64560308,4.353088667,3.833642565,1.937011759,1.847435952,1.93012886,1.904858857,2.631,8.346,2.63,4.535666667,4.994,8.613,18.601,7.237952432,7.867220473,-0.6303024,36.13909649,3.391862946,2.659751033,1.63,1.56,1.63,4.82,1.606666667,-0.882852771,-6.563672893,8.239195811,8.54618037,5.701507632,-1.368042877,-2.517492047,1.576026752,3.140618151,2.928304088,-0.859568304,-6.55294711,8.222566109,8.538160579,5.693712275,-1.641528567,-2.975567555,4.735692309,1.031081357,3.665893741,2.045065765,3.973352851,3.093660222,0,0,0,0,5.999302,47,50,53,7.88101,51,55,59,5.999302,47,50,53,6.626538,4.596923115,2.48314856,4.596923115,3.892331597,0.064486538,1.161613187,0.065081044,0.43039359,-1.036821317,-5.211370683,6.012596224,6.741653033,4.774507998,0.604707249,-2.235803129,-0.549,-0.28,-0.549,-0.459333333,-3.957877054,3.915447494,-2.922978124,3.206196973
543,Li0.67__P0Co-P1Co-P2Ga-P3Ga-P4Co-P5Co__P6Co-P7Co-P8Co,Ga,2.677211065,1-2-3-Co-Ga-Ga,-113.2968917,-0.66574082,0,-0.66574082,-0.66574082,0.67,4.262362441,0.038474999,0.287461424,89,170,366.0000007,150.0000007,138.0000007,96.60000049,101.8737007,36.1262993,2.932469467,4.793499752,1.849481464,1.926288072,1.926317106,1.900695547,8.359,2.606,2.606,4.523666667,4.996,8.575,18.567,7.235815626,7.893173911,-0.663090269,36.17184232,3.393234479,2.664480742,1.56,1.63,1.63,4.82,1.606666667,-1.300489641,-2.390915265,1.711323615,3.177381275,3.005730928,-0.885875922,-6.506468225,8.082269962,8.421710744,5.674065546,-0.900624743,-6.493698121,8.085234977,8.416050024,5.674878676,-1.695940833,-2.961402345,4.829320521,1.030200013,3.598583389,2.054183403,0,0,0,0,4.010646945,3.187649135,7.88101,51,55,59,5.999302,47,50,53,5.999302,47,50,53,6.626538,2.48314856,4.596923115,4.596923115,3.892331597,1.101463014,0.061074795,0.061065205,0.407867671,-1.028996768,-5.130360537,5.959609518,6.671714014,4.784891717,0.666944065,-2.168958192,-0.28,-0.549,-0.549,-0.459333333,-3.85624989,3.9574077,-2.801092279,3.272124554
544,Li0.67__P0Co-P1Ga-P2Ga-P3Ga-P4Co-P5Co__P6Co-P7Co-P8Co,Ga,2.19114554,1-2-3-Ga-Ga-Ga,-115.8608183,-0.95188585,0,-0.95188585,-0.95188585,0.67,3.320130908,0.026863184,0,93,174,354.0000007,138.0000007,126.0000007,88.20000049,93.4252337,32.5747663,3.820505148,2.914928512,1.91233463,1.909904358,1.911261642,1.911166877,2.622,2.603,2.619,2.614666667,5.027,2.817,12.871,4.104816012,7.89099281,-3.786699347,20.63491009,1.368263268,2.630333884,1.63,1.63,1.63,4.89,1.63,0.214535001,-6.407335136,8.64293002,8.684801336,5.657326383,0.584829374,-6.20661088,8.731878431,8.579829586,5.616274615,0.379256039,-6.231991905,8.661994429,8.595200001,5.630711328,-1.085605969,-2.554809683,6.633756637,0.133720119,3.966605094,1.973390732,0,0,0,0,0,0,5.999302,47,50,53,5.999302,47,50,53,5.999302,47,50,53,5.999302,4.596923115,4.596923115,4.596923115,4.596923115,0.062335955,0.06102809,0.061948596,0.06177088,0.392873471,-6.281979307,8.678934293,8.619943641,5.634770775,1.47847944,-3.727169624,-0.549,-0.549,-0.549,-0.549,-6.281817865,5.634736112,-6.282615717,5.6349098
